document_id,document_name,sort_order,chunk_id,block_count,char_count,plain_chars,data_chars,html_chars,data_kb,plain_kb,html_kb,total_payload_kb
418feb2d-0819-472f-8ac8-4c9ca3858773,NewRichTextDocument1,0,ca02a336-0101-4f04-88ad-77356859e698,24,5754,5754,8820,6610,11.70,8.73,9.54,29.97
418feb2d-0819-472f-8ac8-4c9ca3858773,NewRichTextDocument1,1,90dd2b5b-38d0-4f6a-94c1-c175022745f0,24,7135,7135,10549,7758,13.76,10.46,11.03,35.25
418feb2d-0819-472f-8ac8-4c9ca3858773,NewRichTextDocument1,2,cead187b-c404-4eb9-934d-f7aa02f1d19a,24,9259,9259,12250,9656,18.13,15.23,15.60,48.96
418feb2d-0819-472f-8ac8-4c9ca3858773,NewRichTextDocument1,3,30bb03bd-b2fb-4f94-88f0-bd7073c5807e,24,7303,7303,10230,7695,14.32,11.48,11.85,37.65
418feb2d-0819-472f-8ac8-4c9ca3858773,NewRichTextDocument1,4,c3eefd8b-ac06-46de-b4c4-1260d2def3cb,24,4239,4239,6807,4469,9.53,7.03,7.25,23.81
418feb2d-0819-472f-8ac8-4c9ca3858773,NewRichTextDocument1,5,6db0b737-d108-4daa-8523-19b4a8acee3e,24,5657,5657,8606,6071,11.45,8.60,8.97,29.02
418feb2d-0819-472f-8ac8-4c9ca3858773,NewRichTextDocument1,6,e5a43aba-0bfd-42be-a0ae-58b977f4a4a1,24,4730,4730,7542,5084,10.06,7.33,7.66,25.04
418feb2d-0819-472f-8ac8-4c9ca3858773,NewRichTextDocument1,7,7b5dd797-b7cb-4e04-9182-ca1051ac76f6,24,4751,4751,7473,5058,10.06,7.41,7.70,25.18
418feb2d-0819-472f-8ac8-4c9ca3858773,NewRichTextDocument1,8,64e04149-18ca-4960-8120-0ca5d88195c1,24,4383,4383,6943,4619,9.85,7.36,7.58,24.79
418feb2d-0819-472f-8ac8-4c9ca3858773,NewRichTextDocument1,9,31048d87-9657-4d8c-93d2-01a267ff27f8,24,3697,3697,6299,3956,8.42,5.89,6.13,20.45
418feb2d-0819-472f-8ac8-4c9ca3858773,NewRichTextDocument1,10,0830a2df-50b8-4e4e-b32d-a0c253993f27,24,3823,3823,6450,4089,8.64,6.09,6.34,21.07
418feb2d-0819-472f-8ac8-4c9ca3858773,NewRichTextDocument1,11,dbbf1660-9277-4f71-a358-52b827746d54,24,4520,4520,7025,4725,10.13,7.69,7.88,25.71
418feb2d-0819-472f-8ac8-4c9ca3858773,NewRichTextDocument1,12,2825c46b-dd6f-462b-a445-a93ff997882d,24,6847,6847,9693,7183,14.01,11.25,11.56,36.83
418feb2d-0819-472f-8ac8-4c9ca3858773,NewRichTextDocument1,13,17db99bd-ae74-4726-9994-363b479f6a60,24,3804,3804,6184,3954,8.88,6.55,6.70,22.13
418feb2d-0819-472f-8ac8-4c9ca3858773,NewRichTextDocument1,14,7910c6bf-4181-4fe7-8b4d-342356066f11,24,4443,4443,6905,4628,10.07,7.67,7.84,25.58
418feb2d-0819-472f-8ac8-4c9ca3858773,NewRichTextDocument1,15,d7efee4f-cba3-4b25-829a-fdde816abb04,24,6836,6836,9523,7117,14.18,11.57,11.83,37.57
418feb2d-0819-472f-8ac8-4c9ca3858773,NewRichTextDocument1,16,d6e38137-b9e2-4c6c-864f-c9e1ac092eb0,24,4582,4582,7127,4809,10.07,7.59,7.80,25.45
418feb2d-0819-472f-8ac8-4c9ca3858773,NewRichTextDocument1,17,280aca8c-c9e3-4b80-bfcc-14474d28453a,24,6575,6575,9128,6792,13.67,11.19,11.39,36.25
418feb2d-0819-472f-8ac8-4c9ca3858773,NewRichTextDocument1,18,4210a27c-7ca7-4859-a430-44b1beb5bc50,24,3998,3998,6509,4215,9.23,6.79,6.99,23.02
418feb2d-0819-472f-8ac8-4c9ca3858773,NewRichTextDocument1,19,9142e5a6-49ce-4b2f-8145-f5b072a85fe6,24,2239,2239,4676,2423,6.17,3.80,3.97,13.94
418feb2d-0819-472f-8ac8-4c9ca3858773,NewRichTextDocument1,20,28a5aea3-cb97-4ea7-b8ce-4dc86731ab19,24,3535,3535,6002,3726,8.42,6.01,6.19,20.62
418feb2d-0819-472f-8ac8-4c9ca3858773,NewRichTextDocument1,21,c666b409-d7b8-4c43-beed-a4143c5d7ab8,24,6336,6336,9136,6677,12.93,10.21,10.53,33.67
418feb2d-0819-472f-8ac8-4c9ca3858773,NewRichTextDocument1,22,cb48344e-de88-4d76-9fac-6716a582ff38,24,3622,3622,6145,3838,8.49,6.04,6.24,20.77
418feb2d-0819-472f-8ac8-4c9ca3858773,NewRichTextDocument1,23,93f3ad57-7380-4609-a324-022e55d07e08,24,5295,5295,8181,5666,11.22,8.42,8.76,28.39
418feb2d-0819-472f-8ac8-4c9ca3858773,NewRichTextDocument1,24,497efa47-744d-4a94-8888-cf4f3b0608ca,24,4161,4161,6739,4404,9.22,6.71,6.94,22.87
418feb2d-0819-472f-8ac8-4c9ca3858773,NewRichTextDocument1,25,a6311419-4a47-405a-9b83-f49d9a189a00,24,4218,4218,6689,4408,9.48,7.07,7.25,23.81
418feb2d-0819-472f-8ac8-4c9ca3858773,NewRichTextDocument1,26,412be6a7-1ded-4007-b1c5-b461b9640cae,24,2576,2576,5101,2808,6.75,4.30,4.51,15.57
418feb2d-0819-472f-8ac8-4c9ca3858773,NewRichTextDocument1,27,8c8f76b5-0fbc-4fa5-bdfb-ceb17e09605d,24,6616,6616,9179,6837,13.70,11.20,11.42,36.32
418feb2d-0819-472f-8ac8-4c9ca3858773,NewRichTextDocument1,28,a116b69e-081c-4c4a-878a-1beaeb9d63ce,24,5931,5931,8546,6181,12.59,10.05,10.28,32.92
418feb2d-0819-472f-8ac8-4c9ca3858773,NewRichTextDocument1,29,42ec6c31-17ee-4ef5-90c2-386d8a015764,24,5202,5202,8767,5767,11.98,8.51,9.05,29.54
418feb2d-0819-472f-8ac8-4c9ca3858773,NewRichTextDocument1,30,073b08ed-93d1-44ed-b8bf-241461655c2b,24,2396,2396,4797,2568,6.49,4.15,4.31,14.95
418feb2d-0819-472f-8ac8-4c9ca3858773,NewRichTextDocument1,31,e641adb3-140d-4a80-85e9-a735151c6881,24,4445,4445,6927,4640,10.04,7.63,7.81,25.47
418feb2d-0819-472f-8ac8-4c9ca3858773,NewRichTextDocument1,32,cac52a3a-7073-44b7-9803-e930fe2ee98c,24,4653,4653,7300,4897,10.76,8.18,8.41,27.36
418feb2d-0819-472f-8ac8-4c9ca3858773,NewRichTextDocument1,33,dc0fbcf0-d045-413b-b269-2819fb08c732,24,3620,3620,6257,3883,8.58,6.01,6.26,20.85
418feb2d-0819-472f-8ac8-4c9ca3858773,NewRichTextDocument1,34,f4defa25-f730-4d86-bfbb-d737d6a73e6d,24,4028,4028,6575,4252,9.27,6.79,7.00,23.06
418feb2d-0819-472f-8ac8-4c9ca3858773,NewRichTextDocument1,35,e163c346-dc49-46d3-b91e-63ae90eeed81,24,5358,5358,7970,5593,11.46,8.92,9.14,29.53
418feb2d-0819-472f-8ac8-4c9ca3858773,NewRichTextDocument1,36,23905368-b4ed-49b7-b121-7f008e1e9c47,24,6755,6755,9539,7082,13.74,11.03,11.34,36.11
418feb2d-0819-472f-8ac8-4c9ca3858773,NewRichTextDocument1,37,d857e313-4e1f-45d4-a606-7eba3771119a,24,9858,9858,12606,10146,19.49,16.82,17.09,53.40
418feb2d-0819-472f-8ac8-4c9ca3858773,NewRichTextDocument1,38,bfe8ac54-a4c4-4b45-83b3-ebc61e628cae,24,8679,8679,11431,8976,17.26,14.59,14.87,46.72
418feb2d-0819-472f-8ac8-4c9ca3858773,NewRichTextDocument1,39,eb547df3-77f4-4f21-b97a-9f476b708ed3,24,3441,3441,5960,3658,7.99,5.54,5.75,19.28
418feb2d-0819-472f-8ac8-4c9ca3858773,NewRichTextDocument1,40,0f4acbe1-740f-4b79-9e17-bf5b30b7bca1,24,7333,7333,10257,7720,14.80,11.97,12.32,39.10
418feb2d-0819-472f-8ac8-4c9ca3858773,NewRichTextDocument1,41,2eb97117-67bc-4461-b4db-c7359baf274d,24,14231,14231,20552,16194,22.84,16.92,18.58,58.34
418feb2d-0819-472f-8ac8-4c9ca3858773,NewRichTextDocument1,42,fce69f2b-0d1a-44dc-9b40-45cb1ff1734a,24,6254,6254,9141,6634,12.33,9.53,9.89,31.75
418feb2d-0819-472f-8ac8-4c9ca3858773,NewRichTextDocument1,43,fc35cead-73c2-4796-aaa2-dd3dba452f77,24,4699,4699,7164,4882,10.43,8.02,8.20,26.65
418feb2d-0819-472f-8ac8-4c9ca3858773,NewRichTextDocument1,44,c33467d7-f7d4-4a6e-9d18-c9ac9733473f,24,5053,5053,7673,5296,11.09,8.54,8.77,28.39
418feb2d-0819-472f-8ac8-4c9ca3858773,NewRichTextDocument1,45,6b063939-6191-41e2-af05-1e6801748e26,24,6256,6256,8879,6508,13.01,10.46,10.69,34.16
418feb2d-0819-472f-8ac8-4c9ca3858773,NewRichTextDocument1,46,2c8e1525-eab1-406e-927c-40387c961a47,24,5018,5018,7856,5377,10.81,8.07,8.39,27.27
418feb2d-0819-472f-8ac8-4c9ca3858773,NewRichTextDocument1,47,c9a8870c-a4c2-4170-b79f-b3983abfee47,24,4641,4641,7303,4912,10.12,7.53,7.78,25.43
418feb2d-0819-472f-8ac8-4c9ca3858773,NewRichTextDocument1,48,d9b9830e-e960-4020-b9fe-c316d0122120,24,3010,3010,5421,3180,7.49,5.14,5.30,17.93
418feb2d-0819-472f-8ac8-4c9ca3858773,NewRichTextDocument1,49,5ec2d215-f656-487f-b806-7bdb3e66cbc6,24,3250,3250,5743,3595,7.92,5.50,5.82,19.24
418feb2d-0819-472f-8ac8-4c9ca3858773,NewRichTextDocument1,50,dd8fe52c-d9e6-4821-9270-3a2ee565492e,24,6897,6897,9414,7092,14.57,12.12,12.30,38.98
418feb2d-0819-472f-8ac8-4c9ca3858773,NewRichTextDocument1,51,ccd051c2-1455-4e51-a949-f98f2e58ca9d,24,5368,5368,7852,5560,11.83,9.41,9.59,30.82
418feb2d-0819-472f-8ac8-4c9ca3858773,NewRichTextDocument1,52,bf6f4ab9-d975-47f0-9ffe-445dd2510f6f,24,4145,4145,6572,4315,9.58,7.21,7.37,24.16
418feb2d-0819-472f-8ac8-4c9ca3858773,NewRichTextDocument1,53,48923903-dad1-4365-acbb-a02801295de4,24,2298,2298,4664,2453,6.19,3.88,4.03,14.11
418feb2d-0819-472f-8ac8-4c9ca3858773,NewRichTextDocument1,54,e60ea9f9-ca29-4be8-9fc9-b37993569225,24,3258,3258,5792,3488,8.13,5.67,5.88,19.69
418feb2d-0819-472f-8ac8-4c9ca3858773,NewRichTextDocument1,55,b75c62bd-b8a1-45b9-8744-a2e81846da07,24,4648,4648,7185,4870,9.97,7.50,7.71,25.18
418feb2d-0819-472f-8ac8-4c9ca3858773,NewRichTextDocument1,56,ca05ccf5-d8a2-4520-aa16-c67c40a458d8,24,5618,5618,8118,5813,12.17,9.73,9.92,31.82
418feb2d-0819-472f-8ac8-4c9ca3858773,NewRichTextDocument1,57,25d4957c-e496-424a-bbe5-f9b933749d97,24,4524,4524,7181,4791,10.22,7.63,7.88,25.73
418feb2d-0819-472f-8ac8-4c9ca3858773,NewRichTextDocument1,58,2f88c96f-6419-4087-8954-301f003500bd,24,3902,3902,6471,4142,8.85,6.35,6.58,21.79
418feb2d-0819-472f-8ac8-4c9ca3858773,NewRichTextDocument1,59,dbe19581-0b84-4d67-99f5-edae6c82e237,24,2768,2768,5185,2943,7.12,4.77,4.93,16.82
418feb2d-0819-472f-8ac8-4c9ca3858773,NewRichTextDocument1,60,1129fea4-67d8-4748-8432-22329935b8a6,24,1742,1742,4096,1892,5.23,2.93,3.08,11.24
418feb2d-0819-472f-8ac8-4c9ca3858773,NewRichTextDocument1,61,dfad03a2-26af-4830-899c-9bdefa4ae01d,24,2462,2462,4835,2617,6.49,4.17,4.32,14.98
418feb2d-0819-472f-8ac8-4c9ca3858773,NewRichTextDocument1,62,00b67e63-0b80-4e8f-88a6-e206fdc18c94,24,3069,3069,5521,3259,7.64,5.25,5.43,18.32
418feb2d-0819-472f-8ac8-4c9ca3858773,NewRichTextDocument1,63,ec4293c5-3011-4ae0-bd9c-bffc1dd7fe40,24,3897,3897,6341,4079,9.08,6.70,6.87,22.65
418feb2d-0819-472f-8ac8-4c9ca3858773,NewRichTextDocument1,64,a373180f-122b-4bd5-84b4-be78659f88e7,24,2347,2347,4749,2517,6.27,3.93,4.09,14.28
418feb2d-0819-472f-8ac8-4c9ca3858773,NewRichTextDocument1,65,2ddb6d7f-3b62-4d26-af79-15a1919b645c,24,3610,3610,6018,3777,8.63,6.28,6.44,21.36
418feb2d-0819-472f-8ac8-4c9ca3858773,NewRichTextDocument1,66,58e28889-05f1-4710-a4aa-31e30d4e2d90,24,3818,3818,6228,3979,9.00,6.65,6.80,22.45
418feb2d-0819-472f-8ac8-4c9ca3858773,NewRichTextDocument1,67,9337eca2-fdfd-4300-96e5-4727bbd99141,24,3442,3442,5877,3610,8.32,5.94,6.11,20.37
418feb2d-0819-472f-8ac8-4c9ca3858773,NewRichTextDocument1,68,d082795f-203d-4636-a4d0-3be00c23ed42,24,6561,6561,9082,6763,13.96,11.51,11.70,37.17
418feb2d-0819-472f-8ac8-4c9ca3858773,NewRichTextDocument1,69,fc3bffe4-ab10-4c59-9bda-f7bf1ddda600,24,4978,4978,7446,5157,11.07,8.67,8.83,28.57
418feb2d-0819-472f-8ac8-4c9ca3858773,NewRichTextDocument1,70,93884f88-0d65-4a3e-a2e0-01d6301477f0,24,4385,4385,6895,4589,10.03,7.59,7.78,25.41
418feb2d-0819-472f-8ac8-4c9ca3858773,NewRichTextDocument1,71,b644156b-bbe8-4699-99f2-5d456b03e9dc,24,6945,6945,9582,7190,14.73,12.17,12.40,39.30
418feb2d-0819-472f-8ac8-4c9ca3858773,NewRichTextDocument1,72,542e4366-421e-44b8-8a70-e15a35a045fc,24,6831,6831,9356,7033,14.42,11.96,12.15,38.54
418feb2d-0819-472f-8ac8-4c9ca3858773,NewRichTextDocument1,73,1d1c5d04-fc6d-4047-8c08-af2da0849977,24,7794,7794,10615,8130,15.53,12.79,13.11,41.43
418feb2d-0819-472f-8ac8-4c9ca3858773,NewRichTextDocument1,74,9fa8a1db-256e-4d1a-8a10-3b9467685eda,24,6523,6523,9469,6921,13.24,10.38,10.75,34.36
418feb2d-0819-472f-8ac8-4c9ca3858773,NewRichTextDocument1,75,fbee0b8e-ef7b-4c50-93e4-195dbc5a3727,24,3787,3787,6516,4096,8.39,5.74,6.03,20.15
418feb2d-0819-472f-8ac8-4c9ca3858773,NewRichTextDocument1,76,2dcb1a28-35ef-4906-8865-896e308e7170,24,3221,3221,5726,3435,7.80,5.36,5.56,18.73
418feb2d-0819-472f-8ac8-4c9ca3858773,NewRichTextDocument1,77,8f6d7f41-e320-4a73-b49c-dc05a751700e,24,5766,5766,8695,6161,12.08,9.24,9.60,30.92
418feb2d-0819-472f-8ac8-4c9ca3858773,NewRichTextDocument1,78,b45c2651-8d88-4eda-8630-81685c97a6b1,24,5625,5625,8449,5974,12.14,9.40,9.72,31.25
418feb2d-0819-472f-8ac8-4c9ca3858773,NewRichTextDocument1,79,bc8334bf-33d6-4c06-b257-8b96a8a60eb5,24,3178,3178,5682,3387,7.85,5.41,5.61,18.87
418feb2d-0819-472f-8ac8-4c9ca3858773,NewRichTextDocument1,80,697e3261-b9d5-42a3-92bf-d3d92eefb230,24,3333,3333,5715,3488,8.12,5.80,5.95,19.87
418feb2d-0819-472f-8ac8-4c9ca3858773,NewRichTextDocument1,81,8eef797f-d64e-40a1-b663-2a0e08f3c4c1,24,8238,8238,11102,8593,16.53,13.76,14.08,44.38
418feb2d-0819-472f-8ac8-4c9ca3858773,NewRichTextDocument1,82,80e9e91f-e1fd-406b-9c81-f191cf1f9577,24,6399,6399,8898,6588,13.59,11.16,11.34,36.09
418feb2d-0819-472f-8ac8-4c9ca3858773,NewRichTextDocument1,83,12a4b449-1690-4a84-93da-e96ec5eba89f,24,3682,3682,6230,3913,8.49,6.00,6.23,20.72
418feb2d-0819-472f-8ac8-4c9ca3858773,NewRichTextDocument1,84,3abff857-6c47-4fcb-a0f1-edd707192906,24,6490,6490,9039,6709,13.89,11.42,11.62,36.93
418feb2d-0819-472f-8ac8-4c9ca3858773,NewRichTextDocument1,85,2147d320-3985-49a9-a7c0-5014e40b0e66,24,9848,9848,12656,10164,20.01,17.29,17.57,54.87
418feb2d-0819-472f-8ac8-4c9ca3858773,NewRichTextDocument1,86,72f65cd5-488d-4777-8323-474f0e0ea644,24,9913,9913,12761,10237,20.20,17.44,17.73,55.38
418feb2d-0819-472f-8ac8-4c9ca3858773,NewRichTextDocument1,87,6fbee641-7ebd-4024-8438-faee47e1ca5d,24,11157,11157,14041,11503,22.36,19.58,19.88,61.83
418feb2d-0819-472f-8ac8-4c9ca3858773,NewRichTextDocument1,88,a65f46a2-a138-4132-9299-93a7d409ec81,24,6065,6065,8657,6293,13.19,10.67,10.88,34.73
418feb2d-0819-472f-8ac8-4c9ca3858773,NewRichTextDocument1,89,6f12b690-fc69-420c-a149-b8a9c3b2db2a,24,4681,4681,7122,4858,10.51,8.13,8.30,26.94
418feb2d-0819-472f-8ac8-4c9ca3858773,NewRichTextDocument1,90,344d2657-7a35-435b-bf4f-a39d80ffe117,24,3708,3708,6128,3878,8.80,6.44,6.61,21.85
418feb2d-0819-472f-8ac8-4c9ca3858773,NewRichTextDocument1,91,750b517a-ce49-4dba-90e8-2a718bc3bbdc,24,5140,5140,7620,5324,11.41,9.00,9.17,29.58
418feb2d-0819-472f-8ac8-4c9ca3858773,NewRichTextDocument1,92,e650ce8d-d98f-4814-a75f-aaf8eda43c93,24,9476,9476,12313,9948,19.09,16.35,16.78,52.22
418feb2d-0819-472f-8ac8-4c9ca3858773,NewRichTextDocument1,93,be34867c-0f8f-43d5-a830-b24701625e96,24,9351,9351,12222,9701,18.38,15.59,15.92,49.89
418feb2d-0819-472f-8ac8-4c9ca3858773,NewRichTextDocument1,94,37ec39e4-9d38-476b-998f-40714fb36337,24,14169,14169,17563,14715,27.43,24.17,24.64,76.24
418feb2d-0819-472f-8ac8-4c9ca3858773,NewRichTextDocument1,95,72c29588-d567-4398-beb2-8441d61ec4a9,24,4917,4917,7641,5218,10.95,8.31,8.58,27.84
418feb2d-0819-472f-8ac8-4c9ca3858773,NewRichTextDocument1,96,1c9c6a1e-5c29-4ef0-a31d-cab6adb50e10,24,4246,4246,6761,4463,9.78,7.33,7.53,24.64
418feb2d-0819-472f-8ac8-4c9ca3858773,NewRichTextDocument1,97,e50a09f0-e2df-4e26-b4fb-bc80c5b38001,24,4198,4198,6800,4452,9.31,6.78,7.02,23.12
418feb2d-0819-472f-8ac8-4c9ca3858773,NewRichTextDocument1,98,4dad4754-15af-417f-bc62-924e6d9c3be1,24,5999,5999,8653,6257,12.71,10.13,10.37,33.20
418feb2d-0819-472f-8ac8-4c9ca3858773,NewRichTextDocument1,99,35d91903-813b-4a7a-b6cb-3ea1e861a257,24,9180,9180,12148,9561,17.90,15.02,15.37,48.28
418feb2d-0819-472f-8ac8-4c9ca3858773,NewRichTextDocument1,100,479e4861-fa30-4044-b243-b68e2d4128a2,24,5003,5003,7675,5287,10.91,8.32,8.58,27.82
418feb2d-0819-472f-8ac8-4c9ca3858773,NewRichTextDocument1,101,0cc33d74-3340-4ed6-8188-fdccc897e1c6,24,6212,6212,8829,6450,13.11,10.57,10.79,34.47
418feb2d-0819-472f-8ac8-4c9ca3858773,NewRichTextDocument1,102,8b45c998-5419-4be7-b514-f3659d51be2a,24,5095,5095,7703,5351,11.06,8.53,8.76,28.36
418feb2d-0819-472f-8ac8-4c9ca3858773,NewRichTextDocument1,103,f89a07f6-ab15-47f5-9f56-93228f8c7138,24,4977,4977,7704,5284,10.43,7.79,8.07,26.29
418feb2d-0819-472f-8ac8-4c9ca3858773,NewRichTextDocument1,104,a4ddf4ba-7bc1-4ec5-b08e-76fff455fb54,24,4781,4781,7452,5065,10.47,7.87,8.13,26.47
418feb2d-0819-472f-8ac8-4c9ca3858773,NewRichTextDocument1,105,1afa96a3-a8b7-46b8-90e5-cd0049ed3209,24,2658,2658,5033,2813,6.77,4.46,4.61,15.83
418feb2d-0819-472f-8ac8-4c9ca3858773,NewRichTextDocument1,106,88bc2422-5f7f-4685-90c2-89bb4dfddff7,24,6321,6321,8928,6553,13.45,10.92,11.13,35.50
418feb2d-0819-472f-8ac8-4c9ca3858773,NewRichTextDocument1,107,4b5a8255-dc64-4456-870e-f355982c871d,24,6176,6176,8730,6386,13.23,10.74,10.94,34.92
418feb2d-0819-472f-8ac8-4c9ca3858773,NewRichTextDocument1,108,990acf6d-3b38-410c-85da-53151556e44b,24,2604,2604,4999,2769,6.75,4.41,4.57,15.73
418feb2d-0819-472f-8ac8-4c9ca3858773,NewRichTextDocument1,109,eae5e1fd-1376-469b-8860-85b65ccef602,24,8443,8443,11149,8719,17.32,14.70,14.95,46.97
418feb2d-0819-472f-8ac8-4c9ca3858773,NewRichTextDocument1,110,b951a291-d242-471f-8b4c-bc5b9adfe704,24,6537,6537,9150,6782,14.12,11.58,11.80,37.51
418feb2d-0819-472f-8ac8-4c9ca3858773,NewRichTextDocument1,111,1e1b2895-fb6d-47b7-b87c-a259d5e46ff0,24,7343,7343,9935,7569,15.45,12.93,13.13,41.51
418feb2d-0819-472f-8ac8-4c9ca3858773,NewRichTextDocument1,112,e4c2b2be-293e-4f02-80a9-d3841ef0b7ed,24,6703,6703,9326,6953,14.21,11.66,11.89,37.76
418feb2d-0819-472f-8ac8-4c9ca3858773,NewRichTextDocument1,113,aa493182-f76f-496d-86e6-5d4f4124ac66,24,6715,6715,9239,6915,13.99,11.53,11.72,37.23
418feb2d-0819-472f-8ac8-4c9ca3858773,NewRichTextDocument1,114,4fe38b3f-99c0-40e8-86a8-680cf1c9e1f4,24,6115,6115,8590,6297,13.07,10.65,10.83,34.54
418feb2d-0819-472f-8ac8-4c9ca3858773,NewRichTextDocument1,115,07d7ef21-2469-41f9-96a5-3ff68cd87b4e,24,5988,5988,8420,6148,12.89,10.52,10.67,34.07
418feb2d-0819-472f-8ac8-4c9ca3858773,NewRichTextDocument1,116,bda9b73f-631e-47e5-8f26-ef679238ec19,24,9320,9320,12033,9597,18.00,15.37,15.62,48.99
418feb2d-0819-472f-8ac8-4c9ca3858773,NewRichTextDocument1,117,3ce9eac1-601f-4ee8-8978-154115164a2d,24,9425,9425,12365,9805,19.08,16.25,16.58,51.90
418feb2d-0819-472f-8ac8-4c9ca3858773,NewRichTextDocument1,118,1577d8f0-e88e-492e-808b-744b6087434e,24,4716,4716,7219,4919,10.55,8.12,8.31,26.98
418feb2d-0819-472f-8ac8-4c9ca3858773,NewRichTextDocument1,119,fb98c617-5183-4c61-9e71-f8ff2a38fb5d,24,5619,5619,8117,5815,12.21,9.78,9.97,31.96
418feb2d-0819-472f-8ac8-4c9ca3858773,NewRichTextDocument1,120,9d78bbb1-738d-44a5-9b1a-d86c92dfedb9,24,7121,7121,9597,7298,14.96,12.54,12.71,40.21
418feb2d-0819-472f-8ac8-4c9ca3858773,NewRichTextDocument1,121,f7a7ae88-840c-4fca-9ba0-2701d053d170,24,8008,8008,10689,8273,16.41,13.81,14.05,44.28
418feb2d-0819-472f-8ac8-4c9ca3858773,NewRichTextDocument1,122,6e94a005-798c-4eec-9120-96f742a2e11f,24,4124,4124,6598,4321,9.54,7.13,7.32,23.99
418feb2d-0819-472f-8ac8-4c9ca3858773,NewRichTextDocument1,123,6a65ed52-f10f-453b-8a7a-29b0710a5d52,24,6070,6070,8655,6305,13.15,10.64,10.85,34.64
418feb2d-0819-472f-8ac8-4c9ca3858773,NewRichTextDocument1,124,2b2556c3-756b-48a4-8940-fa38eadc76c7,24,7827,7827,10514,8104,16.38,13.79,14.03,44.20
418feb2d-0819-472f-8ac8-4c9ca3858773,NewRichTextDocument1,125,a79df9c6-f7b4-4492-8571-3ae69f773394,24,3310,3310,5843,3536,8.09,5.63,5.84,19.56
418feb2d-0819-472f-8ac8-4c9ca3858773,NewRichTextDocument1,126,69dcffba-4d6d-4de0-8e1b-ad579d6c8b96,24,6647,6647,9199,6864,14.08,11.60,11.80,37.49
418feb2d-0819-472f-8ac8-4c9ca3858773,NewRichTextDocument1,127,1ee1a634-3164-4ffa-8e2b-e3d7433b552e,24,6933,6933,9507,7158,14.68,12.18,12.39,39.25
418feb2d-0819-472f-8ac8-4c9ca3858773,NewRichTextDocument1,128,0df4a344-c33b-467c-8564-7754862f9c05,24,4867,4867,7481,5125,10.68,8.14,8.38,27.19
418feb2d-0819-472f-8ac8-4c9ca3858773,NewRichTextDocument1,129,97b2a986-3bb4-49a7-bd30-515ed8031f9f,24,4601,4601,7095,4799,10.25,7.82,8.01,26.09
418feb2d-0819-472f-8ac8-4c9ca3858773,NewRichTextDocument1,130,7c2b4212-ca1a-4f56-97ac-12c7976ecf2a,24,3059,3059,5456,3488,7.60,5.26,5.67,18.53
418feb2d-0819-472f-8ac8-4c9ca3858773,NewRichTextDocument1,131,07b59891-fa49-424f-bc90-972258aa4d12,24,3827,3827,6201,3972,8.94,6.62,6.76,22.33
418feb2d-0819-472f-8ac8-4c9ca3858773,NewRichTextDocument1,132,b11895e4-71c5-4d44-b4b9-e904f948e9a7,24,4032,4032,6468,4207,9.29,6.91,7.08,23.27
418feb2d-0819-472f-8ac8-4c9ca3858773,NewRichTextDocument1,133,34ec114d-61d8-471d-99ef-69745e725f65,24,3229,3229,5750,3447,7.92,5.47,5.67,19.07
418feb2d-0819-472f-8ac8-4c9ca3858773,NewRichTextDocument1,134,2d47ff3e-e7d0-4579-9059-d9d916b217c3,24,6703,6703,9339,6941,14.22,11.66,11.88,37.76
418feb2d-0819-472f-8ac8-4c9ca3858773,NewRichTextDocument1,135,02a84452-878a-40b7-b017-c16d39b5eafe,24,8872,8872,11456,9088,18.07,15.56,15.76,49.39
418feb2d-0819-472f-8ac8-4c9ca3858773,NewRichTextDocument1,136,4f6189b3-b9d9-47f0-8924-0947b5030c71,24,9938,9938,12666,10214,20.16,17.52,17.76,55.43
418feb2d-0819-472f-8ac8-4c9ca3858773,NewRichTextDocument1,137,f390e35f-d054-43b1-9766-fa5f0e404a77,24,5110,5110,7632,5320,11.21,8.76,8.95,28.92
418feb2d-0819-472f-8ac8-4c9ca3858773,NewRichTextDocument1,138,09fca041-e3bf-4b2d-a69b-9368b25115b6,24,5534,5534,7977,5700,11.96,9.57,9.73,31.26
418feb2d-0819-472f-8ac8-4c9ca3858773,NewRichTextDocument1,139,371e9a54-398e-4783-8465-feeae967d857,24,8201,8201,11273,8640,16.82,13.85,14.24,44.91
418feb2d-0819-472f-8ac8-4c9ca3858773,NewRichTextDocument1,140,db866cd0-febf-4039-93e4-c3690f4fbb74,24,5440,5440,8015,5677,11.86,9.36,9.57,30.79
418feb2d-0819-472f-8ac8-4c9ca3858773,NewRichTextDocument1,141,1a00fba4-762b-4380-819e-827cf09947fb,24,4742,4742,7305,4974,10.28,7.78,8.00,26.06
418feb2d-0819-472f-8ac8-4c9ca3858773,NewRichTextDocument1,142,7320a5fe-cc80-4fba-a98c-439940e10e98,24,6469,6469,8939,6644,13.68,11.27,11.44,36.38
418feb2d-0819-472f-8ac8-4c9ca3858773,NewRichTextDocument1,143,821e104f-4836-40eb-b654-7919eae7d214,24,8698,8698,11379,8967,17.73,15.14,15.38,48.25
418feb2d-0819-472f-8ac8-4c9ca3858773,NewRichTextDocument1,144,80dad2c8-8b22-4073-add1-7f7567c23cb0,24,5696,5696,8293,5939,12.29,9.77,10.00,32.06
418feb2d-0819-472f-8ac8-4c9ca3858773,NewRichTextDocument1,145,7f57cc71-e26a-4a83-aeca-5e82eacbb0f3,24,4411,4411,6944,4633,9.79,7.32,7.53,24.64
418feb2d-0819-472f-8ac8-4c9ca3858773,NewRichTextDocument1,146,f85e0aad-9854-473d-88d5-e4b37a4b4cbc,24,4099,4099,6575,4293,9.25,6.84,7.03,23.12
418feb2d-0819-472f-8ac8-4c9ca3858773,NewRichTextDocument1,147,2f59b74d-859d-4fd0-9ee0-78375f839eeb,24,3128,3128,5558,3310,7.79,5.42,5.59,18.80
418feb2d-0819-472f-8ac8-4c9ca3858773,NewRichTextDocument1,148,55652ab5-386a-4b50-99a6-542dce060eae,24,7191,7191,9770,7418,14.99,12.49,12.69,40.17
418feb2d-0819-472f-8ac8-4c9ca3858773,NewRichTextDocument1,149,29e0f5e3-d35c-4af9-8bbd-ba9118f1eb3c,24,2914,2914,5352,3101,7.41,5.04,5.21,17.66
418feb2d-0819-472f-8ac8-4c9ca3858773,NewRichTextDocument1,150,41fa1450-8038-4810-9f0d-aca857d6fb2c,24,3247,3247,5830,3502,8.09,5.59,5.81,19.49
418feb2d-0819-472f-8ac8-4c9ca3858773,NewRichTextDocument1,151,2cd63bd6-d9ab-4938-a030-907f62d82ffd,24,4733,4733,7327,4985,10.53,8.01,8.24,26.77
418feb2d-0819-472f-8ac8-4c9ca3858773,NewRichTextDocument1,152,b8b11da9-3f35-42b3-a8b0-0d7b790d2d01,24,3024,3024,5473,3208,7.49,5.11,5.28,17.88
418feb2d-0819-472f-8ac8-4c9ca3858773,NewRichTextDocument1,153,3ca79484-ef71-4ca7-8241-f091398af96c,24,7945,7945,10691,8377,16.48,13.83,14.22,44.53
418feb2d-0819-472f-8ac8-4c9ca3858773,NewRichTextDocument1,154,6902b7f8-aba5-4567-88b5-4f2d001397c8,24,6306,6306,8742,6466,13.25,10.88,11.03,35.16
418feb2d-0819-472f-8ac8-4c9ca3858773,NewRichTextDocument1,155,115e0cb7-de9a-4f21-9685-cadb7ffe3722,24,6451,6451,8959,6648,13.68,11.24,11.42,36.34
418feb2d-0819-472f-8ac8-4c9ca3858773,NewRichTextDocument1,156,8a89e5a9-5966-4320-a951-7300ef588bd7,24,6516,6516,9106,6745,13.76,11.25,11.46,36.47
418feb2d-0819-472f-8ac8-4c9ca3858773,NewRichTextDocument1,157,2da159eb-92a1-4473-b2e2-7af219349b0c,24,6629,6629,9392,6900,14.30,11.61,11.87,37.77
418feb2d-0819-472f-8ac8-4c9ca3858773,NewRichTextDocument1,158,dbea1492-fea7-4516-b7d5-736d8eead364,24,9106,9106,11890,9407,18.56,15.86,16.14,50.56
418feb2d-0819-472f-8ac8-4c9ca3858773,NewRichTextDocument1,159,647e1cb1-d41a-4ebc-9671-996b67b3105a,24,10092,10092,13407,10641,19.64,16.44,16.94,53.03
418feb2d-0819-472f-8ac8-4c9ca3858773,NewRichTextDocument1,160,1670185f-3a70-4494-b404-c6b3afa5ecb4,24,5077,5077,7996,5475,10.37,7.54,7.91,25.82
418feb2d-0819-472f-8ac8-4c9ca3858773,NewRichTextDocument1,161,88df12dc-a8da-4592-a9d3-80a767ae06ff,24,6409,6409,8926,6605,13.60,11.14,11.33,36.07
418feb2d-0819-472f-8ac8-4c9ca3858773,NewRichTextDocument1,162,4036e97c-2f52-44a7-8bd8-9bcff1bb13a3,24,6362,6362,9983,7086,12.48,9.03,9.65,31.16
418feb2d-0819-472f-8ac8-4c9ca3858773,NewRichTextDocument1,163,8ac95a4e-1857-474a-8ae4-dde0ef9d82d9,24,12585,12585,16847,13573,23.59,19.56,20.40,63.55
418feb2d-0819-472f-8ac8-4c9ca3858773,NewRichTextDocument1,164,274bb2f2-aebf-4ebb-b5c9-3fc737b26fa7,24,8579,8579,11175,8794,17.64,15.12,15.32,48.08
418feb2d-0819-472f-8ac8-4c9ca3858773,NewRichTextDocument1,165,c8e0fcc6-27f2-40f9-ba94-42454147c33c,24,4824,4824,7478,5095,10.62,8.05,8.29,26.96
418feb2d-0819-472f-8ac8-4c9ca3858773,NewRichTextDocument1,166,7918dec5-b23a-4e34-8dd0-ac75228579e6,24,7435,7435,9980,7638,15.17,12.70,12.89,40.75
418feb2d-0819-472f-8ac8-4c9ca3858773,NewRichTextDocument1,167,95e7de26-9e63-4289-91d6-abf0dcedb826,24,5518,5518,8148,5761,12.09,9.54,9.76,31.39
418feb2d-0819-472f-8ac8-4c9ca3858773,NewRichTextDocument1,168,5964fd82-e533-4afe-9a0b-8a4ccb18d131,24,4821,4821,7593,5150,10.42,7.73,8.04,26.20
418feb2d-0819-472f-8ac8-4c9ca3858773,NewRichTextDocument1,169,636131d5-e7ec-45b3-b4a1-532ec9410b80,24,3341,3341,5885,3570,8.13,5.66,5.87,19.66
418feb2d-0819-472f-8ac8-4c9ca3858773,NewRichTextDocument1,170,8226c6e7-f07c-46a2-a250-c814291fce65,24,4952,4952,7418,5139,10.86,8.46,8.63,27.95
418feb2d-0819-472f-8ac8-4c9ca3858773,NewRichTextDocument1,171,5b15e280-acd1-4d0c-84e8-631d052ad902,24,10088,10088,12639,10274,20.30,17.81,17.99,56.10
418feb2d-0819-472f-8ac8-4c9ca3858773,NewRichTextDocument1,172,7dca1f24-764c-4cef-8b5d-f71a315ec8e1,24,4203,4203,6671,4393,9.68,7.28,7.45,24.41
418feb2d-0819-472f-8ac8-4c9ca3858773,NewRichTextDocument1,173,d515066c-f135-43c4-a120-929267c5c197,24,5884,5884,8465,6121,12.75,10.25,10.46,33.46
418feb2d-0819-472f-8ac8-4c9ca3858773,NewRichTextDocument1,174,cb835793-ead7-4793-a8d4-e276ff812d31,24,4845,4845,7290,5022,10.77,8.39,8.56,27.71
418feb2d-0819-472f-8ac8-4c9ca3858773,NewRichTextDocument1,175,c17b003c-38be-4634-8432-86bcbc06275b,24,5920,5920,8400,6107,12.64,10.23,10.40,33.28
418feb2d-0819-472f-8ac8-4c9ca3858773,NewRichTextDocument1,176,58a84dcf-7bd6-47f1-8e95-5d871579400e,24,7516,7516,10142,7760,15.37,12.82,13.05,41.24
418feb2d-0819-472f-8ac8-4c9ca3858773,NewRichTextDocument1,177,94389008-21fe-455c-ab5a-b95ca748bea7,24,4630,4630,7271,4905,10.40,7.84,8.09,26.33
418feb2d-0819-472f-8ac8-4c9ca3858773,NewRichTextDocument1,178,deff0ab0-ab08-4c1b-9bef-2add76f90db2,24,5496,5496,8059,5724,11.82,9.32,9.54,30.68
418feb2d-0819-472f-8ac8-4c9ca3858773,NewRichTextDocument1,179,21f65ea1-9004-43ee-9d9e-c0f143e0eca8,24,4350,4350,6862,4559,9.82,7.37,7.57,24.75
418feb2d-0819-472f-8ac8-4c9ca3858773,NewRichTextDocument1,180,24074fb8-ba6b-4ae8-b2bc-bd181ae30d39,24,6643,6643,9062,6928,14.05,11.69,11.97,37.72
418feb2d-0819-472f-8ac8-4c9ca3858773,NewRichTextDocument1,181,68f4c765-8f34-4bf7-9975-1f2fcc05c6f4,24,5627,5627,8252,5889,12.37,9.83,10.06,32.27
418feb2d-0819-472f-8ac8-4c9ca3858773,NewRichTextDocument1,182,5026ffd4-dcf1-461a-9d4d-41062d6707dc,24,6411,6411,9058,6680,13.56,11.00,11.24,35.80
418feb2d-0819-472f-8ac8-4c9ca3858773,NewRichTextDocument1,183,cd154419-4950-41b5-96a9-dba0b60583fc,24,6132,6132,8768,6386,13.24,10.68,10.91,34.82
418feb2d-0819-472f-8ac8-4c9ca3858773,NewRichTextDocument1,184,5f0062c1-b1fc-433b-991b-91270d1e7754,24,7383,7383,9963,7596,15.30,12.79,12.99,41.08
418feb2d-0819-472f-8ac8-4c9ca3858773,NewRichTextDocument1,185,931649ae-4e06-49da-89ee-c5788798d97e,24,8417,8417,11396,8799,17.23,14.34,14.69,46.27
418feb2d-0819-472f-8ac8-4c9ca3858773,NewRichTextDocument1,186,39aee288-0b07-4812-bf0b-e5c713d2d37c,24,9120,9120,11738,9352,18.57,16.03,16.24,50.84
418feb2d-0819-472f-8ac8-4c9ca3858773,NewRichTextDocument1,187,597b8532-b173-4c12-9651-f75a2b6bc4d3,24,13187,13187,16237,13596,25.45,22.50,22.87,70.82
418feb2d-0819-472f-8ac8-4c9ca3858773,NewRichTextDocument1,188,b49b88b2-b0ba-4d2e-bde5-d0e1f91630b2,24,11365,11365,14301,11726,22.75,19.92,20.23,62.90
418feb2d-0819-472f-8ac8-4c9ca3858773,NewRichTextDocument1,189,595700fa-063e-45fa-92bf-30bf69d24a28,24,8372,8372,10952,8589,17.11,14.60,14.80,46.51
418feb2d-0819-472f-8ac8-4c9ca3858773,NewRichTextDocument1,190,4615cd8e-094b-4a6a-9840-585e35a25f9b,24,6197,6197,8734,6409,13.20,10.74,10.93,34.87
418feb2d-0819-472f-8ac8-4c9ca3858773,NewRichTextDocument1,191,7f1f572d-4c2f-4735-84d5-a4e2d4d34dd6,24,2483,2483,4981,2685,6.60,4.17,4.36,15.14
418feb2d-0819-472f-8ac8-4c9ca3858773,NewRichTextDocument1,192,53125ae4-578a-43a2-a4c4-3cb24f547971,24,4829,4829,7382,5057,10.75,8.27,8.48,27.49
418feb2d-0819-472f-8ac8-4c9ca3858773,NewRichTextDocument1,193,32b096a1-91ec-4db7-9344-ddf7aea2a1f5,24,2797,2797,5174,2952,7.11,4.79,4.94,16.85
418feb2d-0819-472f-8ac8-4c9ca3858773,NewRichTextDocument1,194,29bbb454-a3bc-400e-b83f-a44d2a81e1cb,24,6239,6239,8823,6476,13.15,10.64,10.86,34.66
418feb2d-0819-472f-8ac8-4c9ca3858773,NewRichTextDocument1,195,a809b050-a683-4f4c-924f-34d2dba9206f,24,10133,10133,12807,10387,20.40,17.81,18.04,56.26
418feb2d-0819-472f-8ac8-4c9ca3858773,NewRichTextDocument1,196,e23783c6-6ca1-4e9e-9ef0-5a8c8d23f043,24,7575,7575,10256,7840,15.89,13.29,13.53,42.71
418feb2d-0819-472f-8ac8-4c9ca3858773,NewRichTextDocument1,197,1ca447ac-4547-4e7c-bfd8-6b448f60b8d7,24,7719,7719,10285,7938,16.03,13.54,13.74,43.31
418feb2d-0819-472f-8ac8-4c9ca3858773,NewRichTextDocument1,198,a377b8f0-71bc-468d-9474-abbe51ad0ab6,24,6173,6173,8758,6404,13.29,10.77,10.99,35.05
418feb2d-0819-472f-8ac8-4c9ca3858773,NewRichTextDocument1,199,a364ae4c-a698-4df8-a457-396bbf670f4d,24,5562,5562,8260,5855,11.79,9.17,9.44,30.39
418feb2d-0819-472f-8ac8-4c9ca3858773,NewRichTextDocument1,200,bb206a23-5f93-4a7f-bdac-215b423b90a7,24,5489,5489,7997,5689,11.86,9.42,9.60,30.88
418feb2d-0819-472f-8ac8-4c9ca3858773,NewRichTextDocument1,201,bffc661b-3716-47a3-8946-a4cbfec02c0d,24,5546,5546,8083,5763,12.08,9.61,9.81,31.50
418feb2d-0819-472f-8ac8-4c9ca3858773,NewRichTextDocument1,202,b4cc3d72-b3d4-4d99-83b3-8ed494d62491,24,3644,3644,6131,3843,8.64,6.22,6.41,21.27
418feb2d-0819-472f-8ac8-4c9ca3858773,NewRichTextDocument1,203,4a9beee5-2b4c-41c5-84ca-6bae6e2790f4,24,3764,3764,6332,3997,8.93,6.43,6.65,22.00
418feb2d-0819-472f-8ac8-4c9ca3858773,NewRichTextDocument1,204,08604e2c-ee12-43bc-80de-0d688b359012,24,7832,7832,10516,8099,16.26,13.66,13.90,43.82
418feb2d-0819-472f-8ac8-4c9ca3858773,NewRichTextDocument1,205,19caf470-ff9b-4f5c-8e84-52bcae1d8c79,24,15362,15362,18136,15758,29.38,26.68,27.05,83.11
418feb2d-0819-472f-8ac8-4c9ca3858773,NewRichTextDocument1,206,557b24ec-bbb5-4ccb-aa3e-bd56ff97d24a,24,7156,7156,9784,7396,15.04,12.49,12.71,40.23
418feb2d-0819-472f-8ac8-4c9ca3858773,NewRichTextDocument1,207,df4cb7a3-eae1-45fb-9c07-e900a953a91d,24,5873,5873,8383,6069,12.70,10.26,10.44,33.39
418feb2d-0819-472f-8ac8-4c9ca3858773,NewRichTextDocument1,208,b3407791-bfdc-404e-ad83-7605860316c9,24,4552,4552,6946,4704,10.24,7.90,8.05,26.18
418feb2d-0819-472f-8ac8-4c9ca3858773,NewRichTextDocument1,209,d71f22c8-1698-4525-aa7f-c0d786e093e9,24,3881,3881,6273,4036,9.01,6.68,6.83,22.52
418feb2d-0819-472f-8ac8-4c9ca3858773,NewRichTextDocument1,210,d932cc0f-cac4-4bb2-b1b7-cc29f93ca607,24,8248,8248,10882,8495,16.97,14.41,14.63,46.01
418feb2d-0819-472f-8ac8-4c9ca3858773,NewRichTextDocument1,211,bda33671-b821-446d-95cf-069be602f664,24,6570,6570,9030,6742,13.90,11.50,11.66,37.06
418feb2d-0819-472f-8ac8-4c9ca3858773,NewRichTextDocument1,212,89655608-42d0-4677-b82b-5038c6e30df5,24,5160,5160,7610,5335,11.38,9.00,9.16,29.55
418feb2d-0819-472f-8ac8-4c9ca3858773,NewRichTextDocument1,213,1d8d4714-1d08-4475-ba77-a27c4f07d33b,24,7005,7005,9572,7227,14.68,12.19,12.39,39.26
418feb2d-0819-472f-8ac8-4c9ca3858773,NewRichTextDocument1,214,65488008-2071-4726-99bc-9c76a421d54e,24,7962,7962,10502,8150,16.39,13.92,14.09,44.40
418feb2d-0819-472f-8ac8-4c9ca3858773,NewRichTextDocument1,215,db0641b4-4f99-45f1-8be3-54efcbca0709,24,5801,5801,8411,6045,12.63,10.10,10.32,33.06
418feb2d-0819-472f-8ac8-4c9ca3858773,NewRichTextDocument1,216,9cf8aff3-e614-4a53-b570-9857f3a5fff9,24,6820,6820,9434,7061,14.36,11.83,12.05,38.24
418feb2d-0819-472f-8ac8-4c9ca3858773,NewRichTextDocument1,217,d6ca5abf-f91f-4705-8876-68758a66c6de,24,3714,3714,6290,3948,8.93,6.42,6.64,21.99
418feb2d-0819-472f-8ac8-4c9ca3858773,NewRichTextDocument1,218,23d3f51a-21ed-4a8e-acf4-b2f88ddb8a9b,24,4549,4549,7168,4810,10.30,7.76,8.00,26.06
418feb2d-0819-472f-8ac8-4c9ca3858773,NewRichTextDocument1,219,38b148eb-5113-480a-b08d-c8f5b0877257,24,3142,3142,5522,3297,7.66,5.34,5.49,18.49
418feb2d-0819-472f-8ac8-4c9ca3858773,NewRichTextDocument1,220,a8ed3b0f-0226-4995-8095-25bf1987ee75,24,4987,4987,7406,5147,10.96,8.60,8.76,28.32
418feb2d-0819-472f-8ac8-4c9ca3858773,NewRichTextDocument1,221,045c0d5e-5e55-4874-8411-48b498c45250,24,5417,5417,7924,5617,11.91,9.48,9.66,31.05
418feb2d-0819-472f-8ac8-4c9ca3858773,NewRichTextDocument1,222,5d286e71-c9e8-4277-b574-410c94e1926c,24,4432,4432,6909,4629,10.10,7.69,7.88,25.67
418feb2d-0819-472f-8ac8-4c9ca3858773,NewRichTextDocument1,223,82cf1ee0-72f7-49b8-bd5c-fe716dffecb9,24,2655,2655,5120,2855,6.88,4.48,4.67,16.03
418feb2d-0819-472f-8ac8-4c9ca3858773,NewRichTextDocument1,224,c7165919-53f2-4103-b9dc-679d7b39d74b,24,4225,4225,6736,4430,9.71,7.26,7.45,24.42
418feb2d-0819-472f-8ac8-4c9ca3858773,NewRichTextDocument1,225,50970a36-2c9f-4642-a00c-19f6df6eb6bc,24,2967,2967,5504,3184,7.52,5.05,5.25,17.83
418feb2d-0819-472f-8ac8-4c9ca3858773,NewRichTextDocument1,226,bd0a29c0-4563-4012-96e5-9d3a304e9713,24,7567,7567,10066,7877,15.75,13.31,13.61,42.67
418feb2d-0819-472f-8ac8-4c9ca3858773,NewRichTextDocument1,227,81095241-8f99-4634-b168-7716776a1699,24,16181,16181,19126,16503,31.06,28.21,28.50,87.77
418feb2d-0819-472f-8ac8-4c9ca3858773,NewRichTextDocument1,228,b8042784-b3bf-4d90-a38a-149b4199309f,24,6762,6762,9349,6994,14.12,11.61,11.82,37.56
418feb2d-0819-472f-8ac8-4c9ca3858773,NewRichTextDocument1,229,2e4332dc-b01b-4b9c-bd3e-8191d707e324,24,4817,4817,7324,5014,10.60,8.15,8.34,27.09
418feb2d-0819-472f-8ac8-4c9ca3858773,NewRichTextDocument1,230,46988ddf-5b4c-4dca-998e-0d0ef557fb10,24,2999,2999,5579,3255,7.38,4.88,5.11,17.37
418feb2d-0819-472f-8ac8-4c9ca3858773,NewRichTextDocument1,231,1fd3571d-122c-46b1-aa1d-2af50d62fe15,24,5881,5881,8608,6173,12.64,10.00,10.26,32.90
418feb2d-0819-472f-8ac8-4c9ca3858773,NewRichTextDocument1,232,c955af3b-290b-4e39-8ec9-a05d09085ad6,24,7903,7903,10722,8242,15.90,13.17,13.48,42.56
418feb2d-0819-472f-8ac8-4c9ca3858773,NewRichTextDocument1,233,484c9a05-9616-4bc0-926b-482fd122c484,24,10642,10642,13249,10859,20.95,18.42,18.61,57.98
418feb2d-0819-472f-8ac8-4c9ca3858773,NewRichTextDocument1,234,a9507462-5e49-44ca-9060-53efbd00ae57,24,5278,5278,7820,5500,11.59,9.12,9.32,30.03
418feb2d-0819-472f-8ac8-4c9ca3858773,NewRichTextDocument1,235,dc73cbf1-ae1f-4d85-ae22-b24c4071443b,24,7369,7369,9981,7611,15.30,12.76,12.98,41.04
418feb2d-0819-472f-8ac8-4c9ca3858773,NewRichTextDocument1,236,e75075d1-ef7e-4f9b-b8a6-8e197145b82b,24,7476,7476,9958,7651,15.36,12.94,13.11,41.41
418feb2d-0819-472f-8ac8-4c9ca3858773,NewRichTextDocument1,237,bd592a26-2d89-407f-8c2c-ab4cd39a1906,24,10125,10125,13095,10515,20.36,17.50,17.84,55.70
418feb2d-0819-472f-8ac8-4c9ca3858773,NewRichTextDocument1,238,462ca3a6-8ccd-4cc0-9188-39a50785cc28,24,7415,7415,10312,7793,14.99,12.18,12.53,39.69
418feb2d-0819-472f-8ac8-4c9ca3858773,NewRichTextDocument1,239,f3fb204e-6e06-4860-adbf-c51aea8a3e9a,24,5619,5619,8218,5866,12.04,9.52,9.74,31.30
418feb2d-0819-472f-8ac8-4c9ca3858773,NewRichTextDocument1,240,5262fcc0-8b82-4db2-be83-0859e9990c62,24,5016,5016,7726,5323,11.13,8.51,8.78,28.42
418feb2d-0819-472f-8ac8-4c9ca3858773,NewRichTextDocument1,241,855fd6be-1cad-49bd-8c68-3162a785437d,24,3719,3719,6404,4008,9.01,6.41,6.67,22.10
418feb2d-0819-472f-8ac8-4c9ca3858773,NewRichTextDocument1,242,d3b96007-6d9e-42c8-a15a-9b60fff6b18d,24,3151,3151,5674,3364,7.77,5.32,5.51,18.60
418feb2d-0819-472f-8ac8-4c9ca3858773,NewRichTextDocument1,243,9cfb4404-c5e2-4822-bbd8-3cc5780add4d,24,3032,3032,5464,3212,7.54,5.18,5.34,18.06
418feb2d-0819-472f-8ac8-4c9ca3858773,NewRichTextDocument1,244,89c91261-d28c-43d1-a7a4-47f9f484719e,24,4082,4082,6606,4304,9.57,7.12,7.32,24.01
418feb2d-0819-472f-8ac8-4c9ca3858773,NewRichTextDocument1,245,fa459e2a-97b6-483a-94de-f768081d5fee,24,4899,4899,7446,5124,10.80,8.33,8.54,27.67
418feb2d-0819-472f-8ac8-4c9ca3858773,NewRichTextDocument1,246,58e7a016-616f-4ef5-acd5-0df08d122c9a,24,2645,2645,5050,2817,6.81,4.47,4.63,15.91
418feb2d-0819-472f-8ac8-4c9ca3858773,NewRichTextDocument1,247,1a6bb15e-7cf2-49fc-b434-c97f03382fda,24,3427,3427,5822,3587,8.16,5.83,5.98,19.96
418feb2d-0819-472f-8ac8-4c9ca3858773,NewRichTextDocument1,248,5007ae13-4788-4e64-9920-94a04f949496,24,3914,3914,6356,4096,9.11,6.73,6.90,22.75
418feb2d-0819-472f-8ac8-4c9ca3858773,NewRichTextDocument1,249,abc32730-2c65-41de-a020-56de688515c8,24,6130,6130,8734,6377,13.23,10.71,10.93,34.87
418feb2d-0819-472f-8ac8-4c9ca3858773,NewRichTextDocument1,250,eca04fc5-0342-48d4-8fc7-110ece40cea2,24,4467,4467,6908,4644,10.04,7.66,7.83,25.52
418feb2d-0819-472f-8ac8-4c9ca3858773,NewRichTextDocument1,251,ff911430-7056-4729-ab7b-04374dfad68a,24,4365,4365,6847,4554,9.80,7.38,7.56,24.73
418feb2d-0819-472f-8ac8-4c9ca3858773,NewRichTextDocument1,252,392b7fa6-0cf8-410e-81e2-7b7d51c169b8,24,4987,4987,7457,5173,10.97,8.57,8.74,28.29
418feb2d-0819-472f-8ac8-4c9ca3858773,NewRichTextDocument1,253,baa0546e-e099-48ee-8feb-2e5d1a906f8b,24,4309,4309,6736,4479,9.67,7.31,7.47,24.45
418feb2d-0819-472f-8ac8-4c9ca3858773,NewRichTextDocument1,254,dd03494e-ecf8-4f1e-86b2-91ae47b704b8,24,3341,3341,5745,3508,8.05,5.71,5.87,19.64
418feb2d-0819-472f-8ac8-4c9ca3858773,NewRichTextDocument1,255,b1cf8f7d-6f5d-41fe-aa07-0141bf0e48f6,24,7321,7321,9871,7798,15.19,12.71,13.17,41.06
418feb2d-0819-472f-8ac8-4c9ca3858773,NewRichTextDocument1,256,fffb5263-87f3-47a7-9262-b179e99f3d49,24,11107,11107,14030,11470,21.63,18.80,19.13,59.56
418feb2d-0819-472f-8ac8-4c9ca3858773,NewRichTextDocument1,257,df73d5a6-7cef-4177-8630-76ba64bd2371,24,8279,8279,10835,8485,17.04,14.55,14.74,46.33
418feb2d-0819-472f-8ac8-4c9ca3858773,NewRichTextDocument1,258,c4133844-54bf-4b89-a023-430d416a5e89,24,7801,7801,11091,8367,15.61,12.45,12.95,41.00
418feb2d-0819-472f-8ac8-4c9ca3858773,NewRichTextDocument1,259,1486db52-9157-4ee1-9e8f-5274a2144908,24,6712,6712,9623,7098,13.83,11.01,11.36,36.20
418feb2d-0819-472f-8ac8-4c9ca3858773,NewRichTextDocument1,260,4e6ee6c5-ccd1-4cfa-8774-ad3ad61bc542,24,6801,6801,9441,7044,14.43,11.86,12.09,38.39
418feb2d-0819-472f-8ac8-4c9ca3858773,NewRichTextDocument1,261,e5592cd5-730a-4927-8462-4776ea62da3c,24,9512,9512,12485,9899,18.82,15.94,16.29,51.05
418feb2d-0819-472f-8ac8-4c9ca3858773,NewRichTextDocument1,262,41eaa312-f0cc-4469-8e06-04fb498981e4,24,5741,5741,8396,6006,12.43,9.85,10.09,32.37
418feb2d-0819-472f-8ac8-4c9ca3858773,NewRichTextDocument1,263,cb8dcb7d-cdef-4536-803c-6049dffc51b4,24,11160,11160,13852,11408,21.93,19.31,19.54,60.78
418feb2d-0819-472f-8ac8-4c9ca3858773,NewRichTextDocument1,264,5e1e476f-9c02-4f77-8f11-99a6eba4bd17,24,13355,13355,16115,13627,25.96,23.29,23.53,72.79
418feb2d-0819-472f-8ac8-4c9ca3858773,NewRichTextDocument1,265,135fc733-22e8-4a37-9ca2-199695f820fa,24,13807,13807,16619,14101,26.58,23.84,24.12,74.54
418feb2d-0819-472f-8ac8-4c9ca3858773,NewRichTextDocument1,266,c9145aca-d900-4e14-b927-cd99591da893,24,14864,14864,17764,15190,28.68,25.87,26.16,80.71
418feb2d-0819-472f-8ac8-4c9ca3858773,NewRichTextDocument1,267,eb25f070-c81c-4913-9d9f-2a10f72837a4,24,6273,6273,8738,6450,13.39,10.99,11.15,35.52
418feb2d-0819-472f-8ac8-4c9ca3858773,NewRichTextDocument1,268,2d25d5fa-af37-4c66-9c1b-a2fb41086a84,24,6101,6101,8586,6288,13.12,10.70,10.88,34.70
418feb2d-0819-472f-8ac8-4c9ca3858773,NewRichTextDocument1,269,81ba5c82-e9bf-4b2d-953f-71d91ba651a7,24,8811,8811,11391,9028,17.93,15.42,15.62,48.97
418feb2d-0819-472f-8ac8-4c9ca3858773,NewRichTextDocument1,270,e3573c70-18c5-4878-8a5d-3a5f465ae6ed,24,14076,14076,16703,14276,27.34,24.78,24.97,77.09
418feb2d-0819-472f-8ac8-4c9ca3858773,NewRichTextDocument1,271,349b1480-d546-42a1-8a09-07ff87ee30d4,24,9545,9545,12332,9855,19.41,16.72,16.99,53.12
418feb2d-0819-472f-8ac8-4c9ca3858773,NewRichTextDocument1,272,7499d467-c185-467a-b8e0-015870e05a3a,24,8935,8935,11779,9397,18.02,15.26,15.69,48.97
418feb2d-0819-472f-8ac8-4c9ca3858773,NewRichTextDocument1,273,344b798d-fb9d-4ee0-b91f-f64114f8eb21,24,3412,3412,5847,3586,8.08,5.70,5.87,19.66
418feb2d-0819-472f-8ac8-4c9ca3858773,NewRichTextDocument1,274,04cfe4ca-0e3f-4f1d-b631-ecfc70e9c299,24,4322,4322,6833,4532,9.84,7.40,7.59,24.83
418feb2d-0819-472f-8ac8-4c9ca3858773,NewRichTextDocument1,275,45db07cc-926f-40d3-b803-6c67af8eca18,24,2472,2472,4844,2627,6.49,4.17,4.32,14.98
418feb2d-0819-472f-8ac8-4c9ca3858773,NewRichTextDocument1,276,5d12b58a-24c6-4e5d-8032-fc8422e37198,24,8142,8142,10744,8368,16.83,14.30,14.51,45.64
418feb2d-0819-472f-8ac8-4c9ca3858773,NewRichTextDocument1,277,ca65d0a1-7f39-409a-b754-efa0374017c9,24,8649,8649,11388,8932,17.54,14.88,15.14,47.57
418feb2d-0819-472f-8ac8-4c9ca3858773,NewRichTextDocument1,278,be753f7e-3327-49eb-a9a2-6d2bbdc2d9c7,24,6629,6629,9181,6840,14.09,11.61,11.80,37.50
418feb2d-0819-472f-8ac8-4c9ca3858773,NewRichTextDocument1,279,6981b0bf-3fb7-490a-b431-a16e45a09e28,24,10403,10403,13032,10742,21.02,18.46,18.78,58.26
418feb2d-0819-472f-8ac8-4c9ca3858773,NewRichTextDocument1,280,6c8ec18b-bb07-4e5a-b039-9d2e4a5cc1f3,24,7004,7004,9580,7225,14.73,12.22,12.43,39.38
418feb2d-0819-472f-8ac8-4c9ca3858773,NewRichTextDocument1,281,dcd155e4-9487-42c7-8b53-c0caf75b9434,24,3150,3150,5521,3300,7.66,5.34,5.49,18.49
418feb2d-0819-472f-8ac8-4c9ca3858773,NewRichTextDocument1,282,e2dfe329-6c57-4d83-bd12-9915ca07732c,24,3879,3879,6350,4070,9.15,6.74,6.92,22.81
418feb2d-0819-472f-8ac8-4c9ca3858773,NewRichTextDocument1,283,b492f13e-8267-4219-9c1b-8f2714efd22a,24,5303,5303,7747,5475,11.65,9.27,9.43,30.36
418feb2d-0819-472f-8ac8-4c9ca3858773,NewRichTextDocument1,284,04ddc6a2-d2a3-4029-817c-62ab02112487,24,5251,5251,7684,5416,11.50,9.13,9.29,29.92
418feb2d-0819-472f-8ac8-4c9ca3858773,NewRichTextDocument1,285,4d20cfc4-d3b5-494b-adce-0dae26feaa1e,24,4321,4321,6749,4491,9.86,7.50,7.66,25.01
418feb2d-0819-472f-8ac8-4c9ca3858773,NewRichTextDocument1,286,f860846b-811e-407f-b2d8-d526a95b64f7,24,5706,5706,8154,5876,12.38,10.00,10.16,32.54
418feb2d-0819-472f-8ac8-4c9ca3858773,NewRichTextDocument1,287,d59021c8-5b8c-43e8-8a39-398425198b3b,24,7190,7190,9690,7371,15.02,12.59,12.76,40.37
418feb2d-0819-472f-8ac8-4c9ca3858773,NewRichTextDocument1,288,c8a53f80-e6f9-4896-9a6a-a5433e065928,24,7169,7169,9758,7399,14.96,12.44,12.65,40.05
418feb2d-0819-472f-8ac8-4c9ca3858773,NewRichTextDocument1,289,4e221224-581f-46d4-bac7-b9926c40e138,24,9470,9470,12485,9880,18.38,15.45,15.83,49.66
418feb2d-0819-472f-8ac8-4c9ca3858773,NewRichTextDocument1,290,8ba5670f-a4d6-4074-ad3d-2720d05c19e5,24,7473,7473,10715,8018,14.84,11.72,12.21,38.76
418feb2d-0819-472f-8ac8-4c9ca3858773,NewRichTextDocument1,291,984922b8-4ca4-49b2-91a6-2417ed4b8dbd,24,8635,8635,11282,8867,17.75,15.17,15.39,48.30
418feb2d-0819-472f-8ac8-4c9ca3858773,NewRichTextDocument1,292,7b538ee4-2683-4f1c-a800-ca09d0d10a52,24,4365,4365,6843,4548,9.91,7.49,7.67,25.06
418feb2d-0819-472f-8ac8-4c9ca3858773,NewRichTextDocument1,293,70407c80-288a-460f-b273-69cf9e3ffa44,24,10721,10721,13341,10943,21.33,18.79,18.99,59.11
418feb2d-0819-472f-8ac8-4c9ca3858773,NewRichTextDocument1,294,fd0a312c-724a-4b68-ae88-76e4f09de1b0,24,3488,3488,5881,3650,8.35,6.01,6.17,20.53
418feb2d-0819-472f-8ac8-4c9ca3858773,NewRichTextDocument1,295,a0f98b7a-b10d-4df2-8495-365587705c5e,24,7241,7241,9989,7533,15.00,12.34,12.60,39.94
418feb2d-0819-472f-8ac8-4c9ca3858773,NewRichTextDocument1,296,cd260b0f-909e-496a-9cb1-d133e373bb12,24,3108,3108,5506,3275,7.63,5.30,5.46,18.39
418feb2d-0819-472f-8ac8-4c9ca3858773,NewRichTextDocument1,297,b4821a6d-e73b-406b-bcfa-06376bca8ddd,24,4237,4237,6675,4412,9.66,7.28,7.45,24.38
418feb2d-0819-472f-8ac8-4c9ca3858773,NewRichTextDocument1,298,782e29f1-5fbc-4a5f-8dcc-8a17412e5104,24,6472,6472,9147,6752,13.86,11.27,11.52,36.66
418feb2d-0819-472f-8ac8-4c9ca3858773,NewRichTextDocument1,299,caa68181-7bab-4cd0-8e7b-4b6331da7df0,24,3367,3367,5741,3517,8.05,5.73,5.88,19.65
418feb2d-0819-472f-8ac8-4c9ca3858773,NewRichTextDocument1,300,ded7cdfc-bb19-4273-b8fd-9295d4324df7,24,5009,5009,7495,5200,11.12,8.70,8.88,28.69
418feb2d-0819-472f-8ac8-4c9ca3858773,NewRichTextDocument1,301,62372355-b8b6-42a7-b3a0-52c8d9753472,24,2715,2715,5089,2870,6.96,4.64,4.79,16.38
418feb2d-0819-472f-8ac8-4c9ca3858773,NewRichTextDocument1,302,f33b8007-66ef-4d50-9cfc-a29ab2189e89,24,6642,6642,9230,6873,14.10,11.59,11.80,37.49
418feb2d-0819-472f-8ac8-4c9ca3858773,NewRichTextDocument1,303,eb281321-2fda-4e97-a0b1-6dc544a96da8,24,7131,7131,9673,7336,14.93,12.46,12.65,40.04
418feb2d-0819-472f-8ac8-4c9ca3858773,NewRichTextDocument1,304,9178d569-39b3-4996-8f69-2d8ec9c188ec,24,10360,10360,13252,10711,20.40,17.60,17.92,55.91
418feb2d-0819-472f-8ac8-4c9ca3858773,NewRichTextDocument1,305,95987f1c-6706-49c4-8fb6-fbdf9a85699c,24,6245,6245,9137,6585,13.17,10.36,10.68,34.21
418feb2d-0819-472f-8ac8-4c9ca3858773,NewRichTextDocument1,306,5e73d82e-9c86-4469-a928-2f403c3eb7ed,24,2421,2421,5005,2678,6.07,3.55,3.80,13.43
418feb2d-0819-472f-8ac8-4c9ca3858773,NewRichTextDocument1,307,6bd297b4-8ebe-4bd3-aa48-f175d504dacb,24,6441,6441,9264,6789,13.50,10.77,11.08,35.36
418feb2d-0819-472f-8ac8-4c9ca3858773,NewRichTextDocument1,308,c1029ac6-c496-4e85-821b-2feab5414d25,24,6470,6470,8977,6655,13.81,11.36,11.54,36.71
418feb2d-0819-472f-8ac8-4c9ca3858773,NewRichTextDocument1,309,fc1c3e42-de3d-4d2b-b6b2-cd47f00aee36,24,10192,10192,12818,10394,20.55,17.99,18.18,56.72
418feb2d-0819-472f-8ac8-4c9ca3858773,NewRichTextDocument1,310,99ebb40c-0695-49b5-999f-bc3a4a26d9af,24,3878,3878,6358,4074,9.15,6.74,6.92,22.81
418feb2d-0819-472f-8ac8-4c9ca3858773,NewRichTextDocument1,311,2656ec41-35bc-466f-8338-fb2efafe4959,24,4143,4143,6637,4330,9.55,7.12,7.30,23.97
418feb2d-0819-472f-8ac8-4c9ca3858773,NewRichTextDocument1,312,5d61f3c2-5941-4cf5-8cef-68f4c81ee25d,24,5527,5527,7992,5709,12.03,9.63,9.80,31.45
418feb2d-0819-472f-8ac8-4c9ca3858773,NewRichTextDocument1,313,47248b63-7687-4a2e-8984-6c3412f8cea7,24,4463,4463,6896,4633,10.04,7.67,7.83,25.54
418feb2d-0819-472f-8ac8-4c9ca3858773,NewRichTextDocument1,314,4d2ebd50-25d9-4898-8f5c-c5dc6488a2ce,24,5328,5328,7768,5502,11.72,9.34,9.51,30.56
418feb2d-0819-472f-8ac8-4c9ca3858773,NewRichTextDocument1,315,29d74c07-0c83-44fe-ae18-a1b5327671e5,24,6473,6473,9130,6745,13.66,11.09,11.33,36.08
418feb2d-0819-472f-8ac8-4c9ca3858773,NewRichTextDocument1,316,d4bedde8-e6bb-4da7-908c-7c0270da4a88,24,6548,6548,9168,6786,13.76,11.21,11.43,36.41
418feb2d-0819-472f-8ac8-4c9ca3858773,NewRichTextDocument1,317,c1ac2122-9306-4ab1-9a7f-53a41119af95,24,9624,9624,12620,10016,18.99,16.09,16.44,51.52
418feb2d-0819-472f-8ac8-4c9ca3858773,NewRichTextDocument1,318,e719c395-9070-4e6b-ae36-625b2b48d47f,24,5548,5548,8300,5864,11.67,8.99,9.29,29.95
418feb2d-0819-472f-8ac8-4c9ca3858773,NewRichTextDocument1,319,c75505c8-e5de-403f-b6c2-612620116238,24,4375,4375,6926,4607,9.98,7.50,7.72,25.20
418feb2d-0819-472f-8ac8-4c9ca3858773,NewRichTextDocument1,320,8cae6ab6-cda0-43da-98d5-3a1fbbc858ea,24,8033,8033,11109,8453,16.77,13.79,14.17,44.73
418feb2d-0819-472f-8ac8-4c9ca3858773,NewRichTextDocument1,321,7df45037-655b-4322-98a0-e6a0ec7cd284,24,5022,5022,7779,5343,10.69,8.01,8.31,27.00
418feb2d-0819-472f-8ac8-4c9ca3858773,NewRichTextDocument1,322,aabc3e62-c560-464a-938c-097c6a038b20,24,4499,4499,7235,4818,9.86,7.21,7.50,24.58
418feb2d-0819-472f-8ac8-4c9ca3858773,NewRichTextDocument1,323,00e4e04f-b1b5-4295-a36d-e28596a93825,24,6683,6683,9320,6927,14.25,11.68,11.91,37.84
418feb2d-0819-472f-8ac8-4c9ca3858773,NewRichTextDocument1,324,65620be5-a13c-42af-830c-70be22ec8520,24,3812,3812,6264,3997,8.81,6.42,6.59,21.82
418feb2d-0819-472f-8ac8-4c9ca3858773,NewRichTextDocument1,325,3ec2ae33-8b4c-4552-8a6a-16023ed1455e,24,4933,4933,7349,5093,10.97,8.61,8.76,28.34
418feb2d-0819-472f-8ac8-4c9ca3858773,NewRichTextDocument1,326,ea1e4176-d955-4c4e-a27b-828b41cf7d2d,24,4739,4739,7202,4926,10.69,8.29,8.46,27.44
418feb2d-0819-472f-8ac8-4c9ca3858773,NewRichTextDocument1,327,62663d21-e0bd-489a-9855-56db07ed9fe5,24,9389,9389,11948,9593,19.04,16.56,16.75,52.35
418feb2d-0819-472f-8ac8-4c9ca3858773,NewRichTextDocument1,328,ab096676-a3eb-4621-b71b-dca3d7a82a76,24,5757,5757,8446,6035,12.16,9.54,9.80,31.50
418feb2d-0819-472f-8ac8-4c9ca3858773,NewRichTextDocument1,329,03639ada-5cdd-433a-a7d7-dc610f66e927,24,7336,7336,9961,7582,15.22,12.67,12.90,40.79
418feb2d-0819-472f-8ac8-4c9ca3858773,NewRichTextDocument1,330,30c7affc-1435-4d55-ad98-7ac128b69956,24,5903,5903,8576,6170,12.47,9.87,10.12,32.46
418feb2d-0819-472f-8ac8-4c9ca3858773,NewRichTextDocument1,331,8ad161b7-395e-4fdd-b555-6a81988be393,24,9320,9320,11919,9542,18.90,16.38,16.58,51.86
418feb2d-0819-472f-8ac8-4c9ca3858773,NewRichTextDocument1,332,06435284-12de-4920-a800-647fc4cf99d6,24,6615,6615,9245,6872,14.09,11.54,11.77,37.40
418feb2d-0819-472f-8ac8-4c9ca3858773,NewRichTextDocument1,333,3c65122b-f39f-413e-a398-00b0ddd5315c,24,8374,8374,12393,9272,16.06,12.24,13.01,41.30
418feb2d-0819-472f-8ac8-4c9ca3858773,NewRichTextDocument1,334,07555011-315c-4f9b-919c-46b956ed7d8d,24,10278,10278,12902,10630,20.85,18.30,18.64,57.79
418feb2d-0819-472f-8ac8-4c9ca3858773,NewRichTextDocument1,335,25424e9f-34e6-44e6-acfe-51051dc790ac,24,15311,15311,18107,15575,29.75,27.03,27.28,84.07
418feb2d-0819-472f-8ac8-4c9ca3858773,NewRichTextDocument1,336,29fca698-4133-4b11-84ab-c107821ad296,24,8179,8179,10851,8439,16.91,14.31,14.55,45.77
418feb2d-0819-472f-8ac8-4c9ca3858773,NewRichTextDocument1,337,2462cb2c-2ae8-4bed-ba8f-6ba5ed84010e,24,10888,10888,14004,11349,21.04,18.04,18.45,57.53
418feb2d-0819-472f-8ac8-4c9ca3858773,NewRichTextDocument1,338,dea88207-5e33-4367-95c4-45bbfccb1a02,24,6960,6960,10073,7445,13.66,10.66,11.09,35.41
418feb2d-0819-472f-8ac8-4c9ca3858773,NewRichTextDocument1,339,621badc9-817c-4e0d-9ca3-2bcda0462a80,24,4727,4727,7402,5016,10.33,7.73,8.00,26.06
418feb2d-0819-472f-8ac8-4c9ca3858773,NewRichTextDocument1,340,1a09b372-86e1-43b4-bd2c-68f8d75d776d,24,2106,2106,4523,2288,5.94,3.59,3.76,13.29
418feb2d-0819-472f-8ac8-4c9ca3858773,NewRichTextDocument1,341,45944f4d-ee56-4721-8268-0d25abb302ca,24,7520,7520,10592,7925,16.11,13.14,13.51,42.76
418feb2d-0819-472f-8ac8-4c9ca3858773,NewRichTextDocument1,342,bf121baf-fedc-43e1-9cd7-a87e0676557c,24,5569,5569,8303,5882,11.95,9.30,9.58,30.83
418feb2d-0819-472f-8ac8-4c9ca3858773,NewRichTextDocument1,343,135210c5-c6a0-4554-9c92-3eef549d737c,24,9506,9506,12336,9826,18.85,16.10,16.40,51.34
418feb2d-0819-472f-8ac8-4c9ca3858773,NewRichTextDocument1,344,51a837fb-aab6-473e-804e-6e7bb73a1bde,24,6533,6533,8991,6705,13.83,11.43,11.60,36.86
418feb2d-0819-472f-8ac8-4c9ca3858773,NewRichTextDocument1,345,e2977b30-34df-4b92-8b6b-baa2cd651858,24,4593,4593,7006,4755,10.24,7.89,8.04,26.17
418feb2d-0819-472f-8ac8-4c9ca3858773,NewRichTextDocument1,346,a963408a-cc74-462f-aa6d-2e77381669eb,24,5546,5546,7992,5718,12.01,9.63,9.79,31.42
418feb2d-0819-472f-8ac8-4c9ca3858773,NewRichTextDocument1,347,28c73c06-16b0-4413-abfc-3bde82e3bc7f,24,4623,4623,7204,4864,10.38,7.88,8.10,26.36
418feb2d-0819-472f-8ac8-4c9ca3858773,NewRichTextDocument1,348,2b59565d-a36f-4512-949c-56b57e17e8f4,24,4857,4857,7333,5047,10.76,8.35,8.53,27.63
418feb2d-0819-472f-8ac8-4c9ca3858773,NewRichTextDocument1,349,6972af26-5ad4-49ee-995a-3219121d9829,24,3757,3757,6199,3937,8.86,6.48,6.65,22.00
418feb2d-0819-472f-8ac8-4c9ca3858773,NewRichTextDocument1,350,d8e66a0f-8152-48f1-833d-28c12721353f,24,2115,2115,4560,2306,6.01,3.63,3.81,13.46
418feb2d-0819-472f-8ac8-4c9ca3858773,NewRichTextDocument1,351,6d0d8a26-c6af-4f7b-aca2-aaa54d8c26a1,24,4595,4595,7107,4799,10.42,7.98,8.17,26.57
418feb2d-0819-472f-8ac8-4c9ca3858773,NewRichTextDocument1,352,2bf4acfd-1454-4c86-9d70-ce57ae6c9ec1,24,4653,4653,7104,4835,10.43,8.04,8.21,26.68
418feb2d-0819-472f-8ac8-4c9ca3858773,NewRichTextDocument1,353,929824f1-9de6-4478-babf-4f389c099b1d,24,4030,4030,6414,4182,9.34,7.01,7.16,23.50
418feb2d-0819-472f-8ac8-4c9ca3858773,NewRichTextDocument1,354,084d8aa8-22bd-4af2-9706-e2ed57d181bd,24,13079,13079,16297,13567,25.11,22.00,22.44,69.54
418feb2d-0819-472f-8ac8-4c9ca3858773,NewRichTextDocument1,355,ca4e55ac-1f9e-4cd2-92b7-a55bc4b5182e,24,4517,4517,7069,4749,10.17,7.69,7.90,25.76
418feb2d-0819-472f-8ac8-4c9ca3858773,NewRichTextDocument1,356,1f66d6f4-1f84-4a16-b66f-50944dba8f6b,24,3587,3587,5985,3749,8.58,6.24,6.40,21.22
418feb2d-0819-472f-8ac8-4c9ca3858773,NewRichTextDocument1,357,68e74170-b4f3-4d90-9504-08f07120c377,24,5056,5056,7475,5218,11.17,8.81,8.97,28.95
418feb2d-0819-472f-8ac8-4c9ca3858773,NewRichTextDocument1,358,a8cbb3a2-62bc-417b-8d33-a0ded7f6716d,24,4417,4417,6968,4647,10.16,7.69,7.89,25.74
418feb2d-0819-472f-8ac8-4c9ca3858773,NewRichTextDocument1,359,0b973f28-67c5-4352-88d6-92bcbfccc61b,24,8201,8201,10816,8437,16.92,14.38,14.60,45.91
418feb2d-0819-472f-8ac8-4c9ca3858773,NewRichTextDocument1,360,6070b24a-85a4-47ab-8aa0-fae3f9877142,24,5282,5282,7882,5533,11.64,9.12,9.35,30.12
418feb2d-0819-472f-8ac8-4c9ca3858773,NewRichTextDocument1,361,0fee4a7f-08fa-4720-9b73-828fe8594712,24,8647,8647,11525,9007,17.49,14.71,15.03,47.23
418feb2d-0819-472f-8ac8-4c9ca3858773,NewRichTextDocument1,362,5f631fcd-7722-4368-b5a3-ad414d3bd3f2,24,6047,6047,8760,6336,13.05,10.41,10.68,34.14
418feb2d-0819-472f-8ac8-4c9ca3858773,NewRichTextDocument1,363,a9c943d8-fa21-4c51-94e4-f46f0fff4d58,24,13178,13178,16068,13505,25.67,22.87,23.17,71.72
418feb2d-0819-472f-8ac8-4c9ca3858773,NewRichTextDocument1,364,1e77f936-30f3-4225-8f71-68b9abdf3586,24,5763,5763,8310,5979,12.56,10.09,10.29,32.94
418feb2d-0819-472f-8ac8-4c9ca3858773,NewRichTextDocument1,365,8705f0cf-bafc-4155-b1fb-2f7e62bb2eb6,24,5163,5163,8047,5546,10.62,7.82,8.18,26.61
418feb2d-0819-472f-8ac8-4c9ca3858773,NewRichTextDocument1,366,3b3ba516-cd08-496a-a395-c5143aa40b21,24,8113,8113,11931,8932,14.88,11.23,11.95,38.06
418feb2d-0819-472f-8ac8-4c9ca3858773,NewRichTextDocument1,367,f1b83b44-f8e3-42c5-9b00-5eb815f454cd,24,6429,6429,9932,7103,12.64,9.28,9.88,31.81
418feb2d-0819-472f-8ac8-4c9ca3858773,NewRichTextDocument1,368,c2d8c490-0820-4073-a7ce-369c2f857cd8,24,7857,7857,11087,8383,14.86,11.72,12.21,38.79
418feb2d-0819-472f-8ac8-4c9ca3858773,NewRichTextDocument1,369,e745f4a6-5961-4117-90a5-a92c5ad9094e,24,4999,4999,7438,5170,10.98,8.60,8.77,28.36
418feb2d-0819-472f-8ac8-4c9ca3858773,NewRichTextDocument1,370,c3a2eebb-4963-4fce-9d92-ef40a04c3dba,24,5929,5929,8379,6101,12.62,10.23,10.39,33.24
418feb2d-0819-472f-8ac8-4c9ca3858773,NewRichTextDocument1,371,23b08442-ee44-4fee-a138-075a53b729b8,24,5970,5970,8475,6167,12.87,10.44,10.62,33.93
418feb2d-0819-472f-8ac8-4c9ca3858773,NewRichTextDocument1,372,e8774fb3-f40e-494e-8e31-87c380388c54,24,9503,9503,12269,9803,19.34,16.67,16.93,52.93
418feb2d-0819-472f-8ac8-4c9ca3858773,NewRichTextDocument1,373,b0ce46c2-cd36-4c86-a4e7-c2352febd740,24,8924,8924,11457,9110,18.02,15.55,15.73,49.31
418feb2d-0819-472f-8ac8-4c9ca3858773,NewRichTextDocument1,374,b744b2b7-d723-400d-88bf-4947034ce6af,24,7594,7594,10357,7904,15.14,12.46,12.75,40.34
418feb2d-0819-472f-8ac8-4c9ca3858773,NewRichTextDocument1,375,56d72a9c-a2b4-4fc1-8106-aac31a9e6854,24,5625,5625,8442,5969,11.47,8.73,9.06,29.26
418feb2d-0819-472f-8ac8-4c9ca3858773,NewRichTextDocument1,376,8f6cae9e-4b41-441b-b26f-d1fa119067c9,24,7029,7029,10118,7763,13.94,10.95,11.64,36.54
418feb2d-0819-472f-8ac8-4c9ca3858773,NewRichTextDocument1,377,c6bcf347-a7c1-4dae-b517-b2a64af37964,24,8145,8145,11033,8503,16.78,13.98,14.31,45.07
418feb2d-0819-472f-8ac8-4c9ca3858773,NewRichTextDocument1,378,ee4e32d2-2f37-4164-9011-96c9e3bbfae4,24,7414,7414,11182,8213,13.39,9.77,10.49,33.65
418feb2d-0819-472f-8ac8-4c9ca3858773,NewRichTextDocument1,379,e74f7012-20d5-4bb3-b8a9-9c98a71d93af,24,9505,9505,12138,9742,19.16,16.60,16.82,52.58
418feb2d-0819-472f-8ac8-4c9ca3858773,NewRichTextDocument1,380,43405d10-558d-4d80-a94f-8a85441533e8,24,3887,3887,6300,4054,9.03,6.68,6.84,22.55
418feb2d-0819-472f-8ac8-4c9ca3858773,NewRichTextDocument1,381,9f288e6e-ad27-47f1-9172-c7a83dc5a76e,24,5336,5336,7959,5597,11.47,8.92,9.16,29.56
418feb2d-0819-472f-8ac8-4c9ca3858773,NewRichTextDocument1,382,98824094-3b29-4724-8a80-1bd21bfc1035,24,9646,9646,12179,9833,19.39,16.92,17.10,53.41
418feb2d-0819-472f-8ac8-4c9ca3858773,NewRichTextDocument1,383,6e59eb02-bfc7-4ec6-81fd-0462c36680b0,24,9197,9197,11954,9499,18.76,16.09,16.36,51.21
418feb2d-0819-472f-8ac8-4c9ca3858773,NewRichTextDocument1,384,f38578ce-1245-4f5c-aa26-e2dc9514a639,24,5188,5188,7731,5402,11.46,8.99,9.19,29.64
418feb2d-0819-472f-8ac8-4c9ca3858773,NewRichTextDocument1,385,4b8f94d2-4897-4361-bc14-be57fe81e39a,24,9901,9901,12589,10162,19.71,17.10,17.34,54.16
418feb2d-0819-472f-8ac8-4c9ca3858773,NewRichTextDocument1,386,b90efd8e-0334-443c-9389-149557cce183,24,3945,3945,6536,4197,8.88,6.36,6.60,21.83
418feb2d-0819-472f-8ac8-4c9ca3858773,NewRichTextDocument1,387,ea29f570-04b9-4b8b-841c-6a8092f6e60d,24,9125,9125,11797,9373,18.45,15.85,16.08,50.39
418feb2d-0819-472f-8ac8-4c9ca3858773,NewRichTextDocument1,388,ca683850-830c-4591-b4ab-48ee4b8aed2b,24,4492,4492,6921,4662,10.10,7.73,7.89,25.72
418feb2d-0819-472f-8ac8-4c9ca3858773,NewRichTextDocument1,389,f9206ee0-e476-4c4e-832c-b4e5da2f75aa,24,8377,8377,10996,8611,17.04,14.50,14.71,46.25
418feb2d-0819-472f-8ac8-4c9ca3858773,NewRichTextDocument1,390,948e5265-d92d-4d37-9906-3a476fb8d68c,24,7107,7107,9674,7329,14.83,12.33,12.54,39.70
418feb2d-0819-472f-8ac8-4c9ca3858773,NewRichTextDocument1,391,0cb63226-fc30-4194-83f0-39ef93c7183c,24,4678,4678,7189,4876,10.54,8.10,8.28,26.92
418feb2d-0819-472f-8ac8-4c9ca3858773,NewRichTextDocument1,392,f598012a-06af-4599-8bcc-cb8c678a244e,24,4399,4399,6966,4634,10.02,7.53,7.75,25.30
418feb2d-0819-472f-8ac8-4c9ca3858773,NewRichTextDocument1,393,00850b96-268f-455b-a2be-c7a6d0f3df3f,24,4485,4485,7013,4701,10.17,7.71,7.91,25.80
418feb2d-0819-472f-8ac8-4c9ca3858773,NewRichTextDocument1,394,8153a238-a30c-452f-8932-688126f2a5e1,24,5031,5031,7540,5230,11.19,8.75,8.94,28.88
418feb2d-0819-472f-8ac8-4c9ca3858773,NewRichTextDocument1,395,533a6325-fd1f-4fb3-99f6-f4276262d7ee,24,5636,5636,8279,6023,12.40,9.84,10.20,32.44
418feb2d-0819-472f-8ac8-4c9ca3858773,NewRichTextDocument1,396,bd1db10a-2fea-4a0f-9fb5-26b95c03b1a5,24,12472,12472,15426,12834,24.43,21.57,21.90,67.90
418feb2d-0819-472f-8ac8-4c9ca3858773,NewRichTextDocument1,397,01075cf6-94a2-4f5e-a509-c2a55a30afd2,24,7105,7105,9667,7322,14.87,12.38,12.58,39.83
418feb2d-0819-472f-8ac8-4c9ca3858773,NewRichTextDocument1,398,0acb9639-6808-4b63-b729-659dd7c4ccac,24,7684,7684,10199,7878,15.93,13.48,13.66,43.08
418feb2d-0819-472f-8ac8-4c9ca3858773,NewRichTextDocument1,399,bfbb54de-8c7b-4848-9fb7-58239b0b4097,24,5111,5111,7620,5318,11.34,8.90,9.09,29.33
418feb2d-0819-472f-8ac8-4c9ca3858773,NewRichTextDocument1,400,bfccda39-8bd5-47a4-ac45-e1610966bb8c,24,10669,10669,13381,10932,21.45,18.81,19.05,59.32
418feb2d-0819-472f-8ac8-4c9ca3858773,NewRichTextDocument1,401,6adaf1e4-6c7c-47c1-a122-b86a603ce891,24,9512,9512,12798,10067,18.66,15.50,15.99,50.15
418feb2d-0819-472f-8ac8-4c9ca3858773,NewRichTextDocument1,402,4f706bf5-9177-4cc8-a153-0a8b136d2936,24,8478,8478,11403,8855,16.88,14.04,14.39,45.32
418feb2d-0819-472f-8ac8-4c9ca3858773,NewRichTextDocument1,403,124c56ad-b31e-4d79-bab9-249a54e5483e,24,8746,8746,11364,8979,17.56,15.01,15.23,47.79
418feb2d-0819-472f-8ac8-4c9ca3858773,NewRichTextDocument1,404,94fddc74-416f-4a6e-ab16-e4dbe343a8d2,24,6277,6277,8892,6524,13.10,10.56,10.79,34.45
418feb2d-0819-472f-8ac8-4c9ca3858773,NewRichTextDocument1,405,c2e59bfb-761b-4eda-bb0c-8e9efac1ca70,24,7476,7476,9931,7638,15.57,13.17,13.33,42.07
418feb2d-0819-472f-8ac8-4c9ca3858773,NewRichTextDocument1,406,3029086b-16ca-435c-ae5d-ff5fbbfa4a16,24,7311,7311,9830,7510,15.29,12.84,13.02,41.15
418feb2d-0819-472f-8ac8-4c9ca3858773,NewRichTextDocument1,407,da76d8b6-f80b-4a21-868a-282dcee94de2,24,8075,8075,10634,8287,16.65,14.17,14.36,45.18
418feb2d-0819-472f-8ac8-4c9ca3858773,NewRichTextDocument1,408,4656d462-9ee1-4865-b68c-b7843e89ff9c,24,4887,4887,7394,5093,10.89,8.45,8.64,27.98
418feb2d-0819-472f-8ac8-4c9ca3858773,NewRichTextDocument1,409,30af5bf7-9faa-46b9-ac16-d42a4f83bc3b,24,7347,7347,9845,7669,15.46,13.03,13.34,41.83
418feb2d-0819-472f-8ac8-4c9ca3858773,NewRichTextDocument1,410,73dfdda7-31a8-409f-b55c-61325542a631,24,8292,8292,10973,8522,17.18,14.56,14.79,46.52
418feb2d-0819-472f-8ac8-4c9ca3858773,NewRichTextDocument1,411,579a9965-dc0c-4099-930f-f9563d5a6cd8,24,8783,8783,11274,8951,17.94,15.51,15.67,49.11
418feb2d-0819-472f-8ac8-4c9ca3858773,NewRichTextDocument1,412,479786f5-0970-4cd4-93d3-498fb21726a5,24,4459,4459,6946,4646,10.14,7.71,7.89,25.75
418feb2d-0819-472f-8ac8-4c9ca3858773,NewRichTextDocument1,413,67de391f-42b4-4ac9-8509-3d22220dfb6f,24,3509,3509,5938,3683,8.42,6.05,6.22,20.69
418feb2d-0819-472f-8ac8-4c9ca3858773,NewRichTextDocument1,414,f43da574-d663-43c8-a6a5-5ed429f9555d,24,5586,5586,8048,5756,12.08,9.68,9.85,31.61
418feb2d-0819-472f-8ac8-4c9ca3858773,NewRichTextDocument1,415,9def2704-3df1-4edd-a32c-734ce2d84aa7,24,5453,5453,7976,5659,11.93,9.47,9.67,31.07
418feb2d-0819-472f-8ac8-4c9ca3858773,NewRichTextDocument1,416,4510ee91-1a3a-4c53-a6bc-269f36e2c40c,24,3828,3828,6398,4071,8.74,6.24,6.47,21.45
418feb2d-0819-472f-8ac8-4c9ca3858773,NewRichTextDocument1,417,a6ef382a-0183-48b4-8aef-dab08156c1a9,24,4211,4211,6664,4398,9.60,7.21,7.39,24.21
418feb2d-0819-472f-8ac8-4c9ca3858773,NewRichTextDocument1,418,66bc8bce-d336-4cc3-9f5c-01bac7c8f432,24,4594,4594,7312,4901,9.81,7.16,7.45,24.42
418feb2d-0819-472f-8ac8-4c9ca3858773,NewRichTextDocument1,419,352f1925-6542-485d-a4ee-967c8a997a11,24,3993,3993,6490,4200,9.03,6.59,6.79,22.41
418feb2d-0819-472f-8ac8-4c9ca3858773,NewRichTextDocument1,420,f2db6051-ae4c-41e6-8db3-4551629a2ee8,24,3512,3512,5939,3687,8.37,6.00,6.17,20.54
418feb2d-0819-472f-8ac8-4c9ca3858773,NewRichTextDocument1,421,4d330011-6327-4161-962e-0cbe599337f4,24,5316,5316,7858,5538,11.76,9.30,9.50,30.56
418feb2d-0819-472f-8ac8-4c9ca3858773,NewRichTextDocument1,422,7abdfeb9-b877-473d-8b1b-98618f0c4b5b,24,8357,8357,10831,8524,17.08,14.67,14.83,46.59
418feb2d-0819-472f-8ac8-4c9ca3858773,NewRichTextDocument1,423,e2e2029b-2e12-4415-8b4b-80fdd62c6526,24,7775,7775,10452,8047,16.05,13.45,13.70,43.20
418feb2d-0819-472f-8ac8-4c9ca3858773,NewRichTextDocument1,424,2dac4bdc-4332-4f2f-ac52-e118997ae46c,24,5792,5792,8491,6085,12.36,9.74,10.01,32.11
418feb2d-0819-472f-8ac8-4c9ca3858773,NewRichTextDocument1,425,fe525af0-aa11-400e-a5d9-fe934b3bc4e6,24,8184,8184,11276,8655,16.06,13.09,13.50,42.65
418feb2d-0819-472f-8ac8-4c9ca3858773,NewRichTextDocument1,426,d04c9d22-d0af-4b69-8547-f0397b8e80ba,24,6911,6911,9648,7211,14.43,11.77,12.05,38.24
418feb2d-0819-472f-8ac8-4c9ca3858773,NewRichTextDocument1,427,a3eee6ab-e0aa-43df-8a91-9db21248611b,24,7341,7341,9812,7646,15.39,12.98,13.28,41.65
418feb2d-0819-472f-8ac8-4c9ca3858773,NewRichTextDocument1,428,6a0bdf82-e975-4ac0-aa0b-a1a2f820cf8b,24,7826,7826,10564,8122,16.38,13.74,14.00,44.12
418feb2d-0819-472f-8ac8-4c9ca3858773,NewRichTextDocument1,429,dba6d661-d211-4470-ab2d-da798d1c6490,24,4860,4860,7254,5012,10.76,8.43,8.57,27.76
418feb2d-0819-472f-8ac8-4c9ca3858773,NewRichTextDocument1,430,58a201eb-14c9-40e7-8da6-b00eb81fc669,24,5645,5645,8133,5831,12.36,9.93,10.11,32.39
418feb2d-0819-472f-8ac8-4c9ca3858773,NewRichTextDocument1,431,46193fd8-487b-42cf-b1b8-3db516492b21,24,10810,10810,13902,11194,21.72,18.71,19.07,59.51
418feb2d-0819-472f-8ac8-4c9ca3858773,NewRichTextDocument1,432,a349f2dc-1ce2-4776-bb24-ed7df7758ecc,24,5685,5685,8152,5867,12.41,10.01,10.18,32.60
418feb2d-0819-472f-8ac8-4c9ca3858773,NewRichTextDocument1,433,44211590-d7c1-4f82-9fb8-a73f96d4def0,24,4709,4709,7119,4871,10.60,8.25,8.40,27.24
418feb2d-0819-472f-8ac8-4c9ca3858773,NewRichTextDocument1,434,da64004a-d703-4c2d-aa04-52981210bef7,24,3658,3658,6086,3835,8.68,6.31,6.48,21.47
418feb2d-0819-472f-8ac8-4c9ca3858773,NewRichTextDocument1,435,0d924db1-dda2-467b-acde-9d9e323f4057,24,2654,2654,5108,2849,6.87,4.48,4.66,16.02
418feb2d-0819-472f-8ac8-4c9ca3858773,NewRichTextDocument1,436,6dc70c18-a33f-4397-9918-4b458fb187d7,24,3510,3510,5950,3692,8.29,5.91,6.08,20.27
418feb2d-0819-472f-8ac8-4c9ca3858773,NewRichTextDocument1,437,52b69534-f271-4faf-b0fa-aa1bea99acf5,24,6109,6109,8614,6305,13.03,10.59,10.78,34.41
418feb2d-0819-472f-8ac8-4c9ca3858773,NewRichTextDocument1,438,e810cb14-338c-4d0c-944a-6cdbf9587f3a,24,7091,7091,9716,7340,14.85,12.30,12.53,39.67
418feb2d-0819-472f-8ac8-4c9ca3858773,NewRichTextDocument1,439,95eb75aa-2c35-4b5a-936f-20328d853d6e,24,8557,8557,11106,8761,17.52,15.04,15.23,47.79
418feb2d-0819-472f-8ac8-4c9ca3858773,NewRichTextDocument1,440,577da800-89af-438f-8dfd-5fad61011ecf,24,8725,8725,11416,8994,17.78,15.17,15.41,48.36
418feb2d-0819-472f-8ac8-4c9ca3858773,NewRichTextDocument1,441,43770091-425e-4fc3-b620-82efc27546a5,24,9095,9095,11631,9289,18.48,16.01,16.19,50.69
418feb2d-0819-472f-8ac8-4c9ca3858773,NewRichTextDocument1,442,1cb32b2b-8418-433d-9ce3-7c383e473cfb,24,4684,4684,7186,4891,10.54,8.11,8.30,26.96
418feb2d-0819-472f-8ac8-4c9ca3858773,NewRichTextDocument1,443,23ec2728-4409-4d31-846a-52ef6109179d,24,4474,4474,6895,4641,10.09,7.73,7.89,25.70
418feb2d-0819-472f-8ac8-4c9ca3858773,NewRichTextDocument1,444,45e8494b-7f46-41e7-80fb-273301ead86a,24,5209,5209,7692,5399,11.47,9.05,9.23,29.75
418feb2d-0819-472f-8ac8-4c9ca3858773,NewRichTextDocument1,445,a3a75d5b-e625-4a76-8965-8a9f75337bd9,24,3957,3957,6431,4146,9.26,6.85,7.03,23.13
418feb2d-0819-472f-8ac8-4c9ca3858773,NewRichTextDocument1,446,70691a84-0609-43c8-8840-109bb856816a,24,2873,2873,5468,3134,7.40,4.88,5.12,17.39
418feb2d-0819-472f-8ac8-4c9ca3858773,NewRichTextDocument1,447,a1de29fd-5a86-4fe0-88f5-3b96f6c4461b,24,4517,4517,7177,4790,10.45,7.88,8.12,26.45
418feb2d-0819-472f-8ac8-4c9ca3858773,NewRichTextDocument1,448,4a87ed41-09be-45cd-85df-ab87665ec498,24,3480,3480,6025,3705,8.37,5.90,6.11,20.37
418feb2d-0819-472f-8ac8-4c9ca3858773,NewRichTextDocument1,449,4d6f3749-d58e-4d1e-96ef-30cd1c07844d,24,6625,6625,9277,6892,14.07,11.50,11.74,37.31
418feb2d-0819-472f-8ac8-4c9ca3858773,NewRichTextDocument1,450,5f34569d-c4d6-4414-bc38-4e40575b13e1,24,6480,6480,9114,6857,13.98,11.42,11.78,37.18
418feb2d-0819-472f-8ac8-4c9ca3858773,NewRichTextDocument1,451,83edc659-68ec-4f5f-9658-5180c5d7a21d,24,7968,7968,11040,8339,17.15,14.16,14.51,45.82
418feb2d-0819-472f-8ac8-4c9ca3858773,NewRichTextDocument1,452,25b4e77b-60a6-4fc2-8e86-a527afab2e5b,24,8257,8257,11206,8573,17.51,14.63,14.94,47.07
418feb2d-0819-472f-8ac8-4c9ca3858773,NewRichTextDocument1,453,aedc9593-26ec-46f3-a93b-cc5dcf7e4eb3,24,9107,9107,11625,9289,18.51,16.06,16.23,50.81
418feb2d-0819-472f-8ac8-4c9ca3858773,NewRichTextDocument1,454,24db6d1e-eba6-4c80-84cf-bcb19e76c9ce,24,4044,4044,6559,4261,9.42,6.97,7.17,23.56
418feb2d-0819-472f-8ac8-4c9ca3858773,NewRichTextDocument1,455,ace52b2a-6d08-4418-a610-93aecc5a0a0f,24,4635,4635,7183,4849,10.33,7.85,8.05,26.23
418feb2d-0819-472f-8ac8-4c9ca3858773,NewRichTextDocument1,456,5b07e90c-abbb-4430-9b49-f4520b079f79,24,8330,8330,11213,8666,17.38,14.59,14.89,46.86
418feb2d-0819-472f-8ac8-4c9ca3858773,NewRichTextDocument1,457,fb2cff65-7b45-44ac-a0a9-5f3f38fee795,24,7851,7851,10499,8096,16.28,13.71,13.93,43.92
418feb2d-0819-472f-8ac8-4c9ca3858773,NewRichTextDocument1,458,0f6e9a97-65cd-41e8-9b0a-66bac38c176c,24,4621,4621,7164,4840,10.39,7.92,8.12,26.43
418feb2d-0819-472f-8ac8-4c9ca3858773,NewRichTextDocument1,459,f482befd-fef6-47f2-9f4b-0b3aa9809d9e,24,4546,4546,6967,4713,10.15,7.79,7.95,25.88
418feb2d-0819-472f-8ac8-4c9ca3858773,NewRichTextDocument1,460,8f916f71-c520-4818-8c27-e33d920eb4d9,24,9573,9573,12177,9783,19.34,16.80,17.00,53.14
418feb2d-0819-472f-8ac8-4c9ca3858773,NewRichTextDocument1,461,54656e57-ce0a-42ec-ac5c-3dcc423b067d,24,4451,4451,6933,4646,10.16,7.75,7.93,25.84
418feb2d-0819-472f-8ac8-4c9ca3858773,NewRichTextDocument1,462,80a5beab-2042-4bea-ab5f-3275ae9144f4,24,5464,5464,7879,5621,11.89,9.54,9.69,31.11
418feb2d-0819-472f-8ac8-4c9ca3858773,NewRichTextDocument1,463,80c34a2c-46a7-40d0-8969-862fd003044a,24,6124,6124,8675,6346,13.10,10.62,10.82,34.54
418feb2d-0819-472f-8ac8-4c9ca3858773,NewRichTextDocument1,464,652a89f5-a464-45b3-9376-2769eae39bc7,24,6110,6110,8673,6337,12.92,10.43,10.64,33.99
418feb2d-0819-472f-8ac8-4c9ca3858773,NewRichTextDocument1,465,5d54dd70-aea9-443f-ac9d-c92ae0a7e3c7,24,5815,5815,8445,6073,12.34,9.79,10.03,32.16
418feb2d-0819-472f-8ac8-4c9ca3858773,NewRichTextDocument1,466,65159bfd-1e3d-4aba-87a4-9aebce5c8e8a,24,4846,4846,7359,5051,10.79,8.34,8.54,27.67
418feb2d-0819-472f-8ac8-4c9ca3858773,NewRichTextDocument1,467,b6be34f3-65f3-4297-b9f5-5d2c43c6aeb4,24,5765,5765,8331,5995,12.41,9.92,10.13,32.45
418feb2d-0819-472f-8ac8-4c9ca3858773,NewRichTextDocument1,468,4cf8d1db-9bc2-406e-821e-b8af00088c07,24,7239,7239,9816,7460,15.00,12.50,12.70,40.20
418feb2d-0819-472f-8ac8-4c9ca3858773,NewRichTextDocument1,469,59357df3-1b93-4163-8bab-ac403f405ca9,24,3445,3445,5892,3630,8.23,5.85,6.02,20.09
418feb2d-0819-472f-8ac8-4c9ca3858773,NewRichTextDocument1,470,647826c4-e07d-4736-9763-36600437da04,24,7560,7560,10205,7813,15.69,13.12,13.36,42.17
418feb2d-0819-472f-8ac8-4c9ca3858773,NewRichTextDocument1,471,b6c4107c-107b-4109-a860-66026916bcaa,24,13827,13827,16580,14064,27.14,24.46,24.69,76.29
418feb2d-0819-472f-8ac8-4c9ca3858773,NewRichTextDocument1,472,84f0c1df-1a30-4a4e-be88-b23c08efedcb,24,8198,8198,10835,8428,17.11,14.54,14.75,46.40
418feb2d-0819-472f-8ac8-4c9ca3858773,NewRichTextDocument1,473,cc25372e-2806-49ea-8956-c9f84f0930a2,24,9499,9499,12013,9676,19.34,16.89,17.06,53.29
418feb2d-0819-472f-8ac8-4c9ca3858773,NewRichTextDocument1,474,dbb76f5f-71a6-4805-ad94-56831ad2fb87,24,6766,6766,9348,6992,14.55,12.04,12.25,38.84
418feb2d-0819-472f-8ac8-4c9ca3858773,NewRichTextDocument1,475,4db0e53b-8412-495c-850c-a1e0caa14057,24,8555,8555,11032,8722,17.66,15.24,15.40,48.30
418feb2d-0819-472f-8ac8-4c9ca3858773,NewRichTextDocument1,476,e85326d8-46b9-4115-8849-a8255ff78b09,24,6430,6430,8888,6596,13.84,11.44,11.60,36.89
418feb2d-0819-472f-8ac8-4c9ca3858773,NewRichTextDocument1,477,331553c2-59b8-4055-a1f8-e9f6df703a74,24,6166,6166,8598,6326,13.31,10.94,11.09,35.33
418feb2d-0819-472f-8ac8-4c9ca3858773,NewRichTextDocument1,478,1b6732fc-0c12-4cda-bc89-56e9fe37cf9c,24,8747,8747,11280,8939,18.06,15.59,15.77,49.42
418feb2d-0819-472f-8ac8-4c9ca3858773,NewRichTextDocument1,479,12aa1a57-0d9b-4c04-8e76-c71d5c9e4d40,24,11661,11661,14421,11924,23.45,20.77,21.02,65.24
418feb2d-0819-472f-8ac8-4c9ca3858773,NewRichTextDocument1,480,a10a7dff-d665-4578-adb6-37a46116d063,24,5211,5211,7786,5435,11.73,9.22,9.43,30.39
418feb2d-0819-472f-8ac8-4c9ca3858773,NewRichTextDocument1,481,c96d0501-30d3-43ad-8068-5b564d5c7a9d,24,7234,7234,9714,7411,15.32,12.90,13.07,41.28
418feb2d-0819-472f-8ac8-4c9ca3858773,NewRichTextDocument1,482,434f66e8-6819-4909-8163-8e45168aeb21,24,2187,2187,5394,2902,6.65,3.54,4.21,14.40
418feb2d-0819-472f-8ac8-4c9ca3858773,NewRichTextDocument1,483,7dfdfa89-a174-4cf1-bed3-80d79ff1ad1d,24,4134,4134,7208,4520,9.89,6.89,7.26,24.05
418feb2d-0819-472f-8ac8-4c9ca3858773,NewRichTextDocument1,484,e4870074-8389-45be-b717-88055c6b76d8,24,1963,1963,5233,2433,6.08,2.90,3.34,12.32
418feb2d-0819-472f-8ac8-4c9ca3858773,NewRichTextDocument1,485,b64a40b1-d5a3-47c1-8fca-7ff50bfce511,24,1394,1394,4450,1765,5.22,2.24,2.60,10.05
418feb2d-0819-472f-8ac8-4c9ca3858773,NewRichTextDocument1,486,0bae331e-1700-4885-b06d-d2e51f7b626c,24,2667,2667,5901,3120,7.27,4.12,4.55,15.93
418feb2d-0819-472f-8ac8-4c9ca3858773,NewRichTextDocument1,487,d5f895fe-3da6-4b32-ada3-060abf2c60e2,24,3355,3355,6820,3910,8.34,4.97,5.50,18.80
418feb2d-0819-472f-8ac8-4c9ca3858773,NewRichTextDocument1,488,728d45f1-f3ee-441b-96ca-7b21289bf97e,24,4183,4183,7442,4627,10.05,6.87,7.30,24.22
418feb2d-0819-472f-8ac8-4c9ca3858773,NewRichTextDocument1,489,35b48bed-bfb8-429d-8487-3ce5a6d81c98,24,3760,3760,6677,4129,8.67,5.83,6.18,20.67
418feb2d-0819-472f-8ac8-4c9ca3858773,NewRichTextDocument1,490,d580cec5-8104-44ca-baaa-20ea507d6a1a,24,2922,2922,6239,3389,7.96,4.74,5.18,17.88
418feb2d-0819-472f-8ac8-4c9ca3858773,NewRichTextDocument1,491,d2ebdae0-3814-45e7-8153-f8769d7aeec0,24,3007,3007,6200,3460,7.77,4.67,5.10,17.54
418feb2d-0819-472f-8ac8-4c9ca3858773,NewRichTextDocument1,492,45702909-7358-4aae-bb5f-495f22df776c,24,1079,1079,4111,1440,4.65,1.69,2.04,8.38
418feb2d-0819-472f-8ac8-4c9ca3858773,NewRichTextDocument1,493,2e29deb2-c0d8-4921-9355-9437094b0d36,24,2788,2788,5759,3154,7.42,4.53,4.87,16.82
418feb2d-0819-472f-8ac8-4c9ca3858773,NewRichTextDocument1,494,6b12c721-fb4a-44fe-860e-771ef663c899,24,1784,1784,4916,2178,5.84,2.78,3.17,11.79
418feb2d-0819-472f-8ac8-4c9ca3858773,NewRichTextDocument1,495,d031f6dc-8ee1-4ff9-b01d-0a7d085cc35c,24,4255,4255,7496,4731,10.00,6.85,7.30,24.14
418feb2d-0819-472f-8ac8-4c9ca3858773,NewRichTextDocument1,496,667123b5-f086-4350-9db5-ee33f0e90ad9,24,3418,3418,6379,3760,8.64,5.75,6.08,20.47
418feb2d-0819-472f-8ac8-4c9ca3858773,NewRichTextDocument1,497,501cf952-1190-4dab-9908-e82d7e95f899,24,1640,1640,4563,1965,5.54,2.69,3.00,11.23
418feb2d-0819-472f-8ac8-4c9ca3858773,NewRichTextDocument1,498,de243003-0598-4814-937b-015b122cdb72,24,1454,1454,4521,1824,5.33,2.33,2.70,10.36
418feb2d-0819-472f-8ac8-4c9ca3858773,NewRichTextDocument1,499,3af6cfc2-02c7-481d-b4c9-3d06fe173a3b,24,1825,1825,4851,2188,5.91,2.95,3.30,12.16
418feb2d-0819-472f-8ac8-4c9ca3858773,NewRichTextDocument1,500,e1797d45-3a46-4f3e-a4f2-99ff003087fd,24,1857,1857,4882,2220,5.95,3.00,3.35,12.30
418feb2d-0819-472f-8ac8-4c9ca3858773,NewRichTextDocument1,501,b7e9c3d7-f5bf-468e-936d-605b4d300e4b,24,3529,3529,6320,3840,8.54,5.83,6.12,20.50
418feb2d-0819-472f-8ac8-4c9ca3858773,NewRichTextDocument1,502,c4a4aae2-7a84-48ac-90e3-46a378d3bdd3,24,2313,2313,5099,2599,6.63,3.91,4.19,14.72
418feb2d-0819-472f-8ac8-4c9ca3858773,NewRichTextDocument1,503,2c835671-fe43-41e4-bed3-ea77187c82a5,24,907,907,3945,1272,4.34,1.37,1.73,7.43
418feb2d-0819-472f-8ac8-4c9ca3858773,NewRichTextDocument1,504,c1cfd67a-1965-4040-9339-3167c10310a8,24,1688,1688,4737,2054,5.76,2.78,3.14,11.68
418feb2d-0819-472f-8ac8-4c9ca3858773,NewRichTextDocument1,505,936f182f-d251-4a51-ad01-33bc0207b3e3,24,1937,1937,5207,2388,6.26,3.08,3.51,12.86
418feb2d-0819-472f-8ac8-4c9ca3858773,NewRichTextDocument1,506,f5fbe007-cbb3-4c1a-b3dc-27ba953fd785,24,2867,2867,5863,3212,7.83,4.90,5.24,17.96
418feb2d-0819-472f-8ac8-4c9ca3858773,NewRichTextDocument1,507,85edb0bd-5d1b-4914-b9a6-7b87d7d616ae,24,2928,2928,6017,3304,7.91,4.89,5.26,18.07
418feb2d-0819-472f-8ac8-4c9ca3858773,NewRichTextDocument1,508,91dbaf95-83ba-48bd-82c3-5a9cced12fdc,24,4892,4892,7872,5222,11.38,8.47,8.79,28.63
418feb2d-0819-472f-8ac8-4c9ca3858773,NewRichTextDocument1,509,54b713aa-e501-4368-8d47-29e1b5c2f632,24,1466,1466,4425,1805,5.25,2.36,2.69,10.31
418feb2d-0819-472f-8ac8-4c9ca3858773,NewRichTextDocument1,510,83604a42-1496-421e-9929-f3b3e3dc2176,24,1636,1636,4676,1997,5.62,2.65,3.00,11.27
418feb2d-0819-472f-8ac8-4c9ca3858773,NewRichTextDocument1,511,cd6dc638-1db0-41f1-bba1-ef1846c93425,24,1344,1344,4303,1689,4.99,2.11,2.44,9.54
418feb2d-0819-472f-8ac8-4c9ca3858773,NewRichTextDocument1,512,f7ecdcf6-625e-4b2e-877e-0a871c01620a,24,1306,1306,4428,1694,5.11,2.07,2.44,9.62
418feb2d-0819-472f-8ac8-4c9ca3858773,NewRichTextDocument1,513,75478beb-1856-4be6-821f-dcbe6a8c817c,24,2014,2014,5095,2395,6.27,3.26,3.63,13.17
418feb2d-0819-472f-8ac8-4c9ca3858773,NewRichTextDocument1,514,f78856ea-cb6e-4110-ada2-bc073c3de1be,24,2643,2643,5688,3005,7.46,4.49,4.84,16.78
418feb2d-0819-472f-8ac8-4c9ca3858773,NewRichTextDocument1,515,fe3f9dcb-f49a-4508-ac11-1ab064222b09,24,1309,1309,4440,1702,5.13,2.08,2.46,9.67
418feb2d-0819-472f-8ac8-4c9ca3858773,NewRichTextDocument1,516,c656ed90-64b5-4aae-aeb0-23875cb7b6f9,24,1460,1460,4432,1804,5.24,2.34,2.67,10.25
418feb2d-0819-472f-8ac8-4c9ca3858773,NewRichTextDocument1,517,b434ffe0-5d7b-4c5d-b2ed-d5cae6bdb322,24,1174,1174,4090,1499,4.72,1.87,2.19,8.79
418feb2d-0819-472f-8ac8-4c9ca3858773,NewRichTextDocument1,518,5f957201-3fa2-4129-9e57-d84fc8f8e9c9,24,1317,1317,4109,1607,4.91,2.19,2.47,9.57
418feb2d-0819-472f-8ac8-4c9ca3858773,NewRichTextDocument1,519,33944d49-41cd-4a56-88df-8848f9334e53,24,1987,1987,4742,2270,6.05,3.36,3.63,13.05
418feb2d-0819-472f-8ac8-4c9ca3858773,NewRichTextDocument1,520,aecaf2b1-0cc3-4053-9c01-e78934ac2b5f,24,1322,1322,3777,1509,4.58,2.18,2.36,9.13
418feb2d-0819-472f-8ac8-4c9ca3858773,NewRichTextDocument1,521,45356897-cdf1-461f-8f1a-52f33b7dc405,24,1055,1055,4173,1443,4.73,1.69,2.07,8.49
418feb2d-0819-472f-8ac8-4c9ca3858773,NewRichTextDocument1,522,028dcf46-2762-4d27-8864-c71be9f6772b,24,1214,1214,4325,1603,4.99,1.95,2.33,9.28
418feb2d-0819-472f-8ac8-4c9ca3858773,NewRichTextDocument1,523,cca961fb-8c88-4f32-8ec5-ab966198345c,24,995,995,4112,1383,4.58,1.53,1.91,8.03
418feb2d-0819-472f-8ac8-4c9ca3858773,NewRichTextDocument1,524,1243c720-70a1-4d62-834a-87ad419d7cc2,24,1031,1031,4005,1374,4.54,1.63,1.97,8.13
418feb2d-0819-472f-8ac8-4c9ca3858773,NewRichTextDocument1,525,1f329b6f-2088-4abf-8393-3af6e3cc7dce,24,1263,1263,4365,1652,5.02,2.00,2.38,9.40
418feb2d-0819-472f-8ac8-4c9ca3858773,NewRichTextDocument1,526,52b1f633-2246-49a4-aee8-ea8422f9006c,24,1209,1209,4184,1552,4.85,1.95,2.28,9.08
418feb2d-0819-472f-8ac8-4c9ca3858773,NewRichTextDocument1,527,70c3b44b-7d25-4aaf-881e-08294087dc8b,24,1173,1173,4208,1540,4.86,1.90,2.26,9.03
418feb2d-0819-472f-8ac8-4c9ca3858773,NewRichTextDocument1,528,0c7ae401-5164-405c-a458-704f0dec8237,24,982,982,4021,1348,4.51,1.55,1.90,7.96
418feb2d-0819-472f-8ac8-4c9ca3858773,NewRichTextDocument1,529,4ee63800-47b1-46e0-b252-7010ccf97a39,24,796,796,3765,1139,4.06,1.16,1.49,6.71
418feb2d-0819-472f-8ac8-4c9ca3858773,NewRichTextDocument1,530,e31ff6a7-141d-4037-b527-849caeb65186,24,1256,1256,4224,1600,4.95,2.05,2.39,9.39
418feb2d-0819-472f-8ac8-4c9ca3858773,NewRichTextDocument1,531,ad0b7057-e888-4e63-ac6a-adc575b5b512,24,1756,1756,4885,2150,5.92,2.86,3.25,12.03
418feb2d-0819-472f-8ac8-4c9ca3858773,NewRichTextDocument1,532,e4b2aee5-af38-4052-9fbc-2de4d315970f,24,1407,1407,4531,1795,5.34,2.29,2.67,10.31
418feb2d-0819-472f-8ac8-4c9ca3858773,NewRichTextDocument1,533,1d92c730-a00d-4da8-9081-6cd498af967d,24,1604,1604,4676,1974,5.64,2.64,3.00,11.29
418feb2d-0819-472f-8ac8-4c9ca3858773,NewRichTextDocument1,534,02fde937-bbc5-4e72-a1ed-07b5c700f91c,24,2397,2397,5656,2857,7.24,4.07,4.50,15.81
418feb2d-0819-472f-8ac8-4c9ca3858773,NewRichTextDocument1,535,bb05a6e5-baf6-4f2d-8682-dd462c97501a,24,1811,1811,4847,2179,5.97,3.01,3.36,12.34
418feb2d-0819-472f-8ac8-4c9ca3858773,NewRichTextDocument1,536,6053625b-a725-482a-b648-757db45630a3,24,1331,1331,4426,1716,5.18,2.16,2.53,9.87
418feb2d-0819-472f-8ac8-4c9ca3858773,NewRichTextDocument1,537,9549054c-4a9e-45fc-b0b8-eb7d37323980,24,1394,1394,4376,1743,5.10,2.19,2.53,9.83
418feb2d-0819-472f-8ac8-4c9ca3858773,NewRichTextDocument1,538,33519eea-d707-4b28-b718-da89ae8af174,24,2933,2933,5861,3289,7.68,4.84,5.17,17.69
418feb2d-0819-472f-8ac8-4c9ca3858773,NewRichTextDocument1,539,e539a054-03fd-4051-8ce6-0fe40a468ba5,24,1721,1721,4473,2009,5.47,2.79,3.06,11.32
418feb2d-0819-472f-8ac8-4c9ca3858773,NewRichTextDocument1,540,eeabc0f5-e246-4494-89fe-98e0fcdddbab,24,1964,1964,5126,2361,6.34,3.25,3.64,13.22
418feb2d-0819-472f-8ac8-4c9ca3858773,NewRichTextDocument1,541,da8de0c8-0f5b-46e2-92ab-15d86d003f19,24,4163,4163,6851,4413,9.72,7.10,7.34,24.16
418feb2d-0819-472f-8ac8-4c9ca3858773,NewRichTextDocument1,542,0f175bce-a558-4432-868c-2f3ee46b6694,24,1731,1731,4215,1945,5.22,2.81,3.01,11.04
418feb2d-0819-472f-8ac8-4c9ca3858773,NewRichTextDocument1,543,c1be9190-0a57-4aa7-9a35-d7213446a626,24,2881,2881,6713,3492,8.46,4.72,5.32,18.50
418feb2d-0819-472f-8ac8-4c9ca3858773,NewRichTextDocument1,544,e39f110e-bdfa-462c-a747-b455910a85fc,24,1427,1427,4609,1833,5.36,2.25,2.64,10.25
418feb2d-0819-472f-8ac8-4c9ca3858773,NewRichTextDocument1,545,56317a51-afe5-44a0-af6b-787d269887d5,24,1437,1437,4718,1891,5.34,2.14,2.58,10.05
418feb2d-0819-472f-8ac8-4c9ca3858773,NewRichTextDocument1,546,8cc9de50-8108-452c-a197-bfc3e6cfd67c,24,851,851,3920,1226,4.26,1.26,1.63,7.16
418feb2d-0819-472f-8ac8-4c9ca3858773,NewRichTextDocument1,547,d913bbca-4127-448d-b247-2ab10238d775,24,918,918,3951,1279,4.34,1.37,1.73,7.44
418feb2d-0819-472f-8ac8-4c9ca3858773,NewRichTextDocument1,548,054140a6-2539-4637-a1a7-5cdd47485388,24,1078,1078,4224,1475,4.71,1.63,2.02,8.36
418feb2d-0819-472f-8ac8-4c9ca3858773,NewRichTextDocument1,549,bb0d7759-c635-4c07-adaa-4cd359ad98c4,24,1593,1593,4768,2000,5.70,2.60,2.99,11.29
418feb2d-0819-472f-8ac8-4c9ca3858773,NewRichTextDocument1,550,5e475027-12ee-4df6-9520-84854b8a7005,24,1674,1674,5108,2184,5.57,2.22,2.71,10.51
418feb2d-0819-472f-8ac8-4c9ca3858773,NewRichTextDocument1,551,f0567d2a-f3e9-4f0d-b3d4-6bbdc40cc9e3,24,1342,1342,4656,1790,5.30,2.07,2.51,9.88
418feb2d-0819-472f-8ac8-4c9ca3858773,NewRichTextDocument1,552,5c42ea18-a3f7-4f99-bc4a-4ede9f0c7489,24,1488,1488,4633,1886,5.40,2.33,2.72,10.44
418feb2d-0819-472f-8ac8-4c9ca3858773,NewRichTextDocument1,553,6fa4175f-b800-4620-b458-eff9a1406cd6,24,1048,1048,4137,1427,4.64,1.63,2.00,8.26
418feb2d-0819-472f-8ac8-4c9ca3858773,NewRichTextDocument1,554,0ed02d03-fa66-467c-818f-4d62be807881,24,1345,1345,4633,1788,5.32,2.11,2.54,9.97
418feb2d-0819-472f-8ac8-4c9ca3858773,NewRichTextDocument1,555,72521702-e57d-4db6-af75-4c69c0399bab,24,826,826,3856,1187,4.20,1.24,1.59,7.04
418feb2d-0819-472f-8ac8-4c9ca3858773,NewRichTextDocument1,556,218da7cd-09c9-4293-a12f-b3c47dd8b0b5,24,1211,1211,4437,1640,4.96,1.81,2.23,9.01
418feb2d-0819-472f-8ac8-4c9ca3858773,NewRichTextDocument1,557,8d55e857-974c-499c-a444-d05709f34216,24,1097,1097,4274,1503,4.80,1.70,2.09,8.59
418feb2d-0819-472f-8ac8-4c9ca3858773,NewRichTextDocument1,558,00eab223-770f-4c58-9434-04da8a347c02,24,1369,1369,4347,1712,5.12,2.21,2.55,9.88
418feb2d-0819-472f-8ac8-4c9ca3858773,NewRichTextDocument1,559,ea86dbe4-a80d-43eb-82f0-2e361478dfa1,24,1598,1598,4754,1995,5.70,2.62,3.01,11.33
418feb2d-0819-472f-8ac8-4c9ca3858773,NewRichTextDocument1,560,35fb3d61-e2b9-4975-b82a-dae98404d339,24,1134,1134,4165,1495,4.75,1.79,2.14,8.67
418feb2d-0819-472f-8ac8-4c9ca3858773,NewRichTextDocument1,561,6ed42b11-3246-4ce0-a681-da29a64ac094,24,1545,1545,4700,1948,5.55,2.47,2.86,10.88
418feb2d-0819-472f-8ac8-4c9ca3858773,NewRichTextDocument1,562,60a1de75-19ec-4453-a8b5-228d72572a00,24,1549,1549,4607,1920,5.54,2.55,2.91,11.00
418feb2d-0819-472f-8ac8-4c9ca3858773,NewRichTextDocument1,563,763ac68e-63b3-4d2e-86fa-264b047b5626,24,1295,1295,4164,1607,4.89,2.09,2.40,9.38
418feb2d-0819-472f-8ac8-4c9ca3858773,NewRichTextDocument1,564,b7656b8b-1d69-404f-836f-a325c9247853,24,1035,1035,4096,1405,4.57,1.58,1.94,8.10
418feb2d-0819-472f-8ac8-4c9ca3858773,NewRichTextDocument1,565,773f15aa-c307-4d67-b2ce-19d23afc7a21,24,1932,1932,5054,2321,6.27,3.22,3.60,13.09
418feb2d-0819-472f-8ac8-4c9ca3858773,NewRichTextDocument1,566,e672eaea-64fc-4f3d-9056-ef123be47a84,24,1505,1505,4485,1848,5.38,2.47,2.81,10.66
418feb2d-0819-472f-8ac8-4c9ca3858773,NewRichTextDocument1,567,cfdf0214-81dc-4224-bca8-3468720c7bed,24,4001,4001,7127,4399,9.88,6.83,7.21,23.93
418feb2d-0819-472f-8ac8-4c9ca3858773,NewRichTextDocument1,568,9f3ab654-c903-4548-bd57-4dc180ebd672,24,2969,2969,5574,3203,7.55,5.01,5.23,17.79
418feb2d-0819-472f-8ac8-4c9ca3858773,NewRichTextDocument1,569,bf6ea2eb-7405-46d6-aa7f-96b07a468d5b,24,1717,1717,4592,2029,5.61,2.80,3.11,11.52
418feb2d-0819-472f-8ac8-4c9ca3858773,NewRichTextDocument1,570,0d042883-7af5-4105-acff-317308ea4e14,24,4045,4045,7040,4515,9.84,6.92,7.37,24.13
418feb2d-0819-472f-8ac8-4c9ca3858773,NewRichTextDocument1,571,294007da-6efe-41e2-91ab-ab6cc71ec831,24,3905,3905,6813,4270,9.48,6.65,7.00,23.13
418feb2d-0819-472f-8ac8-4c9ca3858773,NewRichTextDocument1,572,3962c452-a739-4cd7-887b-bb723ae0c5ae,24,1490,1490,4959,2009,5.70,2.32,2.82,10.84
418feb2d-0819-472f-8ac8-4c9ca3858773,NewRichTextDocument1,573,e97554ce-3ea6-409d-8197-d7ec538097a5,24,1535,1535,4544,1887,5.48,2.54,2.89,10.92
418feb2d-0819-472f-8ac8-4c9ca3858773,NewRichTextDocument1,574,cff1555d-e8ab-4004-b713-71ec686f7b6e,24,1962,1962,4973,2320,6.16,3.22,3.57,12.95
418feb2d-0819-472f-8ac8-4c9ca3858773,NewRichTextDocument1,575,7f2c63aa-db1b-476d-9ca8-bd9423b937b9,24,1080,1080,4121,1445,4.69,1.72,2.08,8.49
418feb2d-0819-472f-8ac8-4c9ca3858773,NewRichTextDocument1,576,99963a1b-d670-42ef-9dcf-d32e27298d21,24,1678,1678,4854,2097,5.83,2.73,3.14,11.69
418feb2d-0819-472f-8ac8-4c9ca3858773,NewRichTextDocument1,577,1524674f-17fa-4726-abcb-5a00fc8f343b,24,1199,1199,4233,1566,4.89,1.93,2.28,9.10
418feb2d-0819-472f-8ac8-4c9ca3858773,NewRichTextDocument1,578,e48cddc2-95df-4182-a31b-16ebde4f4510,24,1745,1745,5081,2214,6.00,2.74,3.20,11.93
418feb2d-0819-472f-8ac8-4c9ca3858773,NewRichTextDocument1,579,4bcfbcd8-8dbe-499d-84d8-6956b8906f34,24,1013,1013,4080,1390,4.50,1.50,1.87,7.87
418feb2d-0819-472f-8ac8-4c9ca3858773,NewRichTextDocument1,580,e2322302-bb80-4afa-a3f1-40915514de49,24,1057,1057,4066,1413,4.54,1.60,1.95,8.08
418feb2d-0819-472f-8ac8-4c9ca3858773,NewRichTextDocument1,581,e1eee172-66ff-48a2-9e39-439bc16fe8fb,24,1739,1739,4857,2128,5.92,2.88,3.26,12.05
418feb2d-0819-472f-8ac8-4c9ca3858773,NewRichTextDocument1,582,74f7a71e-04cb-476f-9da6-e5f7635b8456,24,921,921,4027,1316,4.45,1.42,1.80,7.67
418feb2d-0819-472f-8ac8-4c9ca3858773,NewRichTextDocument1,583,461d3b8b-2765-444e-8500-4bca19f9b1a9,24,1558,1558,4548,1905,5.39,2.47,2.81,10.67
418feb2d-0819-472f-8ac8-4c9ca3858773,NewRichTextDocument1,584,af431c0b-37bb-4d99-9dd3-22c10070891d,24,1090,1090,3957,1402,4.53,1.73,2.03,8.29
418feb2d-0819-472f-8ac8-4c9ca3858773,NewRichTextDocument1,585,aa42a7b6-fb5a-497b-ac0e-97596fe29beb,24,2000,2000,5044,2361,6.32,3.34,3.70,13.36
418feb2d-0819-472f-8ac8-4c9ca3858773,NewRichTextDocument1,586,2eca63a1-50f1-4be2-94f3-ec0899e5e60e,24,1664,1664,4644,2007,5.62,2.71,3.05,11.39
418feb2d-0819-472f-8ac8-4c9ca3858773,NewRichTextDocument1,587,a6ce3366-a296-4f17-a621-29c726c004e8,24,1425,1425,4519,1804,5.24,2.22,2.59,10.05
418feb2d-0819-472f-8ac8-4c9ca3858773,NewRichTextDocument1,588,a9bdc34b-eb5f-4742-ac3f-ee56a34569a3,24,3246,3246,6264,3611,8.26,5.31,5.67,19.24
418feb2d-0819-472f-8ac8-4c9ca3858773,NewRichTextDocument1,589,d7d8ec88-305d-4153-b0f6-3acd5a7612cc,24,1536,1536,4708,1941,5.56,2.46,2.86,10.88
418feb2d-0819-472f-8ac8-4c9ca3858773,NewRichTextDocument1,590,ac891d07-d8dc-44ca-8f18-2764098b18b7,24,2781,2781,5935,3180,7.77,4.69,5.08,17.53
418feb2d-0819-472f-8ac8-4c9ca3858773,NewRichTextDocument1,591,0dbd95d6-43cb-4c21-81d5-b5de16b185f8,24,2807,2807,6118,3262,7.85,4.62,5.06,17.54
418feb2d-0819-472f-8ac8-4c9ca3858773,NewRichTextDocument1,592,4dd29fde-8e49-4f44-a5ad-5a6cf78e9676,24,2074,2074,5120,2435,6.42,3.45,3.80,13.67
418feb2d-0819-472f-8ac8-4c9ca3858773,NewRichTextDocument1,593,f4288b2d-65ed-4926-b35b-ef406fbe9cd3,24,2596,2596,5886,3053,7.45,4.25,4.68,16.38
418feb2d-0819-472f-8ac8-4c9ca3858773,NewRichTextDocument1,594,f552c431-aec4-459e-aa98-aca5c5e3cb73,24,1014,1014,4044,1375,4.55,1.59,1.94,8.09
418feb2d-0819-472f-8ac8-4c9ca3858773,NewRichTextDocument1,595,a849ed10-5e5d-40ef-82b8-ac57ecf53fad,24,984,984,4081,1368,4.53,1.50,1.88,7.90
418feb2d-0819-472f-8ac8-4c9ca3858773,NewRichTextDocument1,596,f5a30d20-eb25-4d36-b922-7742a1504add,24,1956,1956,5060,2335,6.26,3.23,3.60,13.09
418feb2d-0819-472f-8ac8-4c9ca3858773,NewRichTextDocument1,597,31cd1a51-3b3d-4dfb-8ad9-1ad087d166c0,24,1964,1964,4862,2280,6.14,3.31,3.62,13.08
418feb2d-0819-472f-8ac8-4c9ca3858773,NewRichTextDocument1,598,5d01e6a0-101c-4e01-88b3-bae329367baa,24,1203,1203,4382,1615,4.98,1.88,2.28,9.15
418feb2d-0819-472f-8ac8-4c9ca3858773,NewRichTextDocument1,599,afffc794-8c28-420a-98cf-d764ce04aa25,24,1654,1654,4802,2062,5.70,2.63,3.02,11.35
418feb2d-0819-472f-8ac8-4c9ca3858773,NewRichTextDocument1,600,29e336f8-e6be-4b0d-b70b-1855ce4c609b,24,1441,1441,4518,1822,5.31,2.31,2.68,10.30
418feb2d-0819-472f-8ac8-4c9ca3858773,NewRichTextDocument1,601,96cbf0a0-f9b8-4c32-9042-8c989f28c65b,24,1191,1191,4611,1674,5.12,1.78,2.25,9.14
418feb2d-0819-472f-8ac8-4c9ca3858773,NewRichTextDocument1,602,9fcc91f5-7698-42f9-85d8-178f14cbbf75,24,1114,1114,4252,1512,4.83,1.77,2.15,8.75
418feb2d-0819-472f-8ac8-4c9ca3858773,NewRichTextDocument1,603,19fe47b5-4f03-4d45-b98b-69f2983c7d0c,24,1454,1454,4636,1860,5.43,2.32,2.72,10.46
418feb2d-0819-472f-8ac8-4c9ca3858773,NewRichTextDocument1,604,63eb66d9-122d-4d33-960b-24c3f6972004,24,2358,2358,5442,2746,6.94,3.93,4.30,15.17
418feb2d-0819-472f-8ac8-4c9ca3858773,NewRichTextDocument1,605,b78fec7d-ac6f-4f9c-8f37-91d734f418b8,24,2177,2177,5283,2562,6.66,3.63,4.00,14.30
418feb2d-0819-472f-8ac8-4c9ca3858773,NewRichTextDocument1,606,056112e2-64c7-4308-ab98-7acd0dfb182e,24,1297,1297,4331,1658,5.07,2.11,2.46,9.64
418feb2d-0819-472f-8ac8-4c9ca3858773,NewRichTextDocument1,607,791b828b-c7d4-4015-8d08-e914f417a90b,24,1154,1154,4216,1524,4.82,1.83,2.19,8.85
418feb2d-0819-472f-8ac8-4c9ca3858773,NewRichTextDocument1,608,c848c23a-1af7-48f4-af6d-eca4f4b61802,24,1187,1187,4162,1530,4.81,1.90,2.24,8.95
418feb2d-0819-472f-8ac8-4c9ca3858773,NewRichTextDocument1,609,ffc77286-ce0d-4c7c-9e2e-4edf8a3b4f7f,24,1027,1027,4232,1442,4.70,1.57,1.98,8.25
418feb2d-0819-472f-8ac8-4c9ca3858773,NewRichTextDocument1,610,cb99d0d4-6303-4c80-934d-4231c5a7231c,24,2161,2161,4830,2405,6.26,3.65,3.89,13.80
418feb2d-0819-472f-8ac8-4c9ca3858773,NewRichTextDocument1,611,5a14a4ab-5e10-4a2e-97de-42d119f21d1e,24,1450,1450,4401,1784,5.26,2.38,2.70,10.33
418feb2d-0819-472f-8ac8-4c9ca3858773,NewRichTextDocument1,612,b3de378e-e050-4200-b1aa-4e7dae593912,24,1114,1114,4271,1516,4.87,1.78,2.18,8.83
418feb2d-0819-472f-8ac8-4c9ca3858773,NewRichTextDocument1,613,16bea8ee-46f2-4dcb-8ef6-468a5a0db9a2,24,1629,1629,4671,2002,5.58,2.61,2.97,11.17
418feb2d-0819-472f-8ac8-4c9ca3858773,NewRichTextDocument1,614,66521232-ac61-45bc-929e-abb8a578907b,24,910,910,3930,1272,4.29,1.34,1.69,7.32
418feb2d-0819-472f-8ac8-4c9ca3858773,NewRichTextDocument1,615,17ff8054-40ff-420d-b1b2-fa26d6714cbc,24,975,975,4063,1360,4.47,1.46,1.83,7.77
418feb2d-0819-472f-8ac8-4c9ca3858773,NewRichTextDocument1,616,e8fc1816-8efc-4327-bdd4-56f50afe74c8,24,1104,1104,4165,1474,4.66,1.67,2.03,8.35
418feb2d-0819-472f-8ac8-4c9ca3858773,NewRichTextDocument1,617,b3d1ac81-d5fa-4391-943e-68e72c74f866,24,1141,1141,4136,1494,4.67,1.74,2.08,8.49
418feb2d-0819-472f-8ac8-4c9ca3858773,NewRichTextDocument1,618,18c7a34c-a5ab-48dd-a0d5-311add6c9689,24,911,911,3880,1254,4.25,1.35,1.68,7.27
418feb2d-0819-472f-8ac8-4c9ca3858773,NewRichTextDocument1,619,9b409a75-b448-44f8-83ef-bb18efbb3679,24,1001,1001,4117,1389,4.54,1.50,1.88,7.92
418feb2d-0819-472f-8ac8-4c9ca3858773,NewRichTextDocument1,620,9901ed3d-522f-43e7-85c5-df774f591df0,24,862,862,3871,1219,4.23,1.29,1.64,7.16
418feb2d-0819-472f-8ac8-4c9ca3858773,NewRichTextDocument1,621,421e18f8-fd40-48e1-8d4c-ba9b8ebfbe5f,24,1049,1049,4255,1464,4.71,1.58,1.99,8.28
418feb2d-0819-472f-8ac8-4c9ca3858773,NewRichTextDocument1,622,28ae861a-8238-468a-8142-0f89bc961254,24,901,901,3902,1253,4.25,1.32,1.66,7.23
418feb2d-0819-472f-8ac8-4c9ca3858773,NewRichTextDocument1,623,0b344339-5cf7-45df-a7e7-aa0abb0fecd7,24,1035,1035,4076,1407,4.54,1.57,1.93,8.04
418feb2d-0819-472f-8ac8-4c9ca3858773,NewRichTextDocument1,624,beb9a01c-2d2c-4a6e-b9c9-0bee423219ab,24,1190,1190,4243,1561,4.74,1.76,2.12,8.62
418feb2d-0819-472f-8ac8-4c9ca3858773,NewRichTextDocument1,625,c0d25309-371c-431f-bc7f-eccf98e2e385,24,1367,1367,4393,1729,5.21,2.26,2.61,10.09
418feb2d-0819-472f-8ac8-4c9ca3858773,NewRichTextDocument1,626,58a6b0f0-5d66-424e-a7bb-0719f91e214e,24,1761,1761,4766,2257,5.82,2.89,3.37,12.08
418feb2d-0819-472f-8ac8-4c9ca3858773,NewRichTextDocument1,627,1d775c32-3b4e-4734-93f5-52979e6a86c0,24,1137,1137,4226,1516,4.78,1.77,2.14,8.69
418feb2d-0819-472f-8ac8-4c9ca3858773,NewRichTextDocument1,628,27af9d66-66f9-44f8-9852-c114ecd8042d,24,1073,1073,4104,1434,4.63,1.67,2.02,8.32
418feb2d-0819-472f-8ac8-4c9ca3858773,NewRichTextDocument1,629,1a6c26f5-f866-40ac-b874-5b8667856b0f,24,959,959,3988,1320,4.41,1.46,1.81,7.68
418feb2d-0819-472f-8ac8-4c9ca3858773,NewRichTextDocument1,630,f7916b26-1fc8-4abf-86f4-1d0e83ec61c0,24,1139,1139,4384,1580,4.89,1.72,2.15,8.76
418feb2d-0819-472f-8ac8-4c9ca3858773,NewRichTextDocument1,631,9f775dbe-076d-47e0-964e-1f548e4581d2,24,1052,1052,3997,1386,4.52,1.64,1.97,8.12
418feb2d-0819-472f-8ac8-4c9ca3858773,NewRichTextDocument1,632,40266888-d8fa-41bd-bacb-81b8fb3d47f3,24,1100,1100,4181,1480,4.71,1.70,2.07,8.48
418feb2d-0819-472f-8ac8-4c9ca3858773,NewRichTextDocument1,633,34cda06b-909a-47e0-a316-efe22f7ccbeb,24,788,788,3786,1140,4.08,1.15,1.50,6.73
418feb2d-0819-472f-8ac8-4c9ca3858773,NewRichTextDocument1,634,4ec2de60-dc1c-4660-b127-53221240a2e4,24,1016,1016,4036,1378,4.50,1.55,1.90,7.96
418feb2d-0819-472f-8ac8-4c9ca3858773,NewRichTextDocument1,635,2fb5900c-9ce6-4bca-8fa0-a0301e03d20e,24,965,965,4053,1344,4.47,1.45,1.82,7.75
418feb2d-0819-472f-8ac8-4c9ca3858773,NewRichTextDocument1,636,688dd99e-10c1-44a1-9471-4b948f937e9a,24,910,910,4027,1298,4.41,1.36,1.74,7.51
418feb2d-0819-472f-8ac8-4c9ca3858773,NewRichTextDocument1,637,6b5181ee-37fe-4b60-94ee-d0806da7dc3c,24,916,916,4166,1349,4.52,1.35,1.77,7.63
418feb2d-0819-472f-8ac8-4c9ca3858773,NewRichTextDocument1,638,6dd37776-2d41-4577-b03c-b7fc83d92482,24,952,952,4166,1382,4.47,1.34,1.75,7.56
418feb2d-0819-472f-8ac8-4c9ca3858773,NewRichTextDocument1,639,c67e9395-a247-47c7-929b-dda1c2266b41,24,1225,1225,4260,1586,4.85,1.88,2.24,8.97
418feb2d-0819-472f-8ac8-4c9ca3858773,NewRichTextDocument1,640,687588d0-451c-423e-9996-d1dab73ef962,24,1137,1137,4284,1534,4.83,1.76,2.14,8.73
418feb2d-0819-472f-8ac8-4c9ca3858773,NewRichTextDocument1,641,8f2fcc36-04d1-4c44-aea2-df5025bac59e,24,984,984,4120,1382,4.47,1.41,1.80,7.68
418feb2d-0819-472f-8ac8-4c9ca3858773,NewRichTextDocument1,642,63616911-6c55-42a1-8a92-b04b66be716e,24,1019,1019,4020,1371,4.45,1.52,1.86,7.82
418feb2d-0819-472f-8ac8-4c9ca3858773,NewRichTextDocument1,643,3a5323bc-fb80-4db2-b7a3-d3908355a332,24,901,901,3872,1244,4.23,1.33,1.66,7.21
418feb2d-0819-472f-8ac8-4c9ca3858773,NewRichTextDocument1,644,5016fc89-867f-4b63-9bfd-6fca760bc86c,24,1158,1158,4260,1548,4.73,1.71,2.08,8.52
418feb2d-0819-472f-8ac8-4c9ca3858773,NewRichTextDocument1,645,57b184dc-a976-4da2-990d-db10a6b60568,24,911,911,3912,1263,4.22,1.29,1.63,7.13
418feb2d-0819-472f-8ac8-4c9ca3858773,NewRichTextDocument1,646,2260f77d-2e31-4614-b4e7-7b0035abbd76,24,1432,1432,4594,1834,5.32,2.23,2.62,10.17
418feb2d-0819-472f-8ac8-4c9ca3858773,NewRichTextDocument1,647,7e8861c1-8cb8-488c-acf8-cc97b38c621a,24,965,965,3966,1317,4.40,1.47,1.81,7.68
418feb2d-0819-472f-8ac8-4c9ca3858773,NewRichTextDocument1,648,2538efb3-49bb-4f4e-869f-e2df38bd0bec,24,1017,1017,4097,1397,4.53,1.52,1.89,7.94
418feb2d-0819-472f-8ac8-4c9ca3858773,NewRichTextDocument1,649,a752699d-ab60-4900-93f2-cc28029c25b7,24,887,887,4002,1275,4.37,1.33,1.70,7.40
418feb2d-0819-472f-8ac8-4c9ca3858773,NewRichTextDocument1,650,3e34b2c8-6ce4-498d-9868-cff55eb06826,24,910,910,3920,1272,4.27,1.33,1.68,7.28
418feb2d-0819-472f-8ac8-4c9ca3858773,NewRichTextDocument1,651,a40bf20e-4cbe-4f1b-857d-fd268202bdb4,24,826,826,3853,1187,4.16,1.21,1.56,6.93
418feb2d-0819-472f-8ac8-4c9ca3858773,NewRichTextDocument1,652,c1136f7c-f698-407f-9798-95a726b82e59,24,817,817,3814,1169,4.12,1.20,1.54,6.86
418feb2d-0819-472f-8ac8-4c9ca3858773,NewRichTextDocument1,653,a8554657-1716-4cd6-96fe-bbca3a1fbe62,24,811,811,3993,1222,4.29,1.18,1.58,7.05
418feb2d-0819-472f-8ac8-4c9ca3858773,NewRichTextDocument1,654,0b27a105-78fe-42ba-bf22-65b21399859c,24,921,921,4095,1327,4.44,1.34,1.74,7.52
418feb2d-0819-472f-8ac8-4c9ca3858773,NewRichTextDocument1,655,c0c3dbe4-7783-4780-a704-1eea24ec7406,24,947,947,4091,1344,4.47,1.40,1.79,7.66
418feb2d-0819-472f-8ac8-4c9ca3858773,NewRichTextDocument1,656,f4d146f2-4c2b-4670-87c6-2223d15eda77,24,986,986,3940,1325,4.35,1.47,1.80,7.63
418feb2d-0819-472f-8ac8-4c9ca3858773,NewRichTextDocument1,657,90256690-7e83-40d4-8bdb-d5c8ba412da0,24,1071,1071,4161,1450,4.65,1.63,2.00,8.28
418feb2d-0819-472f-8ac8-4c9ca3858773,NewRichTextDocument1,658,cda207dc-c6af-4c96-a43b-5bfd063d0830,24,863,863,3891,1230,4.22,1.26,1.62,7.10
418feb2d-0819-472f-8ac8-4c9ca3858773,NewRichTextDocument1,659,9136b5ca-aacc-413b-be13-8ec110f69f26,24,898,898,3908,1255,4.27,1.33,1.68,7.28
418feb2d-0819-472f-8ac8-4c9ca3858773,NewRichTextDocument1,660,10fbbaa8-906c-453d-b6d7-87b5b1f6c840,24,968,968,3911,1302,4.34,1.47,1.80,7.61
418feb2d-0819-472f-8ac8-4c9ca3858773,NewRichTextDocument1,661,0971d961-9965-4570-a269-25853b672d86,24,1071,1071,4102,1432,4.59,1.63,1.99,8.22
418feb2d-0819-472f-8ac8-4c9ca3858773,NewRichTextDocument1,662,f265d15f-e81f-4fb1-9ad4-3cc1f8a3fd95,24,884,884,4057,1290,4.42,1.32,1.72,7.45
418feb2d-0819-472f-8ac8-4c9ca3858773,NewRichTextDocument1,663,11c42a7e-c842-4537-9a4f-b036e5c37f5d,24,936,936,3993,1306,4.39,1.41,1.77,7.57
418feb2d-0819-472f-8ac8-4c9ca3858773,NewRichTextDocument1,664,62f4f403-b2d1-4899-9a9e-35df93f6dc3c,24,865,865,4067,1280,4.40,1.27,1.68,7.35
418feb2d-0819-472f-8ac8-4c9ca3858773,NewRichTextDocument1,665,0c2f6cc7-d406-4e58-a277-e2e010c75690,24,968,968,4230,1401,4.66,1.47,1.90,8.03
418feb2d-0819-472f-8ac8-4c9ca3858773,NewRichTextDocument1,666,2e054809-057e-4970-b8b9-c621631efaf8,24,1225,1225,4534,1684,5.00,1.77,2.21,8.98
418feb2d-0819-472f-8ac8-4c9ca3858773,NewRichTextDocument1,667,2ff0c786-ab08-42b4-9383-325623b498c4,24,930,930,4163,1362,4.50,1.34,1.76,7.60
418feb2d-0819-472f-8ac8-4c9ca3858773,NewRichTextDocument1,668,87a011dc-7b3b-4d73-8635-8a085336f2f5,24,1020,1020,4369,1480,4.78,1.51,1.96,8.25
418feb2d-0819-472f-8ac8-4c9ca3858773,NewRichTextDocument1,669,fb728cb8-3cc7-43eb-add1-4d915e3bc9b2,24,989,989,4019,1350,4.42,1.46,1.81,7.69
418feb2d-0819-472f-8ac8-4c9ca3858773,NewRichTextDocument1,670,7373463d-f8eb-4889-ba3f-e0909b2afcb0,24,861,861,3879,1223,4.22,1.28,1.63,7.13
418feb2d-0819-472f-8ac8-4c9ca3858773,NewRichTextDocument1,671,62bc9c58-5cc9-4223-a877-47c721bc86d7,24,784,784,3820,1150,4.10,1.13,1.49,6.72
418feb2d-0819-472f-8ac8-4c9ca3858773,NewRichTextDocument1,672,460d5d4d-24ec-4ed0-9ba5-a5603afe7fe3,24,1033,1033,4296,1466,4.73,1.54,1.96,8.23
418feb2d-0819-472f-8ac8-4c9ca3858773,NewRichTextDocument1,673,9ad49909-8268-479d-865d-145cf3ba2357,24,924,924,4069,1321,4.42,1.34,1.73,7.49
418feb2d-0819-472f-8ac8-4c9ca3858773,NewRichTextDocument1,674,d7ff7ab2-74a9-4cac-a96c-89b6ca58f727,24,896,896,4070,1302,4.42,1.32,1.71,7.45
418feb2d-0819-472f-8ac8-4c9ca3858773,NewRichTextDocument1,675,d888e525-ca38-4e1e-af5a-ce1f3e36d374,24,1038,1038,4157,1426,4.60,1.55,1.93,8.08
418feb2d-0819-472f-8ac8-4c9ca3858773,NewRichTextDocument1,676,4b64c77f-8c0e-4812-8279-3155a6d79b1e,24,919,919,3949,1280,4.33,1.37,1.72,7.43
418feb2d-0819-472f-8ac8-4c9ca3858773,NewRichTextDocument1,677,6b579659-e660-4e6f-9d93-5bbe6e04e8fb,24,821,821,3848,1182,4.15,1.19,1.54,6.88
418feb2d-0819-472f-8ac8-4c9ca3858773,NewRichTextDocument1,678,c28283ac-5c53-4b15-a234-8d45b4878e39,24,859,859,3926,1234,4.26,1.27,1.63,7.16
418feb2d-0819-472f-8ac8-4c9ca3858773,NewRichTextDocument1,679,a3b18dc3-5e27-43d4-9c7f-7792ead7c8ea,24,897,897,3954,1267,4.32,1.33,1.70,7.35
418feb2d-0819-472f-8ac8-4c9ca3858773,NewRichTextDocument1,680,68d89940-60b7-466e-9973-fa079d1a363f,24,928,928,4072,1325,4.44,1.37,1.75,7.56
418feb2d-0819-472f-8ac8-4c9ca3858773,NewRichTextDocument1,681,eff20405-1210-45dc-9592-09c1ca8e7b47,24,1651,1651,4720,2027,5.78,2.78,3.15,11.71
418feb2d-0819-472f-8ac8-4c9ca3858773,NewRichTextDocument1,682,0166156b-3993-4c16-bf4d-6ead909696f6,24,4186,4186,7167,4701,9.86,6.98,7.45,24.29
418feb2d-0819-472f-8ac8-4c9ca3858773,NewRichTextDocument1,683,b2a6da7e-b385-4d8c-8a8e-3b2d5fdcc1f2,24,1790,1790,4832,2151,5.81,2.84,3.19,11.84
418feb2d-0819-472f-8ac8-4c9ca3858773,NewRichTextDocument1,684,62ad02eb-ddd9-4dec-b66d-d80c0dc3034e,24,1185,1185,4228,1557,4.77,1.80,2.16,8.73
418feb2d-0819-472f-8ac8-4c9ca3858773,NewRichTextDocument1,685,098a6c46-bac2-487b-8518-17feeb59adc6,24,1411,1411,4511,1802,5.16,2.13,2.51,9.79
418feb2d-0819-472f-8ac8-4c9ca3858773,NewRichTextDocument1,686,7cf818dc-bbe4-41e7-b5ff-ac4104a8539a,24,1234,1234,4374,1632,4.94,1.88,2.27,9.09
418feb2d-0819-472f-8ac8-4c9ca3858773,NewRichTextDocument1,687,c520c645-2ef8-42df-a3f5-dbbdf807e923,24,1616,1616,4869,2056,5.63,2.45,2.88,10.96
418feb2d-0819-472f-8ac8-4c9ca3858773,NewRichTextDocument1,688,ebb85c76-f0d8-4fa5-8dcf-469b660be771,24,1076,1076,4130,1447,4.52,1.54,1.90,7.96
418feb2d-0819-472f-8ac8-4c9ca3858773,NewRichTextDocument1,689,6b78f84c-60bd-428c-884d-0dab519ffce7,24,958,958,3988,1319,4.41,1.45,1.80,7.66
418feb2d-0819-472f-8ac8-4c9ca3858773,NewRichTextDocument1,690,810da414-0006-4c22-9a53-d91a2b233785,24,934,934,3904,1277,4.31,1.41,1.74,7.46
418feb2d-0819-472f-8ac8-4c9ca3858773,NewRichTextDocument1,691,f3a37f62-d55e-4144-b212-1401d61017dc,24,1340,1340,4588,1773,5.28,2.11,2.53,9.92
418feb2d-0819-472f-8ac8-4c9ca3858773,NewRichTextDocument1,692,ac51b07c-43a6-4b59-a29c-8ef163545fb7,24,1257,1257,4370,1646,4.96,1.93,2.30,9.19
418feb2d-0819-472f-8ac8-4c9ca3858773,NewRichTextDocument1,693,8718222a-cba8-4efa-8758-b6e9daf7b098,24,1250,1250,4372,1638,5.00,1.95,2.33,9.27
418feb2d-0819-472f-8ac8-4c9ca3858773,NewRichTextDocument1,694,31a38fbf-313e-4fce-95a7-d1f25cd8f445,24,1018,1018,4097,1398,4.55,1.54,1.91,8.00
418feb2d-0819-472f-8ac8-4c9ca3858773,NewRichTextDocument1,695,7389c7a8-5345-47aa-a836-2de73745288f,24,733,733,3643,1058,3.89,1.05,1.37,6.31
418feb2d-0819-472f-8ac8-4c9ca3858773,NewRichTextDocument1,696,e5d484c4-5fef-4795-ae1e-e3f79cde7bfd,24,972,972,4040,1347,4.45,1.46,1.82,7.74
418feb2d-0819-472f-8ac8-4c9ca3858773,NewRichTextDocument1,697,330787d7-d3bd-493e-8c5b-1541c82b6162,24,1118,1118,4091,1461,4.63,1.73,2.07,8.43
418feb2d-0819-472f-8ac8-4c9ca3858773,NewRichTextDocument1,698,99546bb0-a1ac-414e-808d-a0cb2748013e,24,963,963,3963,1319,4.31,1.38,1.73,7.42
418feb2d-0819-472f-8ac8-4c9ca3858773,NewRichTextDocument1,699,fa933a43-ee08-44f8-825f-d2787c2dc702,24,943,943,3971,1304,4.36,1.40,1.75,7.52
418feb2d-0819-472f-8ac8-4c9ca3858773,NewRichTextDocument1,700,d9070adc-95d5-4ad2-85e6-41b947635207,24,993,993,4082,1377,4.46,1.45,1.82,7.73
418feb2d-0819-472f-8ac8-4c9ca3858773,NewRichTextDocument1,701,46b9e6a2-9143-42cc-ab6e-88f7c4b612c6,24,2222,2222,5660,2705,6.94,3.58,4.05,14.58
418feb2d-0819-472f-8ac8-4c9ca3858773,NewRichTextDocument1,702,37dbd856-600b-41c7-8ef3-f6e43b9908bd,24,966,966,3994,1327,4.42,1.46,1.81,7.68
418feb2d-0819-472f-8ac8-4c9ca3858773,NewRichTextDocument1,703,218b7008-1e0b-4443-a586-dbe52e1fe07b,24,955,955,3955,1307,4.36,1.43,1.78,7.57
418feb2d-0819-472f-8ac8-4c9ca3858773,NewRichTextDocument1,704,77c5e7f4-4386-42eb-9218-e710bea78da9,24,1005,1005,4006,1357,4.45,1.52,1.86,7.83
418feb2d-0819-472f-8ac8-4c9ca3858773,NewRichTextDocument1,705,42660c9c-79bf-4d03-92b8-599ad71feb27,24,1199,1199,4252,1570,4.81,1.83,2.19,8.84
418feb2d-0819-472f-8ac8-4c9ca3858773,NewRichTextDocument1,706,75c72743-da26-4d0d-b738-b9cabce34e96,24,1274,1274,4366,1658,4.97,1.95,2.33,9.25
418feb2d-0819-472f-8ac8-4c9ca3858773,NewRichTextDocument1,707,659ea88b-9105-4eb4-8ddb-5563b11274d1,24,1274,1274,4406,1673,5.03,1.98,2.36,9.37
418feb2d-0819-472f-8ac8-4c9ca3858773,NewRichTextDocument1,708,fa51bad0-3dfd-432d-a701-97f38ecbe807,24,936,936,3908,1279,4.31,1.41,1.74,7.46
418feb2d-0819-472f-8ac8-4c9ca3858773,NewRichTextDocument1,709,969b2146-c46c-4147-b06a-39224aabd1f1,24,915,915,3984,1296,4.35,1.35,1.72,7.42
418feb2d-0819-472f-8ac8-4c9ca3858773,NewRichTextDocument1,710,162b84e4-03eb-4468-99fb-83cf22416071,24,944,944,4003,1314,4.40,1.41,1.77,7.57
418feb2d-0819-472f-8ac8-4c9ca3858773,NewRichTextDocument1,711,37d10dcc-4d8b-4351-b65e-2f78f79ff4cc,24,965,965,4093,1364,4.49,1.44,1.82,7.75
418feb2d-0819-472f-8ac8-4c9ca3858773,NewRichTextDocument1,712,113127a8-33df-4b79-b8a6-ac5a502ac327,24,870,870,3859,1223,4.13,1.21,1.55,6.89
418feb2d-0819-472f-8ac8-4c9ca3858773,NewRichTextDocument1,713,52ae1938-2e36-4d33-be18-20dcc8529364,24,1081,1081,4169,1460,4.67,1.66,2.03,8.35
418feb2d-0819-472f-8ac8-4c9ca3858773,NewRichTextDocument1,714,248a827a-e787-4d18-b431-8ce16d3b7e05,24,1147,1147,4207,1517,4.76,1.77,2.13,8.66
418feb2d-0819-472f-8ac8-4c9ca3858773,NewRichTextDocument1,715,aa79339b-848e-4820-af11-ff7a55a5fa9c,24,1008,1008,3951,1342,4.37,1.50,1.82,7.69
418feb2d-0819-472f-8ac8-4c9ca3858773,NewRichTextDocument1,716,c5b249e3-3b4d-459d-bc8a-3f6cbfa224d3,24,894,894,3942,1265,4.31,1.33,1.69,7.33
418feb2d-0819-472f-8ac8-4c9ca3858773,NewRichTextDocument1,717,064dfd54-584e-498d-87d2-4cf84bcbd29d,24,1340,1340,4532,1763,5.15,2.04,2.44,9.62
418feb2d-0819-472f-8ac8-4c9ca3858773,NewRichTextDocument1,718,919dba66-b429-423c-8442-69998631eb12,24,1673,1673,4943,2119,5.68,2.49,2.92,11.09
418feb2d-0819-472f-8ac8-4c9ca3858773,NewRichTextDocument1,719,ceb7bdce-4448-4fb9-851c-3deacff52fed,24,1142,1142,4378,1572,4.88,1.72,2.14,8.73
418feb2d-0819-472f-8ac8-4c9ca3858773,NewRichTextDocument1,720,9fe5770e-5ac7-4b69-a9c5-726161731e86,24,1245,1245,4434,1656,5.05,1.93,2.33,9.31
418feb2d-0819-472f-8ac8-4c9ca3858773,NewRichTextDocument1,721,731853f4-73f7-4ec2-bc47-1c19616dc3c0,24,1087,1087,4257,1500,4.65,1.55,1.95,8.15
418feb2d-0819-472f-8ac8-4c9ca3858773,NewRichTextDocument1,722,31c30343-99ef-47fa-8c59-eda9c8b49726,24,849,849,4050,1264,4.38,1.25,1.66,7.29
418feb2d-0819-472f-8ac8-4c9ca3858773,NewRichTextDocument1,723,c4d66612-3124-4ddc-b535-b32720ba6107,24,1105,1105,4165,1475,4.69,1.70,2.07,8.46
418feb2d-0819-472f-8ac8-4c9ca3858773,NewRichTextDocument1,724,9f8377fa-9959-4b37-861d-f5c318558da7,24,1073,1073,4085,1430,4.59,1.65,2.00,8.24
418feb2d-0819-472f-8ac8-4c9ca3858773,NewRichTextDocument1,725,409d9afe-8845-467f-8feb-a727e18fce7a,24,994,994,4140,1391,4.58,1.51,1.90,7.99
418feb2d-0819-472f-8ac8-4c9ca3858773,NewRichTextDocument1,726,a8e44d87-80f9-4802-a5f0-773483638e82,24,1058,1058,4313,1498,4.75,1.58,2.00,8.32
418feb2d-0819-472f-8ac8-4c9ca3858773,NewRichTextDocument1,727,afbc2229-ef8a-48f5-9409-caa47843cd38,24,904,904,3817,1229,4.21,1.37,1.68,7.26
418feb2d-0819-472f-8ac8-4c9ca3858773,NewRichTextDocument1,728,a785d61a-1bed-449a-9131-2a346ed83f05,24,1080,1080,4111,1441,4.65,1.69,2.05,8.39
418feb2d-0819-472f-8ac8-4c9ca3858773,NewRichTextDocument1,729,4f9575c0-1d1d-4bbf-9c98-60ebfea7d12a,24,1164,1164,4284,1552,4.87,1.82,2.20,8.90
418feb2d-0819-472f-8ac8-4c9ca3858773,NewRichTextDocument1,730,909fe3c3-4d2e-45b1-b7cb-3fee7057bb79,24,1124,1124,4329,1539,4.86,1.73,2.14,8.73
418feb2d-0819-472f-8ac8-4c9ca3858773,NewRichTextDocument1,731,dc3ff5fa-d84a-4c53-bc62-7c37012ca686,24,737,737,3705,1080,3.97,1.08,1.41,6.46
418feb2d-0819-472f-8ac8-4c9ca3858773,NewRichTextDocument1,732,eb563c53-2e24-4992-a647-7f7ff653b9dc,24,924,924,3924,1276,4.32,1.39,1.73,7.44
418feb2d-0819-472f-8ac8-4c9ca3858773,NewRichTextDocument1,733,af174a41-6e77-4e67-a532-5457413c4e49,24,906,906,3973,1281,4.31,1.32,1.68,7.31
418feb2d-0819-472f-8ac8-4c9ca3858773,NewRichTextDocument1,734,522f9453-d0ab-4c99-b034-714e175c7e63,24,826,826,3875,1197,4.17,1.19,1.55,6.90
418feb2d-0819-472f-8ac8-4c9ca3858773,NewRichTextDocument1,735,1b1e8e33-3f87-43ca-93d8-a971c13abf65,24,1542,1542,4831,1990,5.66,2.45,2.88,10.99
418feb2d-0819-472f-8ac8-4c9ca3858773,NewRichTextDocument1,736,3ac878de-6fe0-457a-bb7a-65b35f0922c7,24,1190,1190,4360,1603,4.91,1.82,2.22,8.94
418feb2d-0819-472f-8ac8-4c9ca3858773,NewRichTextDocument1,737,212d909c-02a4-40cd-8ad9-06c28c4d9d66,24,823,823,3822,1175,4.13,1.20,1.54,6.87
418feb2d-0819-472f-8ac8-4c9ca3858773,NewRichTextDocument1,738,e213acc9-df4c-478c-a7f1-0a9eb0f4b15a,24,1093,1093,4212,1481,4.74,1.70,2.08,8.51
418feb2d-0819-472f-8ac8-4c9ca3858773,NewRichTextDocument1,739,3f4fe31c-a7bf-466a-95f6-38044a929911,24,1016,1016,4085,1391,4.57,1.58,1.94,8.09
418feb2d-0819-472f-8ac8-4c9ca3858773,NewRichTextDocument1,740,84dd84aa-5e34-455f-b33c-72c7c96fb27f,24,1053,1053,4326,1497,4.75,1.56,1.99,8.30
418feb2d-0819-472f-8ac8-4c9ca3858773,NewRichTextDocument1,741,c71315c8-8a2a-4230-a12c-5043854d608b,24,1116,1116,4206,1495,4.73,1.72,2.09,8.54
418feb2d-0819-472f-8ac8-4c9ca3858773,NewRichTextDocument1,742,f78f22fd-496e-47bd-b139-77b5e5c10ded,24,1107,1107,4227,1495,4.74,1.70,2.08,8.52
418feb2d-0819-472f-8ac8-4c9ca3858773,NewRichTextDocument1,743,099a7905-f565-4302-97d1-f584d7b6fd03,24,1276,1276,4542,1715,5.13,1.94,2.37,9.44
418feb2d-0819-472f-8ac8-4c9ca3858773,NewRichTextDocument1,744,b9f21dc6-d577-460c-83f8-c17433bb0dda,24,1143,1143,4331,1560,4.88,1.78,2.18,8.84
418feb2d-0819-472f-8ac8-4c9ca3858773,NewRichTextDocument1,745,d1df50ff-58a3-4501-9548-625f82c5b77e,24,1024,1024,4104,1404,4.57,1.56,1.93,8.06
418feb2d-0819-472f-8ac8-4c9ca3858773,NewRichTextDocument1,746,92fd82b5-e22d-4ac6-887c-44398a734d24,24,882,882,3852,1225,4.22,1.32,1.65,7.19
418feb2d-0819-472f-8ac8-4c9ca3858773,NewRichTextDocument1,747,51f8d809-c099-4520-b8b9-2652c345d869,24,1287,1287,4302,1644,4.92,1.98,2.32,9.22
418feb2d-0819-472f-8ac8-4c9ca3858773,NewRichTextDocument1,748,1f18f57a-cc5d-4007-b021-63926771852a,24,1013,1013,4074,1383,4.55,1.56,1.92,8.02
418feb2d-0819-472f-8ac8-4c9ca3858773,NewRichTextDocument1,749,78d3b9e2-9b0c-468a-887a-401821b4e541,24,897,897,3706,1197,4.12,1.38,1.67,7.17
418feb2d-0819-472f-8ac8-4c9ca3858773,NewRichTextDocument1,750,3c35cf5d-5cb1-4c02-8b13-ab4cc7ce60c8,24,1117,1117,4206,1627,4.75,1.74,2.24,8.73
418feb2d-0819-472f-8ac8-4c9ca3858773,NewRichTextDocument1,751,9b16da33-d88b-4293-8658-a1ace92be108,24,1025,1025,4114,1415,4.55,1.54,1.92,8.01
418feb2d-0819-472f-8ac8-4c9ca3858773,NewRichTextDocument1,752,15825347-c11c-4580-838b-779d044f1038,24,1198,1198,4298,1582,4.89,1.86,2.24,8.99
418feb2d-0819-472f-8ac8-4c9ca3858773,NewRichTextDocument1,753,33ecf1f0-7c86-44f9-b112-93b83aec3ddc,24,1031,1031,4130,1420,4.62,1.59,1.97,8.18
418feb2d-0819-472f-8ac8-4c9ca3858773,NewRichTextDocument1,754,6905fe83-668f-4648-b643-78ac6e5eb72b,24,1353,1353,4370,1710,5.11,2.17,2.51,9.79
418feb2d-0819-472f-8ac8-4c9ca3858773,NewRichTextDocument1,755,1aafdb91-f614-4c27-9095-f79d169388b5,24,1042,1042,4054,1399,4.58,1.64,1.98,8.20
418feb2d-0819-472f-8ac8-4c9ca3858773,NewRichTextDocument1,756,9aab20e3-1057-4ba0-9cd4-c9dd7bc47815,24,1080,1080,4131,1456,4.65,1.68,2.04,8.37
418feb2d-0819-472f-8ac8-4c9ca3858773,NewRichTextDocument1,757,3112332e-4d6e-4416-8947-85aed14a0626,24,913,913,3857,1247,4.27,1.39,1.72,7.38
418feb2d-0819-472f-8ac8-4c9ca3858773,NewRichTextDocument1,758,8968669a-311a-49df-a0c9-ebdf7d3b7cbf,24,895,895,3923,1256,4.33,1.37,1.72,7.42
418feb2d-0819-472f-8ac8-4c9ca3858773,NewRichTextDocument1,759,ac22798b-a553-4425-88ab-801008930ab8,24,1022,1022,4133,1411,4.58,1.54,1.92,8.03
418feb2d-0819-472f-8ac8-4c9ca3858773,NewRichTextDocument1,760,31bcd2a6-d9bc-4517-9c2f-1f22f44f0d75,24,1287,1287,4467,1699,5.11,2.00,2.40,9.51
418feb2d-0819-472f-8ac8-4c9ca3858773,NewRichTextDocument1,761,cec6d568-9757-47dc-aad8-2dd3cf73525d,24,797,797,3823,1158,4.14,1.19,1.54,6.87
418feb2d-0819-472f-8ac8-4c9ca3858773,NewRichTextDocument1,762,9ee8be87-4908-47d9-9aed-79409243ee28,24,1328,1328,4433,1718,5.09,2.06,2.44,9.58
418feb2d-0819-472f-8ac8-4c9ca3858773,NewRichTextDocument1,763,62b43914-1d2b-468f-a40c-bf64553027ae,24,954,954,3857,1280,4.32,1.49,1.81,7.62
418feb2d-0819-472f-8ac8-4c9ca3858773,NewRichTextDocument1,764,1a6b850e-9b00-4c54-861a-65f27c0fb421,24,993,993,4023,1360,4.47,1.51,1.87,7.86
418feb2d-0819-472f-8ac8-4c9ca3858773,NewRichTextDocument1,765,e3577450-6953-41d0-aeb8-925e015d8b7f,24,1073,1073,4104,1434,4.61,1.65,2.00,8.26
418feb2d-0819-472f-8ac8-4c9ca3858773,NewRichTextDocument1,766,38a29a22-3dbe-4f95-a425-eaa92d4d9621,24,1037,1037,3962,1367,4.44,1.58,1.91,7.93
418feb2d-0819-472f-8ac8-4c9ca3858773,NewRichTextDocument1,767,c2e7ee87-d4ac-49e9-8920-c88c0633b948,24,913,913,3884,1256,4.28,1.38,1.72,7.38
418feb2d-0819-472f-8ac8-4c9ca3858773,NewRichTextDocument1,768,494a7e79-0a1d-4ea0-abca-b662ab681925,24,1124,1124,4186,1494,4.72,1.73,2.10,8.55
418feb2d-0819-472f-8ac8-4c9ca3858773,NewRichTextDocument1,769,0b3faa83-ca88-4bb1-ad33-95b6ecb83056,24,996,996,4025,1357,4.46,1.50,1.86,7.82
418feb2d-0819-472f-8ac8-4c9ca3858773,NewRichTextDocument1,770,f614f98a-fc84-4489-9546-08c20cc66cc1,24,879,879,3936,1249,4.29,1.30,1.66,7.25
418feb2d-0819-472f-8ac8-4c9ca3858773,NewRichTextDocument1,771,3cc049de-c8bf-47a7-ba9b-9f64abc53323,24,858,858,3944,1237,4.32,1.31,1.68,7.30
418feb2d-0819-472f-8ac8-4c9ca3858773,NewRichTextDocument1,772,d74fda9c-5d58-447a-955d-a3e2002f4d98,24,900,900,3957,1270,4.34,1.35,1.71,7.40
418feb2d-0819-472f-8ac8-4c9ca3858773,NewRichTextDocument1,773,4c6cc2a1-d63d-4bac-9db3-5bda637dfdc4,24,978,978,4037,1348,4.47,1.48,1.84,7.79
418feb2d-0819-472f-8ac8-4c9ca3858773,NewRichTextDocument1,774,3a3d2713-d307-4a3e-a0e5-aa230d6b1217,24,867,867,3866,1219,4.22,1.29,1.63,7.14
418feb2d-0819-472f-8ac8-4c9ca3858773,NewRichTextDocument1,775,b3a5bc51-6e88-4834-baa4-e7e4ed18c586,24,955,955,3983,1316,4.41,1.45,1.80,7.66
418feb2d-0819-472f-8ac8-4c9ca3858773,NewRichTextDocument1,776,82ba4ac7-24e3-4fff-b611-0feed5c3dbba,24,957,957,4045,1336,4.46,1.45,1.82,7.72
418feb2d-0819-472f-8ac8-4c9ca3858773,NewRichTextDocument1,777,be7f60da-90d1-47ae-be6e-8597a92739ca,24,1125,1125,4109,1472,4.60,1.69,2.02,8.31
418feb2d-0819-472f-8ac8-4c9ca3858773,NewRichTextDocument1,778,0226fecd-1f4e-415f-aa4d-558361d5b0b1,24,920,920,3890,1268,4.33,1.43,1.77,7.53
418feb2d-0819-472f-8ac8-4c9ca3858773,NewRichTextDocument1,779,550b595b-7bb4-47f5-91ff-f533ebcc9bf5,24,938,938,3966,1299,4.40,1.44,1.79,7.64
418feb2d-0819-472f-8ac8-4c9ca3858773,NewRichTextDocument1,780,09abc9eb-9fae-4cbd-9822-d73766045885,24,1003,1003,4005,1355,4.48,1.55,1.89,7.92
418feb2d-0819-472f-8ac8-4c9ca3858773,NewRichTextDocument1,781,f18e7c41-91b8-4abe-a05c-f6d344a5cc23,24,1209,1209,4378,1616,4.95,1.86,2.26,9.07
418feb2d-0819-472f-8ac8-4c9ca3858773,NewRichTextDocument1,782,501714e9-8609-46aa-9b3e-8d7d42ca0b13,24,993,993,4052,1363,4.51,1.52,1.88,7.91
418feb2d-0819-472f-8ac8-4c9ca3858773,NewRichTextDocument1,783,cef80110-afa6-49d2-a916-9873185c7145,24,959,959,4133,1365,4.58,1.48,1.88,7.94
418feb2d-0819-472f-8ac8-4c9ca3858773,NewRichTextDocument1,784,b2657c28-93e7-4c0f-8c98-4e9832e7d7ff,24,877,877,4109,1301,4.47,1.32,1.73,7.53
418feb2d-0819-472f-8ac8-4c9ca3858773,NewRichTextDocument1,785,ee976151-585d-4aaa-b8f9-880eb638fb66,24,867,867,3952,1246,4.32,1.30,1.67,7.30
418feb2d-0819-472f-8ac8-4c9ca3858773,NewRichTextDocument1,786,36cb0729-fc44-464e-8ce6-9cd2dda5198a,24,1166,1166,4373,1581,4.97,1.84,2.25,9.07
418feb2d-0819-472f-8ac8-4c9ca3858773,NewRichTextDocument1,787,d9283908-24c3-4fa9-8e75-b30a5e8c017b,24,1017,1017,4063,1384,4.49,1.52,1.88,7.89
418feb2d-0819-472f-8ac8-4c9ca3858773,NewRichTextDocument1,788,5ed1f806-1cb8-4390-8655-7cec097833b1,24,1092,1092,4182,1471,4.73,1.71,2.08,8.51
418feb2d-0819-472f-8ac8-4c9ca3858773,NewRichTextDocument1,789,32aea91c-c3e2-428e-bcfb-cdbec6dc8f5a,24,932,932,4020,1311,4.42,1.40,1.77,7.59
418feb2d-0819-472f-8ac8-4c9ca3858773,NewRichTextDocument1,790,ee944ae9-c838-4f68-9208-940d47cbabb2,24,894,894,4040,1291,4.36,1.29,1.67,7.32
418feb2d-0819-472f-8ac8-4c9ca3858773,NewRichTextDocument1,791,82659c2e-432f-424a-ad4a-3e01cd27b186,24,1095,1095,4328,1519,4.83,1.67,2.09,8.59
418feb2d-0819-472f-8ac8-4c9ca3858773,NewRichTextDocument1,792,cfdea223-310c-45dc-b78e-381efe2425c8,24,1147,1147,4123,1490,4.72,1.81,2.14,8.67
418feb2d-0819-472f-8ac8-4c9ca3858773,NewRichTextDocument1,793,653d2b20-f945-406f-9124-13d703f00f4d,24,1100,1100,4377,1544,4.83,1.63,2.06,8.51
418feb2d-0819-472f-8ac8-4c9ca3858773,NewRichTextDocument1,794,2b8620be-94ee-48ab-a25b-0225542f4ff0,24,906,906,3935,1267,4.32,1.36,1.71,7.39
418feb2d-0819-472f-8ac8-4c9ca3858773,NewRichTextDocument1,795,264a84a0-1cd6-4b07-99d8-4cd418e6b079,24,811,811,3751,1145,4.08,1.21,1.53,6.82
418feb2d-0819-472f-8ac8-4c9ca3858773,NewRichTextDocument1,796,094f0f0c-4836-4367-9c75-88e7e3b73d26,24,873,873,3958,1252,4.35,1.33,1.70,7.38
418feb2d-0819-472f-8ac8-4c9ca3858773,NewRichTextDocument1,797,16955aad-c30e-470b-ba2a-f929c7730aa3,24,907,907,4051,1304,4.45,1.38,1.77,7.60
418feb2d-0819-472f-8ac8-4c9ca3858773,NewRichTextDocument1,798,0ccef539-b86e-452c-b3f4-e4baff581ec1,24,894,894,4067,1300,4.45,1.35,1.75,7.55
418feb2d-0819-472f-8ac8-4c9ca3858773,NewRichTextDocument1,799,3426183b-28fd-4bd7-be7b-a14fab9be39d,24,1133,1133,4359,1557,4.87,1.72,2.13,8.71
418feb2d-0819-472f-8ac8-4c9ca3858773,NewRichTextDocument1,800,9ed66331-3298-4a76-8bd8-ae7b2b390e95,24,1119,1119,4362,1548,4.92,1.75,2.17,8.84
418feb2d-0819-472f-8ac8-4c9ca3858773,NewRichTextDocument1,801,6711ca1a-d85c-4a48-9663-03ef8d391c4d,24,933,933,3990,1303,4.42,1.43,1.79,7.65
418feb2d-0819-472f-8ac8-4c9ca3858773,NewRichTextDocument1,802,0ef69533-5746-4800-8a3e-904341fa2847,24,1509,1509,4701,1920,5.55,2.44,2.84,10.83
418feb2d-0819-472f-8ac8-4c9ca3858773,NewRichTextDocument1,803,8873d48d-7c06-4493-8b7d-a700dce57839,24,1143,1143,4349,1558,4.95,1.81,2.22,8.98
418feb2d-0819-472f-8ac8-4c9ca3858773,NewRichTextDocument1,804,2ede6201-8f85-4e54-b2ef-937f15c4e092,24,1201,1201,4203,1553,4.87,1.93,2.28,9.08
418feb2d-0819-472f-8ac8-4c9ca3858773,NewRichTextDocument1,805,bf7fc968-3e59-4240-b2ec-d3af7daec488,24,1196,1196,4374,1602,5.00,1.90,2.30,9.20
418feb2d-0819-472f-8ac8-4c9ca3858773,NewRichTextDocument1,806,2cc73681-5ff0-4601-9567-8fc5b1a8801f,24,1187,1187,4306,1575,4.93,1.88,2.26,9.08
418feb2d-0819-472f-8ac8-4c9ca3858773,NewRichTextDocument1,807,dac31f0f-80ed-4447-872b-8f2f033d7d0b,24,930,930,3987,1300,4.40,1.42,1.78,7.60
418feb2d-0819-472f-8ac8-4c9ca3858773,NewRichTextDocument1,808,d252688e-1960-4ffa-9a18-2ced139cc82d,24,1522,1522,4648,1910,5.53,2.48,2.86,10.86
418feb2d-0819-472f-8ac8-4c9ca3858773,NewRichTextDocument1,809,bcab5e50-a5f5-4bbb-9548-94bde148e903,24,1094,1094,4182,1473,4.74,1.73,2.10,8.57
418feb2d-0819-472f-8ac8-4c9ca3858773,NewRichTextDocument1,810,585689d5-4e65-4db4-9c3a-23c7e39d899a,24,1055,1055,4143,1434,4.67,1.65,2.02,8.34
418feb2d-0819-472f-8ac8-4c9ca3858773,NewRichTextDocument1,811,6c66c311-496b-42b2-bb01-945ca56be6a6,24,950,950,4095,1347,4.53,1.46,1.84,7.83
418feb2d-0819-472f-8ac8-4c9ca3858773,NewRichTextDocument1,812,c70e1526-60fc-460e-8d96-be0c1acf7cc8,24,1121,1121,4201,1501,4.80,1.80,2.17,8.77
418feb2d-0819-472f-8ac8-4c9ca3858773,NewRichTextDocument1,813,40478759-200f-4ccb-8c8a-430a455f8c01,24,2179,2179,4798,2815,6.32,3.77,4.39,14.48
418feb2d-0819-472f-8ac8-4c9ca3858773,NewRichTextDocument1,814,110421c0-14d3-494d-9e99-ea4870a82dd4,24,4720,4720,7142,5018,10.67,8.31,8.60,27.59
418feb2d-0819-472f-8ac8-4c9ca3858773,NewRichTextDocument1,815,788e8467-ab32-4419-92d1-1c7f936dcce6,24,7953,7953,10466,8271,16.65,14.20,14.50,45.35
418feb2d-0819-472f-8ac8-4c9ca3858773,NewRichTextDocument1,816,e3eb4c58-70fe-4679-81f9-b2c6a53de6cf,24,7690,7690,10147,8116,16.11,13.71,14.13,43.95
418feb2d-0819-472f-8ac8-4c9ca3858773,NewRichTextDocument1,817,7c6091a7-f14a-4ac7-8d42-10a216dffe4d,24,4385,4385,6801,4683,10.11,7.76,8.04,25.91
418feb2d-0819-472f-8ac8-4c9ca3858773,NewRichTextDocument1,818,98b522c7-691d-4d92-8435-3f26f8034078,24,5167,5167,7579,5455,11.53,9.18,9.46,30.17
418feb2d-0819-472f-8ac8-4c9ca3858773,NewRichTextDocument1,819,1c1b635d-2104-48cf-939c-69650033c351,24,4563,4563,6945,4841,10.39,8.06,8.34,26.79
418feb2d-0819-472f-8ac8-4c9ca3858773,NewRichTextDocument1,820,c2d4020c-e699-4694-9ef2-769c393c4805,24,4656,4656,7039,4932,10.55,8.22,8.49,27.26
418feb2d-0819-472f-8ac8-4c9ca3858773,NewRichTextDocument1,821,0019a03d-d295-495f-994d-d8a8b2a33638,24,4637,4637,7017,5044,10.51,8.18,8.58,27.27
418feb2d-0819-472f-8ac8-4c9ca3858773,NewRichTextDocument1,822,70b65afb-922c-4770-935d-40ccf1569c66,24,5287,5287,7701,5573,11.73,9.37,9.65,30.75
418feb2d-0819-472f-8ac8-4c9ca3858773,NewRichTextDocument1,823,4065d018-61e4-4209-850f-962c2835820e,24,3614,3614,5985,3759,8.69,6.38,6.52,21.59
418feb2d-0819-472f-8ac8-4c9ca3858773,NewRichTextDocument1,824,59879ad9-87f9-46ee-b4bc-d456ab435389,24,2976,2976,5392,3282,7.60,5.24,5.54,18.37
418feb2d-0819-472f-8ac8-4c9ca3858773,NewRichTextDocument1,825,02e72e94-4043-44ab-8cf2-979f02c75d12,24,4871,4871,7255,5282,10.95,8.62,9.02,28.58
418feb2d-0819-472f-8ac8-4c9ca3858773,NewRichTextDocument1,826,901ff163-12bb-438f-8fc3-3bb8c3b2125c,24,4160,4160,6536,4436,9.70,7.38,7.65,24.73
418feb2d-0819-472f-8ac8-4c9ca3858773,NewRichTextDocument1,827,f106cef6-c623-4cda-8ac6-d31abf0ea0de,24,3842,3842,6233,4128,9.15,6.82,7.10,23.07
418feb2d-0819-472f-8ac8-4c9ca3858773,NewRichTextDocument1,828,f7c088d7-b6ac-4274-a026-e149e1f78ce3,24,3149,3149,5511,3425,7.86,5.56,5.83,19.25
418feb2d-0819-472f-8ac8-4c9ca3858773,NewRichTextDocument1,829,c538aa6c-ee47-49ac-8552-20e6dc08ee03,24,2703,2703,5055,2983,7.03,4.74,5.01,16.78
418feb2d-0819-472f-8ac8-4c9ca3858773,NewRichTextDocument1,830,80a88890-f241-4bc3-a339-b6d435de846e,24,3640,3640,6089,3958,7.95,5.57,5.87,19.38
418feb2d-0819-472f-8ac8-4c9ca3858773,NewRichTextDocument1,831,a397aeb0-db1b-4638-a5b1-0a9b7f29a39b,24,5248,5248,7683,5413,10.42,8.04,8.20,26.66
418feb2d-0819-472f-8ac8-4c9ca3858773,NewRichTextDocument1,832,bb74a5fa-883f-476a-bafa-33887385d5b5,24,5287,5287,7782,5482,10.89,8.46,8.64,27.99
418feb2d-0819-472f-8ac8-4c9ca3858773,NewRichTextDocument1,833,a4cbbda2-ef0a-4813-ac0a-831d8c1d76de,24,3978,3978,6411,4153,8.65,6.28,6.45,21.38
418feb2d-0819-472f-8ac8-4c9ca3858773,NewRichTextDocument1,834,22d22fc4-7405-4024-bed5-06fc5b03dfc5,24,3195,3195,5597,3360,7.23,4.88,5.04,17.15
418feb2d-0819-472f-8ac8-4c9ca3858773,NewRichTextDocument1,835,385329ea-c081-4fde-a9d9-bacf6bdfea4e,24,3514,3514,5970,3702,7.70,5.31,5.49,18.50
418feb2d-0819-472f-8ac8-4c9ca3858773,NewRichTextDocument1,836,00e37dde-8425-4f8a-97dd-773303e6d3a4,24,2696,2696,5111,2871,6.52,4.17,4.33,15.01
418feb2d-0819-472f-8ac8-4c9ca3858773,NewRichTextDocument1,837,18e9816c-7e0f-4632-8d9f-4228bb2cd828,24,4662,4662,7104,4837,9.25,6.87,7.04,23.15
418feb2d-0819-472f-8ac8-4c9ca3858773,NewRichTextDocument1,838,09f757a9-f17d-4eaf-b13f-2db21138df23,24,4264,4264,6702,4437,9.14,6.76,6.92,22.82
418feb2d-0819-472f-8ac8-4c9ca3858773,NewRichTextDocument1,839,eaf96b8c-85c8-4213-b906-8f2c882371b5,24,4080,4080,6456,4225,8.68,6.36,6.50,21.54
418feb2d-0819-472f-8ac8-4c9ca3858773,NewRichTextDocument1,840,4e2ee641-c45a-40d1-a656-8377fe06efc5,24,5753,5753,8243,5942,10.90,8.47,8.65,28.02
418feb2d-0819-472f-8ac8-4c9ca3858773,NewRichTextDocument1,841,8818f55c-4ef7-4f26-a61d-a1b58e8c6fb3,24,3432,3432,5847,3596,7.76,5.41,5.56,18.73
418feb2d-0819-472f-8ac8-4c9ca3858773,NewRichTextDocument1,842,76e36a37-6bdf-482c-9380-8db06d8f9dfb,24,4563,4563,7027,4748,9.60,7.21,7.38,24.19
418feb2d-0819-472f-8ac8-4c9ca3858773,NewRichTextDocument1,843,6426815a-8e4d-4df3-b177-9dd8c1908b3d,24,2982,2982,5491,3202,6.94,4.50,4.70,16.15
418feb2d-0819-472f-8ac8-4c9ca3858773,NewRichTextDocument1,844,2b6e147a-ef1e-4c64-80ac-3219ca37694d,24,3981,3981,6444,4171,8.71,6.32,6.49,21.52
418feb2d-0819-472f-8ac8-4c9ca3858773,NewRichTextDocument1,845,c37cec13-391e-493e-bbc7-3edd4f60526a,24,4719,4719,7261,4942,9.58,7.11,7.31,24.00
418feb2d-0819-472f-8ac8-4c9ca3858773,NewRichTextDocument1,846,50f62c7c-b169-44f8-a1fe-f969dd071514,24,4497,4497,6938,4672,9.45,7.08,7.24,23.77
418feb2d-0819-472f-8ac8-4c9ca3858773,NewRichTextDocument1,847,7c2aca0d-b6b9-4e5c-981f-06fd775313b8,24,10504,10504,13782,11185,21.17,18.05,18.63,57.85
418feb2d-0819-472f-8ac8-4c9ca3858773,NewRichTextDocument1,848,7e04fff7-cba4-417a-9503-61f4a243f4f4,24,6953,6953,9941,7383,15.03,12.17,12.53,39.72
418feb2d-0819-472f-8ac8-4c9ca3858773,NewRichTextDocument1,849,7c6809f7-7718-4300-95d0-37ca0f28c2fe,5,494,494,1041,656,1.41,0.88,1.04,3.33
418feb2d-0819-472f-8ac8-4c9ca3858773,NewRichTextDocument1,850,087770f0-c8c9-4ce1-b6a0-b92f958c598e,24,5754,5754,8820,6610,11.70,8.73,9.54,29.97
418feb2d-0819-472f-8ac8-4c9ca3858773,NewRichTextDocument1,851,443defaa-2b18-47a2-a6bf-467b1318bd35,24,7135,7135,10549,7758,13.76,10.46,11.03,35.25
418feb2d-0819-472f-8ac8-4c9ca3858773,NewRichTextDocument1,852,8c5e9f74-4dad-419d-bbe7-59362f89ce1d,24,9259,9259,12250,9656,18.13,15.23,15.60,48.96
418feb2d-0819-472f-8ac8-4c9ca3858773,NewRichTextDocument1,853,6ab11d79-ff27-4bbf-ad29-53862c60d468,24,7303,7303,10230,7695,14.32,11.48,11.85,37.65
418feb2d-0819-472f-8ac8-4c9ca3858773,NewRichTextDocument1,854,afd20f24-ecd5-4587-b186-4be95be97da7,24,4239,4239,6807,4469,9.53,7.03,7.25,23.81
418feb2d-0819-472f-8ac8-4c9ca3858773,NewRichTextDocument1,855,7be4edec-aa88-4104-8de6-f99e90eb9ab4,24,5657,5657,8606,6071,11.45,8.60,8.97,29.02
418feb2d-0819-472f-8ac8-4c9ca3858773,NewRichTextDocument1,856,372b1d49-a5bd-4d7a-911e-5df2c3368729,24,4730,4730,7542,5084,10.06,7.33,7.66,25.04
418feb2d-0819-472f-8ac8-4c9ca3858773,NewRichTextDocument1,857,e0b7b526-f692-4c95-a8bd-b14c22113373,24,4751,4751,7473,5058,10.06,7.41,7.70,25.18
418feb2d-0819-472f-8ac8-4c9ca3858773,NewRichTextDocument1,858,1684814c-123d-4065-8631-4ced7cf075bc,24,4383,4383,6943,4619,9.85,7.36,7.58,24.79
418feb2d-0819-472f-8ac8-4c9ca3858773,NewRichTextDocument1,859,d98a9364-0680-4412-9114-ac4927816fb0,24,3697,3697,6299,3956,8.42,5.89,6.13,20.45
418feb2d-0819-472f-8ac8-4c9ca3858773,NewRichTextDocument1,860,6a8bd668-9401-43f8-9367-af1424879643,24,3823,3823,6450,4089,8.64,6.09,6.34,21.07
418feb2d-0819-472f-8ac8-4c9ca3858773,NewRichTextDocument1,861,f02241c8-28f5-474b-a291-7873f69cdac0,24,4520,4520,7025,4725,10.13,7.69,7.88,25.71
418feb2d-0819-472f-8ac8-4c9ca3858773,NewRichTextDocument1,862,8bee47eb-c1df-4a44-83aa-6de314098e1a,24,6847,6847,9693,7183,14.01,11.25,11.56,36.83
418feb2d-0819-472f-8ac8-4c9ca3858773,NewRichTextDocument1,863,56bfaa23-fb9f-40a0-9193-6c050150e9ab,24,3804,3804,6184,3954,8.88,6.55,6.70,22.13
418feb2d-0819-472f-8ac8-4c9ca3858773,NewRichTextDocument1,864,e3ff9e20-3e68-4585-a5d5-11044ab93912,24,4443,4443,6905,4628,10.07,7.67,7.84,25.58
418feb2d-0819-472f-8ac8-4c9ca3858773,NewRichTextDocument1,865,0e698880-8483-4219-8580-74b81f7cb525,24,6836,6836,9523,7117,14.18,11.57,11.83,37.57
418feb2d-0819-472f-8ac8-4c9ca3858773,NewRichTextDocument1,866,085c443f-63cb-4a32-bbb8-be8ccdc21916,24,4582,4582,7127,4809,10.07,7.59,7.80,25.45
418feb2d-0819-472f-8ac8-4c9ca3858773,NewRichTextDocument1,867,0c61d121-599f-4134-aa04-f098e30c899f,24,6575,6575,9128,6792,13.67,11.19,11.39,36.25
418feb2d-0819-472f-8ac8-4c9ca3858773,NewRichTextDocument1,868,0073cac7-c272-439c-8d9c-c7ce40529e08,24,3998,3998,6509,4215,9.23,6.79,6.99,23.02
418feb2d-0819-472f-8ac8-4c9ca3858773,NewRichTextDocument1,869,44467e0d-1c43-4e6c-af1e-d414b38dfabb,24,2239,2239,4676,2423,6.17,3.80,3.97,13.94
418feb2d-0819-472f-8ac8-4c9ca3858773,NewRichTextDocument1,870,cca9afb4-55ac-409f-9046-988f2635a71b,24,3535,3535,6002,3726,8.42,6.01,6.19,20.62
418feb2d-0819-472f-8ac8-4c9ca3858773,NewRichTextDocument1,871,4ee70531-c7bf-4a49-8193-de0850cc91dc,24,6336,6336,9136,6677,12.93,10.21,10.53,33.67
418feb2d-0819-472f-8ac8-4c9ca3858773,NewRichTextDocument1,872,8d2306a6-c4b0-4693-8e9f-1715a3835b1b,24,3622,3622,6145,3838,8.49,6.04,6.24,20.77
418feb2d-0819-472f-8ac8-4c9ca3858773,NewRichTextDocument1,873,e2438554-7613-4ed5-9bef-fed2419c93da,24,5295,5295,8181,5666,11.22,8.42,8.76,28.39
418feb2d-0819-472f-8ac8-4c9ca3858773,NewRichTextDocument1,874,74b56bfd-eb38-4532-89df-5d97ca4ab9fa,24,4161,4161,6739,4404,9.22,6.71,6.94,22.87
418feb2d-0819-472f-8ac8-4c9ca3858773,NewRichTextDocument1,875,478e2a84-f3f0-44c0-9596-077415b679ca,24,4218,4218,6689,4408,9.48,7.07,7.25,23.81
418feb2d-0819-472f-8ac8-4c9ca3858773,NewRichTextDocument1,876,64f95447-4107-4aac-aef2-6f94599d6668,24,2576,2576,5101,2808,6.75,4.30,4.51,15.57
418feb2d-0819-472f-8ac8-4c9ca3858773,NewRichTextDocument1,877,94bfdd70-2b58-405e-b83e-30837c33e94d,24,6616,6616,9179,6837,13.70,11.20,11.42,36.32
418feb2d-0819-472f-8ac8-4c9ca3858773,NewRichTextDocument1,878,4dac81dd-1b33-4e19-8a51-4f3925de5ceb,24,5931,5931,8546,6181,12.59,10.05,10.28,32.92
418feb2d-0819-472f-8ac8-4c9ca3858773,NewRichTextDocument1,879,d9890bb1-0879-4466-b5b9-f386beb80d07,24,5202,5202,8767,5767,11.98,8.51,9.05,29.54
418feb2d-0819-472f-8ac8-4c9ca3858773,NewRichTextDocument1,880,7c6d14c0-cdef-4d37-8576-3f17354ec885,24,2396,2396,4797,2568,6.49,4.15,4.31,14.95
418feb2d-0819-472f-8ac8-4c9ca3858773,NewRichTextDocument1,881,ab077222-4903-4123-bd0d-a0034402f31e,24,4445,4445,6927,4640,10.04,7.63,7.81,25.47
418feb2d-0819-472f-8ac8-4c9ca3858773,NewRichTextDocument1,882,c40349ca-5f60-437a-894c-d65b7457cb4d,24,4653,4653,7300,4897,10.76,8.18,8.41,27.36
418feb2d-0819-472f-8ac8-4c9ca3858773,NewRichTextDocument1,883,812d07f9-6c14-4d12-a3f9-02bb68413b6f,24,3620,3620,6257,3883,8.58,6.01,6.26,20.85
418feb2d-0819-472f-8ac8-4c9ca3858773,NewRichTextDocument1,884,5357bd72-a66a-46fc-af3c-17d5e4140610,24,4028,4028,6575,4252,9.27,6.79,7.00,23.06
418feb2d-0819-472f-8ac8-4c9ca3858773,NewRichTextDocument1,885,5ea77c00-2909-48da-bf72-d352b87d9d80,24,5358,5358,7970,5593,11.46,8.92,9.14,29.53
418feb2d-0819-472f-8ac8-4c9ca3858773,NewRichTextDocument1,886,616daafc-6f21-4f39-ac7a-1df7699c4120,24,6755,6755,9539,7082,13.74,11.03,11.34,36.11
418feb2d-0819-472f-8ac8-4c9ca3858773,NewRichTextDocument1,887,abbf05bd-629f-45ff-84c4-8255f29c306c,24,9858,9858,12606,10146,19.49,16.82,17.09,53.40
418feb2d-0819-472f-8ac8-4c9ca3858773,NewRichTextDocument1,888,9f79944c-9fb1-4a26-a4e3-7a5cd5bd233d,24,8679,8679,11431,8976,17.26,14.59,14.87,46.72
418feb2d-0819-472f-8ac8-4c9ca3858773,NewRichTextDocument1,889,18d11c27-5501-491f-82b7-5f9072ec62e6,24,3441,3441,5960,3658,7.99,5.54,5.75,19.28
418feb2d-0819-472f-8ac8-4c9ca3858773,NewRichTextDocument1,890,f4136846-54a2-456a-bd41-78910994c847,24,7333,7333,10257,7720,14.80,11.97,12.32,39.10
418feb2d-0819-472f-8ac8-4c9ca3858773,NewRichTextDocument1,891,7b72a11e-00d1-45e9-8399-db1d524941cf,24,14231,14231,20552,16194,22.84,16.92,18.58,58.34
418feb2d-0819-472f-8ac8-4c9ca3858773,NewRichTextDocument1,892,aa1b9665-d516-43ab-8275-d13a0add9bde,24,6254,6254,9141,6634,12.33,9.53,9.89,31.75
418feb2d-0819-472f-8ac8-4c9ca3858773,NewRichTextDocument1,893,0b32936f-d2be-416c-b61b-bcb3dcb83aef,24,4699,4699,7164,4882,10.43,8.02,8.20,26.65
418feb2d-0819-472f-8ac8-4c9ca3858773,NewRichTextDocument1,894,ce2c540d-352a-493a-ab44-3cd3ddf91fa2,24,5053,5053,7673,5296,11.09,8.54,8.77,28.39
418feb2d-0819-472f-8ac8-4c9ca3858773,NewRichTextDocument1,895,3d0f3c65-75ad-4313-b2b0-c1824e87055a,24,6256,6256,8879,6508,13.01,10.46,10.69,34.16
418feb2d-0819-472f-8ac8-4c9ca3858773,NewRichTextDocument1,896,c2a990d8-db6c-4961-bb6b-0a6a2cedd6ca,24,5018,5018,7856,5377,10.81,8.07,8.39,27.27
418feb2d-0819-472f-8ac8-4c9ca3858773,NewRichTextDocument1,897,e8b970bc-a23b-4ad0-8da6-ddaf9bca7e23,24,4641,4641,7303,4912,10.12,7.53,7.78,25.43
418feb2d-0819-472f-8ac8-4c9ca3858773,NewRichTextDocument1,898,ac0996e4-1dcd-4a5b-968e-72f00d71353d,24,3010,3010,5421,3180,7.49,5.14,5.30,17.93
418feb2d-0819-472f-8ac8-4c9ca3858773,NewRichTextDocument1,899,3dba1544-6995-4ec7-ab40-8db159cf7cf2,24,3250,3250,5743,3595,7.92,5.50,5.82,19.24
418feb2d-0819-472f-8ac8-4c9ca3858773,NewRichTextDocument1,900,d10ac147-3e9a-4a6a-b569-7d5deca2025a,24,6897,6897,9414,7092,14.57,12.12,12.30,38.98
418feb2d-0819-472f-8ac8-4c9ca3858773,NewRichTextDocument1,901,54218acb-f633-4921-a23c-b66ef0468752,24,5368,5368,7852,5560,11.83,9.41,9.59,30.82
418feb2d-0819-472f-8ac8-4c9ca3858773,NewRichTextDocument1,902,5708b002-7980-4338-b27f-9b0e15b4de1b,24,4145,4145,6572,4315,9.58,7.21,7.37,24.16
418feb2d-0819-472f-8ac8-4c9ca3858773,NewRichTextDocument1,903,d175ba97-7485-47b1-af3f-eea9b184d4c8,24,2298,2298,4664,2453,6.19,3.88,4.03,14.11
418feb2d-0819-472f-8ac8-4c9ca3858773,NewRichTextDocument1,904,dca9400f-1564-496f-b94f-53a5c74472c7,24,3258,3258,5792,3488,8.13,5.67,5.88,19.69
418feb2d-0819-472f-8ac8-4c9ca3858773,NewRichTextDocument1,905,7014473c-0f2c-488d-8e8d-f08677dfde37,24,4648,4648,7185,4870,9.97,7.50,7.71,25.18
418feb2d-0819-472f-8ac8-4c9ca3858773,NewRichTextDocument1,906,2816baff-8f3f-4af3-9c3a-72b87f4b943b,24,5618,5618,8118,5813,12.17,9.73,9.92,31.82
418feb2d-0819-472f-8ac8-4c9ca3858773,NewRichTextDocument1,907,40612752-3c8d-46c5-ab80-c2094b6279e5,24,4524,4524,7181,4791,10.22,7.63,7.88,25.73
418feb2d-0819-472f-8ac8-4c9ca3858773,NewRichTextDocument1,908,9a6b6b86-3347-4431-902a-740ba0d87b4e,24,3902,3902,6471,4142,8.85,6.35,6.58,21.79
418feb2d-0819-472f-8ac8-4c9ca3858773,NewRichTextDocument1,909,5d10c55b-f161-4c31-9959-d5e1835ef0ed,24,2768,2768,5185,2943,7.12,4.77,4.93,16.82
418feb2d-0819-472f-8ac8-4c9ca3858773,NewRichTextDocument1,910,3de3cc0c-7047-4bdd-be76-fa0802261c77,24,1742,1742,4096,1892,5.23,2.93,3.08,11.24
418feb2d-0819-472f-8ac8-4c9ca3858773,NewRichTextDocument1,911,8bcb0360-b2d6-4031-b899-747a81d5d7fa,24,2462,2462,4835,2617,6.49,4.17,4.32,14.98
418feb2d-0819-472f-8ac8-4c9ca3858773,NewRichTextDocument1,912,30683d0a-3167-46fd-b390-e088b5f8dba6,24,3069,3069,5521,3259,7.64,5.25,5.43,18.32
418feb2d-0819-472f-8ac8-4c9ca3858773,NewRichTextDocument1,913,33be3169-3dab-43ce-a68d-70b77be9a264,24,3897,3897,6341,4079,9.08,6.70,6.87,22.65
418feb2d-0819-472f-8ac8-4c9ca3858773,NewRichTextDocument1,914,add7b13d-34b8-4d2e-896d-e1ba611c629e,24,2347,2347,4749,2517,6.27,3.93,4.09,14.28
418feb2d-0819-472f-8ac8-4c9ca3858773,NewRichTextDocument1,915,46403afa-0f43-4f06-ac0f-3e35f68d5770,24,3610,3610,6018,3777,8.63,6.28,6.44,21.36
418feb2d-0819-472f-8ac8-4c9ca3858773,NewRichTextDocument1,916,117f2a4c-c323-447c-a31c-635717d2e6b4,24,3818,3818,6228,3979,9.00,6.65,6.80,22.45
418feb2d-0819-472f-8ac8-4c9ca3858773,NewRichTextDocument1,917,11d87498-4e69-445e-bf7c-c35bed4b5cd0,24,3442,3442,5877,3610,8.32,5.94,6.11,20.37
418feb2d-0819-472f-8ac8-4c9ca3858773,NewRichTextDocument1,918,76b28392-0034-4758-b944-545a5e2e4c7b,24,6561,6561,9082,6763,13.96,11.51,11.70,37.17
418feb2d-0819-472f-8ac8-4c9ca3858773,NewRichTextDocument1,919,6e6bdf87-8bea-4645-8462-b82a33336294,24,4978,4978,7446,5157,11.07,8.67,8.83,28.57
418feb2d-0819-472f-8ac8-4c9ca3858773,NewRichTextDocument1,920,8a638d7c-fb06-40bf-a60a-0d8754cca6c8,24,4385,4385,6895,4589,10.03,7.59,7.78,25.41
418feb2d-0819-472f-8ac8-4c9ca3858773,NewRichTextDocument1,921,162275f3-1076-4a27-9cc2-084fec8864b3,24,6945,6945,9582,7190,14.73,12.17,12.40,39.30
418feb2d-0819-472f-8ac8-4c9ca3858773,NewRichTextDocument1,922,898373b7-dab7-4ff4-9d94-e141006ba342,24,6831,6831,9356,7033,14.42,11.96,12.15,38.54
418feb2d-0819-472f-8ac8-4c9ca3858773,NewRichTextDocument1,923,c51c44e0-0cbf-4251-beac-ea5e28170913,24,7794,7794,10615,8130,15.53,12.79,13.11,41.43
418feb2d-0819-472f-8ac8-4c9ca3858773,NewRichTextDocument1,924,9755ba70-1b99-4a04-97f7-a581c79e3326,24,6523,6523,9469,6921,13.24,10.38,10.75,34.36
418feb2d-0819-472f-8ac8-4c9ca3858773,NewRichTextDocument1,925,df9b6b4a-0dcf-4265-8c23-ea69cac14fd3,24,3787,3787,6516,4096,8.39,5.74,6.03,20.15
418feb2d-0819-472f-8ac8-4c9ca3858773,NewRichTextDocument1,926,752e357d-ca65-408e-9f1c-39a8e4b85d1e,24,3221,3221,5726,3435,7.80,5.36,5.56,18.73
418feb2d-0819-472f-8ac8-4c9ca3858773,NewRichTextDocument1,927,dfe78584-1167-4f8d-b2da-75276160d712,24,5766,5766,8695,6161,12.08,9.24,9.60,30.92
418feb2d-0819-472f-8ac8-4c9ca3858773,NewRichTextDocument1,928,e1b98c27-750f-4ca9-9fea-4e3cd8f7fa5c,24,5625,5625,8449,5974,12.14,9.40,9.72,31.25
418feb2d-0819-472f-8ac8-4c9ca3858773,NewRichTextDocument1,929,83ef34c0-ffa8-45b5-b081-a8f3a4760acf,24,3178,3178,5682,3387,7.85,5.41,5.61,18.87
418feb2d-0819-472f-8ac8-4c9ca3858773,NewRichTextDocument1,930,9817497f-bdf5-40f0-9aa0-9b46c87c7b9b,24,3333,3333,5715,3488,8.12,5.80,5.95,19.87
418feb2d-0819-472f-8ac8-4c9ca3858773,NewRichTextDocument1,931,9691ad7d-36f5-49cd-ae4a-c3c2fa8dede4,24,8238,8238,11102,8593,16.53,13.76,14.08,44.38
418feb2d-0819-472f-8ac8-4c9ca3858773,NewRichTextDocument1,932,147c47a1-3ebf-407c-9521-41debfa80390,24,6399,6399,8898,6588,13.59,11.16,11.34,36.09
418feb2d-0819-472f-8ac8-4c9ca3858773,NewRichTextDocument1,933,88bcadf2-fcf4-4129-b888-a456a4765d1e,24,3682,3682,6230,3913,8.49,6.00,6.23,20.72
418feb2d-0819-472f-8ac8-4c9ca3858773,NewRichTextDocument1,934,1012813e-b99f-48c6-ab66-16172c422a94,24,6490,6490,9039,6709,13.89,11.42,11.62,36.93
418feb2d-0819-472f-8ac8-4c9ca3858773,NewRichTextDocument1,935,b3c9feb1-b004-42f1-b26c-2ffef0eccea7,24,9848,9848,12656,10164,20.01,17.29,17.57,54.87
418feb2d-0819-472f-8ac8-4c9ca3858773,NewRichTextDocument1,936,bdaad577-aeac-4697-8e38-333763b741c5,24,9913,9913,12761,10237,20.20,17.44,17.73,55.38
418feb2d-0819-472f-8ac8-4c9ca3858773,NewRichTextDocument1,937,39db8160-cf62-44fe-9980-f804550e048a,24,11157,11157,14041,11503,22.36,19.58,19.88,61.83
418feb2d-0819-472f-8ac8-4c9ca3858773,NewRichTextDocument1,938,79bb2ec7-8be4-46ff-8d4e-1e50c89a5c99,24,6065,6065,8657,6293,13.19,10.67,10.88,34.73
418feb2d-0819-472f-8ac8-4c9ca3858773,NewRichTextDocument1,939,a3561c7a-8ddf-4b56-88db-32ecbaa715c8,24,4681,4681,7122,4858,10.51,8.13,8.30,26.94
418feb2d-0819-472f-8ac8-4c9ca3858773,NewRichTextDocument1,940,d8fe7e21-6d9a-4814-bee5-3bf070b98e6f,24,3708,3708,6128,3878,8.80,6.44,6.61,21.85
418feb2d-0819-472f-8ac8-4c9ca3858773,NewRichTextDocument1,941,e41d3aa3-5d55-4d90-afa1-8027f0ec4446,24,5140,5140,7620,5324,11.41,9.00,9.17,29.58
418feb2d-0819-472f-8ac8-4c9ca3858773,NewRichTextDocument1,942,74548412-6a60-4de8-a80b-7342cd86a8d1,24,9476,9476,12313,9948,19.09,16.35,16.78,52.22
418feb2d-0819-472f-8ac8-4c9ca3858773,NewRichTextDocument1,943,d2d9b955-6ca0-495e-a26f-c891cce1071d,24,9351,9351,12222,9701,18.38,15.59,15.92,49.89
418feb2d-0819-472f-8ac8-4c9ca3858773,NewRichTextDocument1,944,7c532107-ce23-4b71-86b5-74e27c072e2d,24,14169,14169,17563,14715,27.43,24.17,24.64,76.24
418feb2d-0819-472f-8ac8-4c9ca3858773,NewRichTextDocument1,945,d1f0a2a0-66b3-4bfc-9f48-fce57520bed6,24,4917,4917,7641,5218,10.95,8.31,8.58,27.84
418feb2d-0819-472f-8ac8-4c9ca3858773,NewRichTextDocument1,946,5b311857-aca3-4486-82ab-4e1beb991b92,24,4246,4246,6761,4463,9.78,7.33,7.53,24.64
418feb2d-0819-472f-8ac8-4c9ca3858773,NewRichTextDocument1,947,037fc1fd-58be-40dd-9cd5-8899f32c522a,24,4198,4198,6800,4452,9.31,6.78,7.02,23.12
418feb2d-0819-472f-8ac8-4c9ca3858773,NewRichTextDocument1,948,1f2377a0-2dcf-4dd6-8e44-0760ddb409f1,24,5999,5999,8653,6257,12.71,10.13,10.37,33.20
418feb2d-0819-472f-8ac8-4c9ca3858773,NewRichTextDocument1,949,060c8882-a90a-4c27-b47c-7fa76b275d55,24,9180,9180,12148,9561,17.90,15.02,15.37,48.28
418feb2d-0819-472f-8ac8-4c9ca3858773,NewRichTextDocument1,950,08082b3c-a151-444f-afad-39d931a62f70,24,5003,5003,7675,5287,10.91,8.32,8.58,27.82
418feb2d-0819-472f-8ac8-4c9ca3858773,NewRichTextDocument1,951,5e4ded42-82b5-48e2-8cdc-25345b2f58cc,24,6212,6212,8829,6450,13.11,10.57,10.79,34.47
418feb2d-0819-472f-8ac8-4c9ca3858773,NewRichTextDocument1,952,d90db2a1-c309-4bcc-a175-e007b1e24989,24,5095,5095,7703,5351,11.06,8.53,8.76,28.36
418feb2d-0819-472f-8ac8-4c9ca3858773,NewRichTextDocument1,953,68ce418d-af7f-480a-b54e-7b73c791e7a1,24,4977,4977,7704,5284,10.43,7.79,8.07,26.29
418feb2d-0819-472f-8ac8-4c9ca3858773,NewRichTextDocument1,954,03b77dc0-334b-4115-9f54-ba1843310762,24,4781,4781,7452,5065,10.47,7.87,8.13,26.47
418feb2d-0819-472f-8ac8-4c9ca3858773,NewRichTextDocument1,955,d80ebe09-e143-4271-8357-d7634b276e72,24,2658,2658,5033,2813,6.77,4.46,4.61,15.83
418feb2d-0819-472f-8ac8-4c9ca3858773,NewRichTextDocument1,956,8b9563a1-092e-428b-b06e-1c58da1a2c13,24,6321,6321,8928,6553,13.45,10.92,11.13,35.50
418feb2d-0819-472f-8ac8-4c9ca3858773,NewRichTextDocument1,957,d9f15fca-a82f-46d0-8366-41a1dbcb1523,24,6176,6176,8730,6386,13.23,10.74,10.94,34.92
418feb2d-0819-472f-8ac8-4c9ca3858773,NewRichTextDocument1,958,2f09b694-f085-432b-996d-2e798d622d46,24,2604,2604,4999,2769,6.75,4.41,4.57,15.73
418feb2d-0819-472f-8ac8-4c9ca3858773,NewRichTextDocument1,959,8e29e4c0-7f60-480a-b9e1-e423f75262f3,24,8443,8443,11149,8719,17.32,14.70,14.95,46.97
418feb2d-0819-472f-8ac8-4c9ca3858773,NewRichTextDocument1,960,c7bd62a0-089f-4abb-a377-499a7df2f297,24,6537,6537,9150,6782,14.12,11.58,11.80,37.51
418feb2d-0819-472f-8ac8-4c9ca3858773,NewRichTextDocument1,961,b00dcae0-321f-40f8-8520-dbede15e15e0,24,7343,7343,9935,7569,15.45,12.93,13.13,41.51
418feb2d-0819-472f-8ac8-4c9ca3858773,NewRichTextDocument1,962,7bbc34be-e4e5-4d4d-9012-0d4f82bc632c,24,6703,6703,9326,6953,14.21,11.66,11.89,37.76
418feb2d-0819-472f-8ac8-4c9ca3858773,NewRichTextDocument1,963,ab435de4-955f-47d1-816c-e984303dd7d9,24,6715,6715,9239,6915,13.99,11.53,11.72,37.23
418feb2d-0819-472f-8ac8-4c9ca3858773,NewRichTextDocument1,964,7e01ea5e-1973-4227-9da3-c985ab8892a8,24,6115,6115,8590,6297,13.07,10.65,10.83,34.54
418feb2d-0819-472f-8ac8-4c9ca3858773,NewRichTextDocument1,965,948f482d-2558-4d8f-bfdb-6c976aeb741d,24,5988,5988,8420,6148,12.89,10.52,10.67,34.07
418feb2d-0819-472f-8ac8-4c9ca3858773,NewRichTextDocument1,966,4811ec5a-012b-424e-8799-a913dc1ee63d,24,9320,9320,12033,9597,18.00,15.37,15.62,48.99
418feb2d-0819-472f-8ac8-4c9ca3858773,NewRichTextDocument1,967,a3341b38-948f-426a-9c71-4031a18aa86c,24,9425,9425,12365,9805,19.08,16.25,16.58,51.90
418feb2d-0819-472f-8ac8-4c9ca3858773,NewRichTextDocument1,968,83e661e6-1c33-469c-88a5-8ca3f580da89,24,4716,4716,7219,4919,10.55,8.12,8.31,26.98
418feb2d-0819-472f-8ac8-4c9ca3858773,NewRichTextDocument1,969,c6b3800c-ffbd-490f-b5b4-ec1946d27fcf,24,5619,5619,8117,5815,12.21,9.78,9.97,31.96
418feb2d-0819-472f-8ac8-4c9ca3858773,NewRichTextDocument1,970,66b40597-d889-472e-842e-417e290b84c1,24,7121,7121,9597,7298,14.96,12.54,12.71,40.21
418feb2d-0819-472f-8ac8-4c9ca3858773,NewRichTextDocument1,971,38351c7e-ab6d-4e2c-b024-e72dac26da43,24,8008,8008,10689,8273,16.41,13.81,14.05,44.28
418feb2d-0819-472f-8ac8-4c9ca3858773,NewRichTextDocument1,972,f8d12b34-7768-4342-826d-7378237fb3c2,24,4124,4124,6598,4321,9.54,7.13,7.32,23.99
418feb2d-0819-472f-8ac8-4c9ca3858773,NewRichTextDocument1,973,69eb2768-6997-406a-94f5-cd5e991ca202,24,6070,6070,8655,6305,13.15,10.64,10.85,34.64
418feb2d-0819-472f-8ac8-4c9ca3858773,NewRichTextDocument1,974,475f00ba-a2b0-492b-88af-0faa598e77e0,24,7827,7827,10514,8104,16.38,13.79,14.03,44.20
418feb2d-0819-472f-8ac8-4c9ca3858773,NewRichTextDocument1,975,6ec30219-af90-4b9f-9cb8-a56f19dc2f93,24,3310,3310,5843,3536,8.09,5.63,5.84,19.56
418feb2d-0819-472f-8ac8-4c9ca3858773,NewRichTextDocument1,976,c597f21c-35fc-4dbe-bec9-25a7ea580ac5,24,6647,6647,9199,6864,14.08,11.60,11.80,37.49
418feb2d-0819-472f-8ac8-4c9ca3858773,NewRichTextDocument1,977,0d439ecc-fb5a-47ea-a037-e3e05314c681,24,6933,6933,9507,7158,14.68,12.18,12.39,39.25
418feb2d-0819-472f-8ac8-4c9ca3858773,NewRichTextDocument1,978,86ce0806-d1eb-4a4b-ad50-9adbf87b0fe3,24,4867,4867,7481,5125,10.68,8.14,8.38,27.19
418feb2d-0819-472f-8ac8-4c9ca3858773,NewRichTextDocument1,979,5456ee5e-7fd7-42ec-997d-c38abdf8ca42,24,4601,4601,7095,4799,10.25,7.82,8.01,26.09
418feb2d-0819-472f-8ac8-4c9ca3858773,NewRichTextDocument1,980,1efd75b8-1743-42f3-8787-791434dcc02b,24,3059,3059,5456,3488,7.60,5.26,5.67,18.53
418feb2d-0819-472f-8ac8-4c9ca3858773,NewRichTextDocument1,981,2c1c449a-15b7-4c27-b12b-ea6ae1dc1bba,24,3827,3827,6201,3972,8.94,6.62,6.76,22.33
418feb2d-0819-472f-8ac8-4c9ca3858773,NewRichTextDocument1,982,0bdaf736-0192-41c4-9043-fb65a1412b06,24,4032,4032,6468,4207,9.29,6.91,7.08,23.27
418feb2d-0819-472f-8ac8-4c9ca3858773,NewRichTextDocument1,983,1c3c9592-665b-4c4a-9f11-77af8e3b59fa,24,3229,3229,5750,3447,7.92,5.47,5.67,19.07
418feb2d-0819-472f-8ac8-4c9ca3858773,NewRichTextDocument1,984,10ac9a8b-dba3-4e88-aea9-8f2aaaefe5bd,24,6703,6703,9339,6941,14.22,11.66,11.88,37.76
418feb2d-0819-472f-8ac8-4c9ca3858773,NewRichTextDocument1,985,78eb209e-bcf0-4ba7-9ab1-af2859ced00b,24,8872,8872,11456,9088,18.07,15.56,15.76,49.39
418feb2d-0819-472f-8ac8-4c9ca3858773,NewRichTextDocument1,986,07171839-6d72-4030-84b7-918c2100a2cf,24,9938,9938,12666,10214,20.16,17.52,17.76,55.43
418feb2d-0819-472f-8ac8-4c9ca3858773,NewRichTextDocument1,987,2eab1b7b-3858-48e8-9351-0a8da81d892b,24,5110,5110,7632,5320,11.21,8.76,8.95,28.92
418feb2d-0819-472f-8ac8-4c9ca3858773,NewRichTextDocument1,988,7ae30945-b837-49e9-aec1-285abca7e217,24,5534,5534,7977,5700,11.96,9.57,9.73,31.26
418feb2d-0819-472f-8ac8-4c9ca3858773,NewRichTextDocument1,989,278326a8-50a6-4d9c-8690-ace8a7857b72,24,8201,8201,11273,8640,16.82,13.85,14.24,44.91
418feb2d-0819-472f-8ac8-4c9ca3858773,NewRichTextDocument1,990,9546a4c7-0bd7-4f4f-8b5c-f2556fbce8c8,24,5440,5440,8015,5677,11.86,9.36,9.57,30.79
418feb2d-0819-472f-8ac8-4c9ca3858773,NewRichTextDocument1,991,d1788a63-5d16-4bf8-b873-18130230d6ad,24,4742,4742,7305,4974,10.28,7.78,8.00,26.06
418feb2d-0819-472f-8ac8-4c9ca3858773,NewRichTextDocument1,992,0cd8b93f-cff5-4344-a525-c6b6d5b0098e,24,6469,6469,8939,6644,13.68,11.27,11.44,36.38
418feb2d-0819-472f-8ac8-4c9ca3858773,NewRichTextDocument1,993,0e750431-8fc9-4bb4-8bca-87231f036aae,24,8698,8698,11379,8967,17.73,15.14,15.38,48.25
418feb2d-0819-472f-8ac8-4c9ca3858773,NewRichTextDocument1,994,bf2d29cf-b829-494c-91a7-3a0bde0a4cec,24,5696,5696,8293,5939,12.29,9.77,10.00,32.06
418feb2d-0819-472f-8ac8-4c9ca3858773,NewRichTextDocument1,995,9aad5fca-f1f6-4591-a23c-6434c37e2761,24,4411,4411,6944,4633,9.79,7.32,7.53,24.64
418feb2d-0819-472f-8ac8-4c9ca3858773,NewRichTextDocument1,996,f8e00b5a-1468-4daa-9bca-c607b792ff6a,24,4099,4099,6575,4293,9.25,6.84,7.03,23.12
418feb2d-0819-472f-8ac8-4c9ca3858773,NewRichTextDocument1,997,3526c65f-9251-4456-ae40-d58f9fa5cdd0,24,3128,3128,5558,3310,7.79,5.42,5.59,18.80
418feb2d-0819-472f-8ac8-4c9ca3858773,NewRichTextDocument1,998,2f1c01c1-ee89-454e-aa53-99ae821c3bc5,24,7191,7191,9770,7418,14.99,12.49,12.69,40.17
418feb2d-0819-472f-8ac8-4c9ca3858773,NewRichTextDocument1,999,85a38d4a-9b9a-415e-b930-a1a6f2fb87b1,24,2914,2914,5352,3101,7.41,5.04,5.21,17.66
418feb2d-0819-472f-8ac8-4c9ca3858773,NewRichTextDocument1,1000,6eae8d31-5cfd-4f4c-846d-e57a5eb9a4b1,24,3247,3247,5830,3502,8.09,5.59,5.81,19.49
418feb2d-0819-472f-8ac8-4c9ca3858773,NewRichTextDocument1,1001,5615e1a6-c39b-40ab-a586-66b572a02a53,24,4733,4733,7327,4985,10.53,8.01,8.24,26.77
418feb2d-0819-472f-8ac8-4c9ca3858773,NewRichTextDocument1,1002,a74e7751-2778-4b98-947a-dae58464f6e7,24,3024,3024,5473,3208,7.49,5.11,5.28,17.88
418feb2d-0819-472f-8ac8-4c9ca3858773,NewRichTextDocument1,1003,7891cbe7-f190-496f-a1ec-7966925c3c0c,24,7945,7945,10691,8377,16.48,13.83,14.22,44.53
418feb2d-0819-472f-8ac8-4c9ca3858773,NewRichTextDocument1,1004,643069ee-a076-4382-9820-777d7039462f,24,6306,6306,8742,6466,13.25,10.88,11.03,35.16
418feb2d-0819-472f-8ac8-4c9ca3858773,NewRichTextDocument1,1005,b868cf61-ef56-4314-a7f0-432fdd87c0ab,24,6451,6451,8959,6648,13.68,11.24,11.42,36.34
418feb2d-0819-472f-8ac8-4c9ca3858773,NewRichTextDocument1,1006,573a750a-f310-4f47-9896-5ac90493e068,24,6516,6516,9106,6745,13.76,11.25,11.46,36.47
418feb2d-0819-472f-8ac8-4c9ca3858773,NewRichTextDocument1,1007,d7292ff2-2b4c-4a04-82ff-28c73a7da395,24,6629,6629,9392,6900,14.30,11.61,11.87,37.77
418feb2d-0819-472f-8ac8-4c9ca3858773,NewRichTextDocument1,1008,1f504942-3a10-49d9-b2ff-4e389258eb4f,24,9106,9106,11890,9407,18.56,15.86,16.14,50.56
418feb2d-0819-472f-8ac8-4c9ca3858773,NewRichTextDocument1,1009,7c8dbab4-290d-405a-b817-e297c46dee38,24,10092,10092,13407,10641,19.64,16.44,16.94,53.03
418feb2d-0819-472f-8ac8-4c9ca3858773,NewRichTextDocument1,1010,bf9b682c-6013-46d8-a3ec-58c6e02afa00,24,5077,5077,7996,5475,10.37,7.54,7.91,25.82
418feb2d-0819-472f-8ac8-4c9ca3858773,NewRichTextDocument1,1011,cebb83f4-2cc1-4a86-9e81-22cd51ac393f,24,6409,6409,8926,6605,13.60,11.14,11.33,36.07
418feb2d-0819-472f-8ac8-4c9ca3858773,NewRichTextDocument1,1012,d58111ce-d683-4704-898f-797f48b0de50,24,6362,6362,9983,7086,12.48,9.03,9.65,31.16
418feb2d-0819-472f-8ac8-4c9ca3858773,NewRichTextDocument1,1013,a4b80461-1b57-44bb-a136-b6bb0ed7441f,24,12585,12585,16847,13573,23.59,19.56,20.40,63.55
418feb2d-0819-472f-8ac8-4c9ca3858773,NewRichTextDocument1,1014,d9c707f4-07d7-44a9-bd5c-f9271ef35db6,24,8579,8579,11175,8794,17.64,15.12,15.32,48.08
418feb2d-0819-472f-8ac8-4c9ca3858773,NewRichTextDocument1,1015,72f9ea78-4153-4bc9-9d7b-b3e14ecb6528,24,4824,4824,7478,5095,10.62,8.05,8.29,26.96
418feb2d-0819-472f-8ac8-4c9ca3858773,NewRichTextDocument1,1016,d95f8946-632a-4ad4-a89a-4c17a3293ed9,24,7435,7435,9980,7638,15.17,12.70,12.89,40.75
418feb2d-0819-472f-8ac8-4c9ca3858773,NewRichTextDocument1,1017,a4960076-c120-42d4-b1c1-9d18ccdc6db7,24,5518,5518,8148,5761,12.09,9.54,9.76,31.39
418feb2d-0819-472f-8ac8-4c9ca3858773,NewRichTextDocument1,1018,f129fc89-faac-47dc-93f1-73c81ddee726,24,4821,4821,7593,5150,10.42,7.73,8.04,26.20
418feb2d-0819-472f-8ac8-4c9ca3858773,NewRichTextDocument1,1019,6e4b5849-8ec2-47df-8a70-56d09a2ea1ff,24,3341,3341,5885,3570,8.13,5.66,5.87,19.66
418feb2d-0819-472f-8ac8-4c9ca3858773,NewRichTextDocument1,1020,b4b084de-28a0-4aba-b686-8918d314bc8f,24,4952,4952,7418,5139,10.86,8.46,8.63,27.95
418feb2d-0819-472f-8ac8-4c9ca3858773,NewRichTextDocument1,1021,04726e2d-273a-407f-b91b-4480ea44702b,24,10088,10088,12639,10274,20.30,17.81,17.99,56.10
418feb2d-0819-472f-8ac8-4c9ca3858773,NewRichTextDocument1,1022,23e65239-2171-40f1-a299-207838aade54,24,4203,4203,6671,4393,9.68,7.28,7.45,24.41
418feb2d-0819-472f-8ac8-4c9ca3858773,NewRichTextDocument1,1023,d8657e51-ad0d-46ec-8701-999406113c6b,24,5884,5884,8465,6121,12.75,10.25,10.46,33.46
418feb2d-0819-472f-8ac8-4c9ca3858773,NewRichTextDocument1,1024,2968a7d3-a590-4331-9c27-3ce19a56e512,24,4845,4845,7290,5022,10.77,8.39,8.56,27.71
418feb2d-0819-472f-8ac8-4c9ca3858773,NewRichTextDocument1,1025,6895eb98-038f-44c2-bd1e-87abeb16c960,24,5920,5920,8400,6107,12.64,10.23,10.40,33.28
418feb2d-0819-472f-8ac8-4c9ca3858773,NewRichTextDocument1,1026,3009b9ce-3020-4362-9706-4603583545b2,24,7516,7516,10142,7760,15.37,12.82,13.05,41.24
418feb2d-0819-472f-8ac8-4c9ca3858773,NewRichTextDocument1,1027,ae04c4d7-947d-43f9-91e4-87519d2db91b,24,4630,4630,7271,4905,10.40,7.84,8.09,26.33
418feb2d-0819-472f-8ac8-4c9ca3858773,NewRichTextDocument1,1028,077f1339-776e-4dc4-bcdb-b825bee6a85f,24,5496,5496,8059,5724,11.82,9.32,9.54,30.68
418feb2d-0819-472f-8ac8-4c9ca3858773,NewRichTextDocument1,1029,b3052b9d-85f9-45e1-a423-920aa2af3938,24,4350,4350,6862,4559,9.82,7.37,7.57,24.75
418feb2d-0819-472f-8ac8-4c9ca3858773,NewRichTextDocument1,1030,b3318f11-c840-43da-90f7-eab8c6f5c49a,24,6643,6643,9062,6928,14.05,11.69,11.97,37.72
418feb2d-0819-472f-8ac8-4c9ca3858773,NewRichTextDocument1,1031,50f4314a-064e-4db4-ae37-591629506fe3,24,5627,5627,8252,5889,12.37,9.83,10.06,32.27
418feb2d-0819-472f-8ac8-4c9ca3858773,NewRichTextDocument1,1032,08e90130-dd36-4c52-bfdc-6ba6e1b91eaa,24,6411,6411,9058,6680,13.56,11.00,11.24,35.80
418feb2d-0819-472f-8ac8-4c9ca3858773,NewRichTextDocument1,1033,dce787c2-81d0-4558-872b-dae1af351083,24,6132,6132,8768,6386,13.24,10.68,10.91,34.82
418feb2d-0819-472f-8ac8-4c9ca3858773,NewRichTextDocument1,1034,312ca2a0-ed8c-43ca-a8a0-d12d62de614d,24,7383,7383,9963,7596,15.30,12.79,12.99,41.08
418feb2d-0819-472f-8ac8-4c9ca3858773,NewRichTextDocument1,1035,25b4b99b-8f93-4bb5-affc-8c02ea124fc7,24,8417,8417,11396,8799,17.23,14.34,14.69,46.27
418feb2d-0819-472f-8ac8-4c9ca3858773,NewRichTextDocument1,1036,eceb7bef-1d2c-4df9-9bf5-78bc237940ec,24,9120,9120,11738,9352,18.57,16.03,16.24,50.84
418feb2d-0819-472f-8ac8-4c9ca3858773,NewRichTextDocument1,1037,c2338083-d0b1-4e0d-a6c7-4ecdf1794035,24,13187,13187,16237,13596,25.45,22.50,22.87,70.82
418feb2d-0819-472f-8ac8-4c9ca3858773,NewRichTextDocument1,1038,9173958f-040c-41f5-b622-70cb78efc4c6,24,11365,11365,14301,11726,22.75,19.92,20.23,62.90
418feb2d-0819-472f-8ac8-4c9ca3858773,NewRichTextDocument1,1039,81f363b9-e50f-4577-82b7-70b72d5883d7,24,8372,8372,10952,8589,17.11,14.60,14.80,46.51
418feb2d-0819-472f-8ac8-4c9ca3858773,NewRichTextDocument1,1040,5f762364-dde1-4912-9fa3-6237e6358b22,24,6197,6197,8734,6409,13.20,10.74,10.93,34.87
418feb2d-0819-472f-8ac8-4c9ca3858773,NewRichTextDocument1,1041,9756db37-6c6d-47ac-ab53-c2daaf27c707,24,2483,2483,4981,2685,6.60,4.17,4.36,15.14
418feb2d-0819-472f-8ac8-4c9ca3858773,NewRichTextDocument1,1042,3c04a6b1-d479-4d94-a93c-fdb74584d087,24,4829,4829,7382,5057,10.75,8.27,8.48,27.49
418feb2d-0819-472f-8ac8-4c9ca3858773,NewRichTextDocument1,1043,c9398565-7f7e-4cc7-b120-f2604652811c,24,2797,2797,5174,2952,7.11,4.79,4.94,16.85
418feb2d-0819-472f-8ac8-4c9ca3858773,NewRichTextDocument1,1044,b82e5c60-375c-49bc-8048-df12bfcac9e9,24,6239,6239,8823,6476,13.15,10.64,10.86,34.66
418feb2d-0819-472f-8ac8-4c9ca3858773,NewRichTextDocument1,1045,0aa4f5cb-0cf4-402e-9ed5-e14407914ef8,24,10133,10133,12807,10387,20.40,17.81,18.04,56.26
418feb2d-0819-472f-8ac8-4c9ca3858773,NewRichTextDocument1,1046,5ee79d56-c899-40ce-8499-ce39712e5545,24,7575,7575,10256,7840,15.89,13.29,13.53,42.71
418feb2d-0819-472f-8ac8-4c9ca3858773,NewRichTextDocument1,1047,2f0dd065-86bd-4418-9c8d-c09074297d9e,24,7719,7719,10285,7938,16.03,13.54,13.74,43.31
418feb2d-0819-472f-8ac8-4c9ca3858773,NewRichTextDocument1,1048,942c6c4d-0e4d-4dc1-84f9-563d4eafc00e,24,6173,6173,8758,6404,13.29,10.77,10.99,35.05
418feb2d-0819-472f-8ac8-4c9ca3858773,NewRichTextDocument1,1049,fdadc1f4-63b8-4aad-86d8-e7cc3e0b1132,24,5562,5562,8260,5855,11.79,9.17,9.44,30.39
418feb2d-0819-472f-8ac8-4c9ca3858773,NewRichTextDocument1,1050,02513c05-03f1-4bcb-8213-e5a627444534,24,5489,5489,7997,5689,11.86,9.42,9.60,30.88
418feb2d-0819-472f-8ac8-4c9ca3858773,NewRichTextDocument1,1051,88312ace-b1db-4383-bfc2-ca5a74c7505b,24,5546,5546,8083,5763,12.08,9.61,9.81,31.50
418feb2d-0819-472f-8ac8-4c9ca3858773,NewRichTextDocument1,1052,8710df9a-305e-4dd6-b92a-90201450be36,24,3644,3644,6131,3843,8.64,6.22,6.41,21.27
418feb2d-0819-472f-8ac8-4c9ca3858773,NewRichTextDocument1,1053,65346516-375a-4765-a79e-22687c3e8c51,24,3764,3764,6332,3997,8.93,6.43,6.65,22.00
418feb2d-0819-472f-8ac8-4c9ca3858773,NewRichTextDocument1,1054,d0b77ddd-99e2-4bfa-89cf-aa395f25b412,24,7832,7832,10516,8099,16.26,13.66,13.90,43.82
418feb2d-0819-472f-8ac8-4c9ca3858773,NewRichTextDocument1,1055,8f477734-e4f3-4a43-b655-65964d4f3a37,24,15362,15362,18136,15758,29.38,26.68,27.05,83.11
418feb2d-0819-472f-8ac8-4c9ca3858773,NewRichTextDocument1,1056,e3e8b475-407e-4436-ba5c-c6548c608ac7,24,7156,7156,9784,7396,15.04,12.49,12.71,40.23
418feb2d-0819-472f-8ac8-4c9ca3858773,NewRichTextDocument1,1057,f8535f12-082c-4db9-81e6-0fb7c42991d5,24,5873,5873,8383,6069,12.70,10.26,10.44,33.39
418feb2d-0819-472f-8ac8-4c9ca3858773,NewRichTextDocument1,1058,48964ea0-2473-4e80-aeb1-4b6305ce9489,24,4552,4552,6946,4704,10.24,7.90,8.05,26.18
418feb2d-0819-472f-8ac8-4c9ca3858773,NewRichTextDocument1,1059,0461a56d-0feb-4222-9aa8-4e214e260468,24,3881,3881,6273,4036,9.01,6.68,6.83,22.52
418feb2d-0819-472f-8ac8-4c9ca3858773,NewRichTextDocument1,1060,1163061d-fcd9-437b-a24f-f70125b6d4cb,24,8248,8248,10882,8495,16.97,14.41,14.63,46.01
418feb2d-0819-472f-8ac8-4c9ca3858773,NewRichTextDocument1,1061,3eaccdb2-963a-467c-acea-07cc03059473,24,6570,6570,9030,6742,13.90,11.50,11.66,37.06
418feb2d-0819-472f-8ac8-4c9ca3858773,NewRichTextDocument1,1062,16b305e6-bd37-410b-94c8-3f196deef29b,24,5160,5160,7610,5335,11.38,9.00,9.16,29.55
418feb2d-0819-472f-8ac8-4c9ca3858773,NewRichTextDocument1,1063,213e9c69-0889-47a6-bdb7-887ef9052ec8,24,7005,7005,9572,7227,14.68,12.19,12.39,39.26
418feb2d-0819-472f-8ac8-4c9ca3858773,NewRichTextDocument1,1064,9d4ec0da-529f-4e3b-b51d-cc6096e1b1fe,24,7962,7962,10502,8150,16.39,13.92,14.09,44.40
418feb2d-0819-472f-8ac8-4c9ca3858773,NewRichTextDocument1,1065,678edcb5-9dcf-44dc-ac4d-760b6a824814,24,5801,5801,8411,6045,12.63,10.10,10.32,33.06
418feb2d-0819-472f-8ac8-4c9ca3858773,NewRichTextDocument1,1066,788e19e2-d85b-4c26-9aef-6fdce4df8e01,24,6820,6820,9434,7061,14.36,11.83,12.05,38.24
418feb2d-0819-472f-8ac8-4c9ca3858773,NewRichTextDocument1,1067,96ec1e70-3898-4854-93cb-9f2217b1a810,24,3714,3714,6290,3948,8.93,6.42,6.64,21.99
418feb2d-0819-472f-8ac8-4c9ca3858773,NewRichTextDocument1,1068,5f9338c4-78eb-4572-a80f-3d7417d877a5,24,4549,4549,7168,4810,10.30,7.76,8.00,26.06
418feb2d-0819-472f-8ac8-4c9ca3858773,NewRichTextDocument1,1069,38d54e79-db8d-4d71-8048-3e2ee61f9c0e,24,3142,3142,5522,3297,7.66,5.34,5.49,18.49
418feb2d-0819-472f-8ac8-4c9ca3858773,NewRichTextDocument1,1070,dc3edf6b-1a4b-4eb2-b1dd-bc62c75c0bd2,24,4987,4987,7406,5147,10.96,8.60,8.76,28.32
418feb2d-0819-472f-8ac8-4c9ca3858773,NewRichTextDocument1,1071,1945e18e-bb6f-4c13-9ae7-5358d427a949,24,5417,5417,7924,5617,11.91,9.48,9.66,31.05
418feb2d-0819-472f-8ac8-4c9ca3858773,NewRichTextDocument1,1072,b9eefdc8-2061-441a-96de-fa3f7de8bb31,24,4432,4432,6909,4629,10.10,7.69,7.88,25.67
418feb2d-0819-472f-8ac8-4c9ca3858773,NewRichTextDocument1,1073,fa05a98f-cbf8-4109-94c1-646056f407d0,24,2655,2655,5120,2855,6.88,4.48,4.67,16.03
418feb2d-0819-472f-8ac8-4c9ca3858773,NewRichTextDocument1,1074,0f355dcd-ebea-4934-8618-27122f67e55a,24,4225,4225,6736,4430,9.71,7.26,7.45,24.42
418feb2d-0819-472f-8ac8-4c9ca3858773,NewRichTextDocument1,1075,566bcac8-2dc9-428a-b5f0-43f044e8d063,24,2967,2967,5504,3184,7.52,5.05,5.25,17.83
418feb2d-0819-472f-8ac8-4c9ca3858773,NewRichTextDocument1,1076,de89b811-f6f4-408c-940c-b3be2255fedc,24,7567,7567,10066,7877,15.75,13.31,13.61,42.67
418feb2d-0819-472f-8ac8-4c9ca3858773,NewRichTextDocument1,1077,08ea4cd8-e0bf-4b94-b4b1-8b57ae622a46,24,16181,16181,19126,16503,31.06,28.21,28.50,87.77
418feb2d-0819-472f-8ac8-4c9ca3858773,NewRichTextDocument1,1078,637d155a-2b07-4917-896a-4f8e490d2f72,24,6762,6762,9349,6994,14.12,11.61,11.82,37.56
418feb2d-0819-472f-8ac8-4c9ca3858773,NewRichTextDocument1,1079,f33d610d-f7be-4874-8973-6dfd40326a2d,24,4817,4817,7324,5014,10.60,8.15,8.34,27.09
418feb2d-0819-472f-8ac8-4c9ca3858773,NewRichTextDocument1,1080,864183f9-5132-4d01-bad6-c6c99f6f42b0,24,2999,2999,5579,3255,7.38,4.88,5.11,17.37
418feb2d-0819-472f-8ac8-4c9ca3858773,NewRichTextDocument1,1081,fba80210-88a9-4579-bc31-6e638d153466,24,5881,5881,8608,6173,12.64,10.00,10.26,32.90
418feb2d-0819-472f-8ac8-4c9ca3858773,NewRichTextDocument1,1082,eb7b3f5b-9c37-4eb1-9c87-bdcae554695f,24,7903,7903,10722,8242,15.90,13.17,13.48,42.56
418feb2d-0819-472f-8ac8-4c9ca3858773,NewRichTextDocument1,1083,2e4e8945-591b-4db1-b8d4-dfb8ce024384,24,10642,10642,13249,10859,20.95,18.42,18.61,57.98
418feb2d-0819-472f-8ac8-4c9ca3858773,NewRichTextDocument1,1084,66afc505-434a-4c73-977e-ebf7c20c86f7,24,5278,5278,7820,5500,11.59,9.12,9.32,30.03
418feb2d-0819-472f-8ac8-4c9ca3858773,NewRichTextDocument1,1085,3b2908f5-cfad-4b18-bbc9-f6351e07803d,24,7369,7369,9981,7611,15.30,12.76,12.98,41.04
418feb2d-0819-472f-8ac8-4c9ca3858773,NewRichTextDocument1,1086,d9107b76-465e-4cb2-8ca5-37c388a57acb,24,7476,7476,9958,7651,15.36,12.94,13.11,41.41
418feb2d-0819-472f-8ac8-4c9ca3858773,NewRichTextDocument1,1087,e9c70855-60e1-4b5d-9248-1cc4bb5622c4,24,10125,10125,13095,10515,20.36,17.50,17.84,55.70
418feb2d-0819-472f-8ac8-4c9ca3858773,NewRichTextDocument1,1088,8c2eb432-ffe6-428c-bc00-7b940dcaa1c9,24,7415,7415,10312,7793,14.99,12.18,12.53,39.69
418feb2d-0819-472f-8ac8-4c9ca3858773,NewRichTextDocument1,1089,61609687-9a72-4c4b-bc54-4515d10d5446,24,5619,5619,8218,5866,12.04,9.52,9.74,31.30
418feb2d-0819-472f-8ac8-4c9ca3858773,NewRichTextDocument1,1090,36fb8fee-c653-4323-8af8-29272bde9efd,24,5016,5016,7726,5323,11.13,8.51,8.78,28.42
418feb2d-0819-472f-8ac8-4c9ca3858773,NewRichTextDocument1,1091,e42c5f1c-61d9-42d7-872b-69d1dc06ed98,24,3719,3719,6404,4008,9.01,6.41,6.67,22.10
418feb2d-0819-472f-8ac8-4c9ca3858773,NewRichTextDocument1,1092,4786a88e-083b-4f26-8e26-ab544e2d3e96,24,3151,3151,5674,3364,7.77,5.32,5.51,18.60
418feb2d-0819-472f-8ac8-4c9ca3858773,NewRichTextDocument1,1093,03f92911-bc83-4352-b13a-a7180f73ef18,24,3032,3032,5464,3212,7.54,5.18,5.34,18.06
418feb2d-0819-472f-8ac8-4c9ca3858773,NewRichTextDocument1,1094,afd771a0-e00f-465f-a276-98cd1fdff851,24,4082,4082,6606,4304,9.57,7.12,7.32,24.01
418feb2d-0819-472f-8ac8-4c9ca3858773,NewRichTextDocument1,1095,e8a52ae9-6162-46cd-b49f-8839081ea28b,24,4899,4899,7446,5124,10.80,8.33,8.54,27.67
418feb2d-0819-472f-8ac8-4c9ca3858773,NewRichTextDocument1,1096,9f65aa13-f4f9-464b-83eb-87e970bee188,24,2645,2645,5050,2817,6.81,4.47,4.63,15.91
418feb2d-0819-472f-8ac8-4c9ca3858773,NewRichTextDocument1,1097,f64223f7-c2aa-49e6-b38f-8187394b8483,24,3427,3427,5822,3587,8.16,5.83,5.98,19.96
418feb2d-0819-472f-8ac8-4c9ca3858773,NewRichTextDocument1,1098,d1196698-66c5-4791-88c5-9f6731cb4b48,24,3914,3914,6356,4096,9.11,6.73,6.90,22.75
418feb2d-0819-472f-8ac8-4c9ca3858773,NewRichTextDocument1,1099,1e71fa84-0a63-4565-824e-a0aefa5aa798,24,6130,6130,8734,6377,13.23,10.71,10.93,34.87
418feb2d-0819-472f-8ac8-4c9ca3858773,NewRichTextDocument1,1100,9bcab7a3-134d-4479-8e52-bd332c338121,24,4467,4467,6908,4644,10.04,7.66,7.83,25.52
418feb2d-0819-472f-8ac8-4c9ca3858773,NewRichTextDocument1,1101,2d23326e-89e1-48e5-b315-ab4a6042aeb1,24,4365,4365,6847,4554,9.80,7.38,7.56,24.73
418feb2d-0819-472f-8ac8-4c9ca3858773,NewRichTextDocument1,1102,62416699-8711-4fee-aca5-87c090c07c72,24,4987,4987,7457,5173,10.97,8.57,8.74,28.29
418feb2d-0819-472f-8ac8-4c9ca3858773,NewRichTextDocument1,1103,0a53d8ae-676f-4e4e-a7cb-0bcfde49d167,24,4309,4309,6736,4479,9.67,7.31,7.47,24.45
418feb2d-0819-472f-8ac8-4c9ca3858773,NewRichTextDocument1,1104,7bab6287-6759-45d2-b0c0-03878c4af719,24,3341,3341,5745,3508,8.05,5.71,5.87,19.64
418feb2d-0819-472f-8ac8-4c9ca3858773,NewRichTextDocument1,1105,83dea270-93e8-4543-b312-d4675803f0b6,24,7321,7321,9871,7798,15.19,12.71,13.17,41.06
418feb2d-0819-472f-8ac8-4c9ca3858773,NewRichTextDocument1,1106,88629e66-9b80-47d2-a86d-72ba9dfb2196,24,11107,11107,14030,11470,21.63,18.80,19.13,59.56
418feb2d-0819-472f-8ac8-4c9ca3858773,NewRichTextDocument1,1107,4e49f033-874d-45ea-a4d9-8d18a2a5d346,24,8279,8279,10835,8485,17.04,14.55,14.74,46.33
418feb2d-0819-472f-8ac8-4c9ca3858773,NewRichTextDocument1,1108,752fe9f5-c049-4a52-b529-039c5cf44b47,24,7801,7801,11091,8367,15.61,12.45,12.95,41.00
418feb2d-0819-472f-8ac8-4c9ca3858773,NewRichTextDocument1,1109,d10f5e78-0a68-449b-a4dc-6196f1776dd6,24,6712,6712,9623,7098,13.83,11.01,11.36,36.20
418feb2d-0819-472f-8ac8-4c9ca3858773,NewRichTextDocument1,1110,8b0e418c-0c39-42d0-bca8-e9343f77deec,24,6801,6801,9441,7044,14.43,11.86,12.09,38.39
418feb2d-0819-472f-8ac8-4c9ca3858773,NewRichTextDocument1,1111,971753b8-0320-457b-8072-728e72ae25d1,24,9512,9512,12485,9899,18.82,15.94,16.29,51.05
418feb2d-0819-472f-8ac8-4c9ca3858773,NewRichTextDocument1,1112,85c2482d-9af7-4774-9723-c1331e5093e2,24,5741,5741,8396,6006,12.43,9.85,10.09,32.37
418feb2d-0819-472f-8ac8-4c9ca3858773,NewRichTextDocument1,1113,691dc662-f9c8-461f-b266-a62b3b890c22,24,11160,11160,13852,11408,21.93,19.31,19.54,60.78
418feb2d-0819-472f-8ac8-4c9ca3858773,NewRichTextDocument1,1114,5dbf6ad1-9c67-440e-83a9-3f4f87624404,24,13355,13355,16115,13627,25.96,23.29,23.53,72.79
418feb2d-0819-472f-8ac8-4c9ca3858773,NewRichTextDocument1,1115,31bd2fdc-bebd-449a-9edc-ada1733165e3,24,13807,13807,16619,14101,26.58,23.84,24.12,74.54
418feb2d-0819-472f-8ac8-4c9ca3858773,NewRichTextDocument1,1116,3d4a9378-99d8-476f-b4f3-9dde965edb8c,24,14864,14864,17764,15190,28.68,25.87,26.16,80.71
418feb2d-0819-472f-8ac8-4c9ca3858773,NewRichTextDocument1,1117,bc6e6af1-9570-47d9-8fcb-f3ec22359001,24,6273,6273,8738,6450,13.39,10.99,11.15,35.52
418feb2d-0819-472f-8ac8-4c9ca3858773,NewRichTextDocument1,1118,f4c4a8fe-463e-41f7-9eca-a937de54a765,24,6101,6101,8586,6288,13.12,10.70,10.88,34.70
418feb2d-0819-472f-8ac8-4c9ca3858773,NewRichTextDocument1,1119,b4182420-6d5d-40fb-8df9-0a1160fdf66b,24,8811,8811,11391,9028,17.93,15.42,15.62,48.97
418feb2d-0819-472f-8ac8-4c9ca3858773,NewRichTextDocument1,1120,e43fb86e-99ab-4b1f-b77b-85f671a369f4,24,14076,14076,16703,14276,27.34,24.78,24.97,77.09
418feb2d-0819-472f-8ac8-4c9ca3858773,NewRichTextDocument1,1121,9977e60d-6c08-4a82-9230-b4dc6061722b,24,9545,9545,12332,9855,19.41,16.72,16.99,53.12
418feb2d-0819-472f-8ac8-4c9ca3858773,NewRichTextDocument1,1122,f2cf389d-7022-48da-ba50-7239b0c53131,24,8935,8935,11779,9397,18.02,15.26,15.69,48.97
418feb2d-0819-472f-8ac8-4c9ca3858773,NewRichTextDocument1,1123,566e88b6-3cda-41a7-a4cd-d96396358b40,24,3412,3412,5847,3586,8.08,5.70,5.87,19.66
418feb2d-0819-472f-8ac8-4c9ca3858773,NewRichTextDocument1,1124,dcd6742e-df0f-49d7-b8f1-480a4dbaab11,24,4322,4322,6833,4532,9.84,7.40,7.59,24.83
418feb2d-0819-472f-8ac8-4c9ca3858773,NewRichTextDocument1,1125,7a848bbd-b758-4788-b7f0-1c691352a145,24,2472,2472,4844,2627,6.49,4.17,4.32,14.98
418feb2d-0819-472f-8ac8-4c9ca3858773,NewRichTextDocument1,1126,64abda9e-5e0d-45d4-acbe-cc5c680ac93e,24,8142,8142,10744,8368,16.83,14.30,14.51,45.64
418feb2d-0819-472f-8ac8-4c9ca3858773,NewRichTextDocument1,1127,dde07e55-fdea-4c18-8396-a9380748aa0a,24,8649,8649,11388,8932,17.54,14.88,15.14,47.57
418feb2d-0819-472f-8ac8-4c9ca3858773,NewRichTextDocument1,1128,e62ff3db-b5c8-4361-ae71-fc51e2915869,24,6629,6629,9181,6840,14.09,11.61,11.80,37.50
418feb2d-0819-472f-8ac8-4c9ca3858773,NewRichTextDocument1,1129,ac0c47b3-39ff-451b-9881-1e50d62a23f8,24,10403,10403,13032,10742,21.02,18.46,18.78,58.26
418feb2d-0819-472f-8ac8-4c9ca3858773,NewRichTextDocument1,1130,6fef07f7-b6cb-4e8f-9955-f5a9426f2fac,24,7004,7004,9580,7225,14.73,12.22,12.43,39.38
418feb2d-0819-472f-8ac8-4c9ca3858773,NewRichTextDocument1,1131,2d8f063f-502c-4e6e-afd6-050e31445a5e,24,3150,3150,5521,3300,7.66,5.34,5.49,18.49
418feb2d-0819-472f-8ac8-4c9ca3858773,NewRichTextDocument1,1132,f192bc50-8233-4894-ab87-e128a438d4ac,24,3879,3879,6350,4070,9.15,6.74,6.92,22.81
418feb2d-0819-472f-8ac8-4c9ca3858773,NewRichTextDocument1,1133,a50b7a81-343c-4a2b-a03c-77c4d00c6ee2,24,5303,5303,7747,5475,11.65,9.27,9.43,30.36
418feb2d-0819-472f-8ac8-4c9ca3858773,NewRichTextDocument1,1134,fa48c47c-7255-4f7f-beae-721dbd26195c,24,5251,5251,7684,5416,11.50,9.13,9.29,29.92
418feb2d-0819-472f-8ac8-4c9ca3858773,NewRichTextDocument1,1135,936e1d2a-d067-4d28-b2b0-c4114b5b8f44,24,4321,4321,6749,4491,9.86,7.50,7.66,25.01
418feb2d-0819-472f-8ac8-4c9ca3858773,NewRichTextDocument1,1136,84066546-6341-4c2c-ba11-d82c47c08f88,24,5706,5706,8154,5876,12.38,10.00,10.16,32.54
418feb2d-0819-472f-8ac8-4c9ca3858773,NewRichTextDocument1,1137,3d04ad61-32f2-4c37-abb1-b6e7bb87650a,24,7190,7190,9690,7371,15.02,12.59,12.76,40.37
418feb2d-0819-472f-8ac8-4c9ca3858773,NewRichTextDocument1,1138,61e704cd-9151-40f4-a53d-dc75fbd14ce7,24,7169,7169,9758,7399,14.96,12.44,12.65,40.05
418feb2d-0819-472f-8ac8-4c9ca3858773,NewRichTextDocument1,1139,8d5abc5e-5bc6-4d12-af0a-af7c51480df4,24,9470,9470,12485,9880,18.38,15.45,15.83,49.66
418feb2d-0819-472f-8ac8-4c9ca3858773,NewRichTextDocument1,1140,d4fa2ff8-2ee7-4c8f-918a-31a362ff4ee5,24,7473,7473,10715,8018,14.84,11.72,12.21,38.76
418feb2d-0819-472f-8ac8-4c9ca3858773,NewRichTextDocument1,1141,41ce8ac5-560e-4cd2-af00-9ce70fce7f4c,24,8635,8635,11282,8867,17.75,15.17,15.39,48.30
418feb2d-0819-472f-8ac8-4c9ca3858773,NewRichTextDocument1,1142,7a528d21-2e12-4215-bacf-1eb3bc827240,24,4365,4365,6843,4548,9.91,7.49,7.67,25.06
418feb2d-0819-472f-8ac8-4c9ca3858773,NewRichTextDocument1,1143,d77a8e12-8eb8-486a-8ae3-c25e28c2dec9,24,10721,10721,13341,10943,21.33,18.79,18.99,59.11
418feb2d-0819-472f-8ac8-4c9ca3858773,NewRichTextDocument1,1144,14773211-c4a4-4f46-a6ea-50f34c95afb9,24,3488,3488,5881,3650,8.35,6.01,6.17,20.53
418feb2d-0819-472f-8ac8-4c9ca3858773,NewRichTextDocument1,1145,f70d42c0-112b-4d7a-b906-d6baa9bb949c,24,7241,7241,9989,7533,15.00,12.34,12.60,39.94
418feb2d-0819-472f-8ac8-4c9ca3858773,NewRichTextDocument1,1146,9a1698be-f56f-4b01-989f-1713046eda43,24,3108,3108,5506,3275,7.63,5.30,5.46,18.39
418feb2d-0819-472f-8ac8-4c9ca3858773,NewRichTextDocument1,1147,f56f54f8-a7b3-47bd-9f09-e73a3eeb547e,24,4237,4237,6675,4412,9.66,7.28,7.45,24.38
418feb2d-0819-472f-8ac8-4c9ca3858773,NewRichTextDocument1,1148,e6d8209c-6188-4107-908a-a9204f68b5e2,24,6472,6472,9147,6752,13.86,11.27,11.52,36.66
418feb2d-0819-472f-8ac8-4c9ca3858773,NewRichTextDocument1,1149,c8b0cd95-ba4f-4073-9e09-984d8a82bcf4,24,3367,3367,5741,3517,8.05,5.73,5.88,19.65
418feb2d-0819-472f-8ac8-4c9ca3858773,NewRichTextDocument1,1150,a92255aa-dab8-4000-a46e-58a008c0b3f6,24,5009,5009,7495,5200,11.12,8.70,8.88,28.69
418feb2d-0819-472f-8ac8-4c9ca3858773,NewRichTextDocument1,1151,b06e1dde-40dd-441e-9984-7d243ebc5bb0,24,2715,2715,5089,2870,6.96,4.64,4.79,16.38
418feb2d-0819-472f-8ac8-4c9ca3858773,NewRichTextDocument1,1152,1576ea36-e431-4421-831f-eb7b4ab3b1cc,24,6642,6642,9230,6873,14.10,11.59,11.80,37.49
418feb2d-0819-472f-8ac8-4c9ca3858773,NewRichTextDocument1,1153,9fc81745-958f-4a01-a765-38817d361077,24,7131,7131,9673,7336,14.93,12.46,12.65,40.04
418feb2d-0819-472f-8ac8-4c9ca3858773,NewRichTextDocument1,1154,054e6305-0714-4e67-b11e-caa7a55a9935,24,10360,10360,13252,10711,20.40,17.60,17.92,55.91
418feb2d-0819-472f-8ac8-4c9ca3858773,NewRichTextDocument1,1155,bac3e5f0-9e30-4364-aff8-73579dad3cb0,24,6245,6245,9137,6585,13.17,10.36,10.68,34.21
418feb2d-0819-472f-8ac8-4c9ca3858773,NewRichTextDocument1,1156,2f2cc79e-321b-4193-be2e-fa008bef26aa,24,2421,2421,5005,2678,6.07,3.55,3.80,13.43
418feb2d-0819-472f-8ac8-4c9ca3858773,NewRichTextDocument1,1157,3d341d01-6a4f-4c9c-a2d6-bb5460a05df3,24,6441,6441,9264,6789,13.50,10.77,11.08,35.36
418feb2d-0819-472f-8ac8-4c9ca3858773,NewRichTextDocument1,1158,0075b5e7-a7b9-4460-bc3e-607291037323,24,6470,6470,8977,6655,13.81,11.36,11.54,36.71
418feb2d-0819-472f-8ac8-4c9ca3858773,NewRichTextDocument1,1159,a53ff4d0-45b3-4c45-a5bd-e7ccbd80e19b,24,10192,10192,12818,10394,20.55,17.99,18.18,56.72
418feb2d-0819-472f-8ac8-4c9ca3858773,NewRichTextDocument1,1160,215abc11-6103-426d-9892-ac7cdb9634fc,24,3878,3878,6358,4074,9.15,6.74,6.92,22.81
418feb2d-0819-472f-8ac8-4c9ca3858773,NewRichTextDocument1,1161,7f1fe23d-133d-4903-8002-ea0a3bb37158,24,4143,4143,6637,4330,9.55,7.12,7.30,23.97
418feb2d-0819-472f-8ac8-4c9ca3858773,NewRichTextDocument1,1162,2c0b54d2-7c92-4b05-b8b6-819741a553db,24,5527,5527,7992,5709,12.03,9.63,9.80,31.45
418feb2d-0819-472f-8ac8-4c9ca3858773,NewRichTextDocument1,1163,f16e68d9-b01a-4afb-bad6-97fd5336bd38,24,4463,4463,6896,4633,10.04,7.67,7.83,25.54
418feb2d-0819-472f-8ac8-4c9ca3858773,NewRichTextDocument1,1164,674a016a-cafb-482d-8ef1-91e8c124d823,24,5328,5328,7768,5502,11.72,9.34,9.51,30.56
418feb2d-0819-472f-8ac8-4c9ca3858773,NewRichTextDocument1,1165,aeedd8a2-3b77-48d5-b12f-04ea9a4e1349,24,6473,6473,9130,6745,13.66,11.09,11.33,36.08
418feb2d-0819-472f-8ac8-4c9ca3858773,NewRichTextDocument1,1166,69d4febc-4c27-4606-99ad-86ee5d40af03,24,6548,6548,9168,6786,13.76,11.21,11.43,36.41
418feb2d-0819-472f-8ac8-4c9ca3858773,NewRichTextDocument1,1167,72a19f10-f0ab-4873-8dda-804856c14333,24,9624,9624,12620,10016,18.99,16.09,16.44,51.52
418feb2d-0819-472f-8ac8-4c9ca3858773,NewRichTextDocument1,1168,53cde51d-18b7-4908-a89f-e494ebe7ba19,24,5548,5548,8300,5864,11.67,8.99,9.29,29.95
418feb2d-0819-472f-8ac8-4c9ca3858773,NewRichTextDocument1,1169,015f2345-af90-4220-9d42-bf4f138420d4,24,4375,4375,6926,4607,9.98,7.50,7.72,25.20
418feb2d-0819-472f-8ac8-4c9ca3858773,NewRichTextDocument1,1170,7a63736e-6332-4cb5-b9fe-020af4078b45,24,8033,8033,11109,8453,16.77,13.79,14.17,44.73
418feb2d-0819-472f-8ac8-4c9ca3858773,NewRichTextDocument1,1171,e8ad7dd8-f98d-4468-8e81-73d28006f719,24,5022,5022,7779,5343,10.69,8.01,8.31,27.00
418feb2d-0819-472f-8ac8-4c9ca3858773,NewRichTextDocument1,1172,93a03da5-5d30-48c3-bbbd-de3383dc3d97,24,4499,4499,7235,4818,9.86,7.21,7.50,24.58
418feb2d-0819-472f-8ac8-4c9ca3858773,NewRichTextDocument1,1173,f45845a6-d8e6-4c9e-8a5b-813f717aba8e,24,6683,6683,9320,6927,14.25,11.68,11.91,37.84
418feb2d-0819-472f-8ac8-4c9ca3858773,NewRichTextDocument1,1174,be37d728-66f8-4792-aa8a-8ec2fb9a6ef8,24,3812,3812,6264,3997,8.81,6.42,6.59,21.82
418feb2d-0819-472f-8ac8-4c9ca3858773,NewRichTextDocument1,1175,60c72031-9157-4d1f-9acb-e5edd54c3087,24,4933,4933,7349,5093,10.97,8.61,8.76,28.34
418feb2d-0819-472f-8ac8-4c9ca3858773,NewRichTextDocument1,1176,c6f8421f-eae2-4549-8d69-5ed9a67ed231,24,4739,4739,7202,4926,10.69,8.29,8.46,27.44
418feb2d-0819-472f-8ac8-4c9ca3858773,NewRichTextDocument1,1177,898d20ea-f172-4b69-9920-23fcc6fd1855,24,9389,9389,11948,9593,19.04,16.56,16.75,52.35
418feb2d-0819-472f-8ac8-4c9ca3858773,NewRichTextDocument1,1178,2d82935a-6e2f-4838-b41a-6a54b05055ab,24,5757,5757,8446,6035,12.16,9.54,9.80,31.50
418feb2d-0819-472f-8ac8-4c9ca3858773,NewRichTextDocument1,1179,97b64751-7661-41b1-a9cc-18cfc6795329,24,7336,7336,9961,7582,15.22,12.67,12.90,40.79
418feb2d-0819-472f-8ac8-4c9ca3858773,NewRichTextDocument1,1180,0c7585ef-e037-4a37-9bba-92bd7f8f3ae5,24,5903,5903,8576,6170,12.47,9.87,10.12,32.46
418feb2d-0819-472f-8ac8-4c9ca3858773,NewRichTextDocument1,1181,ef5b499f-17b9-421e-b451-6e546578795a,24,9320,9320,11919,9542,18.90,16.38,16.58,51.86
418feb2d-0819-472f-8ac8-4c9ca3858773,NewRichTextDocument1,1182,83aec2d8-9e33-4a1a-a15b-78cc5b32c498,24,6615,6615,9245,6872,14.09,11.54,11.77,37.40
418feb2d-0819-472f-8ac8-4c9ca3858773,NewRichTextDocument1,1183,df19cef6-6531-4a2e-b737-48505203d66b,24,8374,8374,12393,9272,16.06,12.24,13.01,41.30
418feb2d-0819-472f-8ac8-4c9ca3858773,NewRichTextDocument1,1184,6e35229f-34ab-4cfc-a88f-c37175e38094,24,10278,10278,12902,10630,20.85,18.30,18.64,57.79
418feb2d-0819-472f-8ac8-4c9ca3858773,NewRichTextDocument1,1185,3d02b0f8-409b-4825-a61c-c9ba383364b3,24,15311,15311,18107,15575,29.75,27.03,27.28,84.07
418feb2d-0819-472f-8ac8-4c9ca3858773,NewRichTextDocument1,1186,d979a3b7-21bf-4113-bef3-11476640664d,24,8179,8179,10851,8439,16.91,14.31,14.55,45.77
418feb2d-0819-472f-8ac8-4c9ca3858773,NewRichTextDocument1,1187,b33eeef5-a88d-46c0-9a1f-9cf132013aa3,24,10888,10888,14004,11349,21.04,18.04,18.45,57.53
418feb2d-0819-472f-8ac8-4c9ca3858773,NewRichTextDocument1,1188,884bfa3a-f308-4ac8-a23c-8720cf0cd21b,24,6960,6960,10073,7445,13.66,10.66,11.09,35.41
418feb2d-0819-472f-8ac8-4c9ca3858773,NewRichTextDocument1,1189,b8432871-2a8a-43b0-a73c-d2940d225bca,24,4727,4727,7402,5016,10.33,7.73,8.00,26.06
418feb2d-0819-472f-8ac8-4c9ca3858773,NewRichTextDocument1,1190,30290e8a-cdbd-4c2b-9e90-7e3cd7afe0df,24,2106,2106,4523,2288,5.94,3.59,3.76,13.29
418feb2d-0819-472f-8ac8-4c9ca3858773,NewRichTextDocument1,1191,332183aa-c774-415b-96a0-f307124e807d,24,7520,7520,10592,7925,16.11,13.14,13.51,42.76
418feb2d-0819-472f-8ac8-4c9ca3858773,NewRichTextDocument1,1192,85f0a326-9903-4e47-bc90-202d7816a1d7,24,5569,5569,8303,5882,11.95,9.30,9.58,30.83
418feb2d-0819-472f-8ac8-4c9ca3858773,NewRichTextDocument1,1193,528a4979-b912-48fd-bccb-2eb3aec507cb,24,9506,9506,12336,9826,18.85,16.10,16.40,51.34
418feb2d-0819-472f-8ac8-4c9ca3858773,NewRichTextDocument1,1194,ed0f6b4c-f4ce-42a6-9b97-458126603227,24,6533,6533,8991,6705,13.83,11.43,11.60,36.86
418feb2d-0819-472f-8ac8-4c9ca3858773,NewRichTextDocument1,1195,c1f671e3-1421-4e64-8c18-fed0d6d19999,24,4593,4593,7006,4755,10.24,7.89,8.04,26.17
418feb2d-0819-472f-8ac8-4c9ca3858773,NewRichTextDocument1,1196,bd8b4300-3bc6-4be7-ae2d-309e35a0487f,24,5546,5546,7992,5718,12.01,9.63,9.79,31.42
418feb2d-0819-472f-8ac8-4c9ca3858773,NewRichTextDocument1,1197,4b1803fe-bb0f-4218-af82-e181bb25ba0e,24,4623,4623,7204,4864,10.38,7.88,8.10,26.36
418feb2d-0819-472f-8ac8-4c9ca3858773,NewRichTextDocument1,1198,30c0bfc3-2384-43e2-8cf5-590bee9847b6,24,4857,4857,7333,5047,10.76,8.35,8.53,27.63
418feb2d-0819-472f-8ac8-4c9ca3858773,NewRichTextDocument1,1199,ac1bd21a-c5e9-4469-8658-60fef9bde2aa,24,3757,3757,6199,3937,8.86,6.48,6.65,22.00
418feb2d-0819-472f-8ac8-4c9ca3858773,NewRichTextDocument1,1200,7f3b8cdc-601f-4fce-835d-4a220c9f50e8,24,2115,2115,4560,2306,6.01,3.63,3.81,13.46
418feb2d-0819-472f-8ac8-4c9ca3858773,NewRichTextDocument1,1201,ba06d355-e53d-4ce3-a896-e1c22a79d34b,24,4595,4595,7107,4799,10.42,7.98,8.17,26.57
418feb2d-0819-472f-8ac8-4c9ca3858773,NewRichTextDocument1,1202,699aad0d-54a8-41fa-b396-a27f04224215,24,4653,4653,7104,4835,10.43,8.04,8.21,26.68
418feb2d-0819-472f-8ac8-4c9ca3858773,NewRichTextDocument1,1203,74063eee-3432-428b-9491-307d6b7351bf,24,4030,4030,6414,4182,9.34,7.01,7.16,23.50
418feb2d-0819-472f-8ac8-4c9ca3858773,NewRichTextDocument1,1204,6ccd40d9-9ab5-4ced-85c0-1c7b4c1ec424,24,13079,13079,16297,13567,25.11,22.00,22.44,69.54
418feb2d-0819-472f-8ac8-4c9ca3858773,NewRichTextDocument1,1205,4b8c0a91-b42b-4107-ba28-368c0c32aab8,24,4517,4517,7069,4749,10.17,7.69,7.90,25.76
418feb2d-0819-472f-8ac8-4c9ca3858773,NewRichTextDocument1,1206,3ab21c66-900f-4d65-ad2e-a0497cfd05bb,24,3587,3587,5985,3749,8.58,6.24,6.40,21.22
418feb2d-0819-472f-8ac8-4c9ca3858773,NewRichTextDocument1,1207,5379454c-af06-4f3c-9e8c-7bc086719e93,24,5056,5056,7475,5218,11.17,8.81,8.97,28.95
418feb2d-0819-472f-8ac8-4c9ca3858773,NewRichTextDocument1,1208,f0b8fb14-c85e-4e4c-a7e5-5056ceb0dc77,24,4417,4417,6968,4647,10.16,7.69,7.89,25.74
418feb2d-0819-472f-8ac8-4c9ca3858773,NewRichTextDocument1,1209,d1317eaa-a11d-49ec-87bd-24735169d19a,24,8201,8201,10816,8437,16.92,14.38,14.60,45.91
418feb2d-0819-472f-8ac8-4c9ca3858773,NewRichTextDocument1,1210,771baa55-381a-484b-aa40-16585cab3ef2,24,5282,5282,7882,5533,11.64,9.12,9.35,30.12
418feb2d-0819-472f-8ac8-4c9ca3858773,NewRichTextDocument1,1211,69a766e0-2f62-4e81-abe3-9186889a15c0,24,8647,8647,11525,9007,17.49,14.71,15.03,47.23
418feb2d-0819-472f-8ac8-4c9ca3858773,NewRichTextDocument1,1212,50fbe947-83c9-495b-8964-070eaf717821,24,6047,6047,8760,6336,13.05,10.41,10.68,34.14
418feb2d-0819-472f-8ac8-4c9ca3858773,NewRichTextDocument1,1213,a544bb33-d93b-4a35-a52a-454ed8b0391e,24,13178,13178,16068,13505,25.67,22.87,23.17,71.72
418feb2d-0819-472f-8ac8-4c9ca3858773,NewRichTextDocument1,1214,3832e836-170a-4df0-b210-e12a4f977aaf,24,5763,5763,8310,5979,12.56,10.09,10.29,32.94
418feb2d-0819-472f-8ac8-4c9ca3858773,NewRichTextDocument1,1215,b2dd0b53-10f5-4b7f-90ac-c4417c1b336a,24,5163,5163,8047,5546,10.62,7.82,8.18,26.61
418feb2d-0819-472f-8ac8-4c9ca3858773,NewRichTextDocument1,1216,c605bedf-79e2-4edb-b9df-5c6c00a7157f,24,8113,8113,11931,8932,14.88,11.23,11.95,38.06
418feb2d-0819-472f-8ac8-4c9ca3858773,NewRichTextDocument1,1217,20c7db35-a592-4e0c-a1c4-40beb16a5d97,24,6429,6429,9932,7103,12.64,9.28,9.88,31.81
418feb2d-0819-472f-8ac8-4c9ca3858773,NewRichTextDocument1,1218,31ed1419-f0d2-40e7-a3b0-d108274c2a7f,24,7857,7857,11087,8383,14.86,11.72,12.21,38.79
418feb2d-0819-472f-8ac8-4c9ca3858773,NewRichTextDocument1,1219,c4ad6329-c8ee-41e1-b6e5-12d6cf4045b9,24,4999,4999,7438,5170,10.98,8.60,8.77,28.36
418feb2d-0819-472f-8ac8-4c9ca3858773,NewRichTextDocument1,1220,db963bda-4ebc-4751-b17a-d8b947851e33,24,5929,5929,8379,6101,12.62,10.23,10.39,33.24
418feb2d-0819-472f-8ac8-4c9ca3858773,NewRichTextDocument1,1221,a559ba4e-3125-46a0-abfb-f210c104bad0,24,5970,5970,8475,6167,12.87,10.44,10.62,33.93
418feb2d-0819-472f-8ac8-4c9ca3858773,NewRichTextDocument1,1222,6004c081-908c-4211-b13f-a46d9a94d5b0,24,9503,9503,12269,9803,19.34,16.67,16.93,52.93
418feb2d-0819-472f-8ac8-4c9ca3858773,NewRichTextDocument1,1223,df63755e-d46d-42f4-bd2c-ebac188c731d,24,8924,8924,11457,9110,18.02,15.55,15.73,49.31
418feb2d-0819-472f-8ac8-4c9ca3858773,NewRichTextDocument1,1224,9f0ed7d7-581e-419e-abc9-5e30c1d31946,24,7594,7594,10357,7904,15.14,12.46,12.75,40.34
418feb2d-0819-472f-8ac8-4c9ca3858773,NewRichTextDocument1,1225,61f302d1-5820-4ea0-ae55-5e9c521b06e7,24,5625,5625,8442,5969,11.47,8.73,9.06,29.26
418feb2d-0819-472f-8ac8-4c9ca3858773,NewRichTextDocument1,1226,e8f75cc1-c6eb-4f5a-a92d-80146d12e137,24,7029,7029,10118,7763,13.94,10.95,11.64,36.54
418feb2d-0819-472f-8ac8-4c9ca3858773,NewRichTextDocument1,1227,a262bab0-9612-4bb7-830f-91cf5a1dca81,24,8145,8145,11033,8503,16.78,13.98,14.31,45.07
418feb2d-0819-472f-8ac8-4c9ca3858773,NewRichTextDocument1,1228,2831622c-c6e1-4c38-9293-ea104d0187e1,24,7414,7414,11182,8213,13.39,9.77,10.49,33.65
418feb2d-0819-472f-8ac8-4c9ca3858773,NewRichTextDocument1,1229,a7bba346-24b6-42b7-8539-d5a4363f8f92,24,9505,9505,12138,9742,19.16,16.60,16.82,52.58
418feb2d-0819-472f-8ac8-4c9ca3858773,NewRichTextDocument1,1230,d1f92ffa-8660-4976-8510-b1bed67e1a52,24,3887,3887,6300,4054,9.03,6.68,6.84,22.55
418feb2d-0819-472f-8ac8-4c9ca3858773,NewRichTextDocument1,1231,e68637b1-10d3-40ae-9b36-431d5f1f0edb,24,5336,5336,7959,5597,11.47,8.92,9.16,29.56
418feb2d-0819-472f-8ac8-4c9ca3858773,NewRichTextDocument1,1232,8411c10a-8b47-4b45-b47b-d41fa44210fa,24,9646,9646,12179,9833,19.39,16.92,17.10,53.41
418feb2d-0819-472f-8ac8-4c9ca3858773,NewRichTextDocument1,1233,24b48ff2-3eb8-4dc2-b5a0-393fbd438edf,24,9197,9197,11954,9499,18.76,16.09,16.36,51.21
418feb2d-0819-472f-8ac8-4c9ca3858773,NewRichTextDocument1,1234,8f85c7bc-aa69-4edf-9678-34f55b3ddd0e,24,5188,5188,7731,5402,11.46,8.99,9.19,29.64
418feb2d-0819-472f-8ac8-4c9ca3858773,NewRichTextDocument1,1235,6aae496f-d8c4-4c58-bcfe-f2616c86928c,24,9901,9901,12589,10162,19.71,17.10,17.34,54.16
418feb2d-0819-472f-8ac8-4c9ca3858773,NewRichTextDocument1,1236,a5054f62-595e-45f6-a82c-42fbf1831ba3,24,3945,3945,6536,4197,8.88,6.36,6.60,21.83
418feb2d-0819-472f-8ac8-4c9ca3858773,NewRichTextDocument1,1237,8cf4c0c2-59d6-442f-a298-988edffd726a,24,9125,9125,11797,9373,18.45,15.85,16.08,50.39
418feb2d-0819-472f-8ac8-4c9ca3858773,NewRichTextDocument1,1238,933af134-42dd-480e-b4ad-a6731a834ec0,24,4492,4492,6921,4662,10.10,7.73,7.89,25.72
418feb2d-0819-472f-8ac8-4c9ca3858773,NewRichTextDocument1,1239,60ad6426-9e00-4355-9eb7-ed521337ca4d,24,8377,8377,10996,8611,17.04,14.50,14.71,46.25
418feb2d-0819-472f-8ac8-4c9ca3858773,NewRichTextDocument1,1240,c2f9a789-a1cb-40cf-b007-21030df75fa0,24,7107,7107,9674,7329,14.83,12.33,12.54,39.70
418feb2d-0819-472f-8ac8-4c9ca3858773,NewRichTextDocument1,1241,e1235dea-55e0-4ccc-92bc-7ef6dea13ee7,24,4678,4678,7189,4876,10.54,8.10,8.28,26.92
418feb2d-0819-472f-8ac8-4c9ca3858773,NewRichTextDocument1,1242,645a461c-78d5-429c-9368-9ea2998badae,24,4399,4399,6966,4634,10.02,7.53,7.75,25.30
418feb2d-0819-472f-8ac8-4c9ca3858773,NewRichTextDocument1,1243,9eb02210-01db-4d0e-b22f-29a634df714e,24,4485,4485,7013,4701,10.17,7.71,7.91,25.80
418feb2d-0819-472f-8ac8-4c9ca3858773,NewRichTextDocument1,1244,b5b1fd81-ab48-48c3-a5db-6c5c0cc52b3e,24,5031,5031,7540,5230,11.19,8.75,8.94,28.88
418feb2d-0819-472f-8ac8-4c9ca3858773,NewRichTextDocument1,1245,29cbe86e-38fc-4168-bce9-30fc307b04c7,24,5636,5636,8279,6023,12.40,9.84,10.20,32.44
418feb2d-0819-472f-8ac8-4c9ca3858773,NewRichTextDocument1,1246,6d9544ba-0df9-48df-ba14-44bf09a78198,24,12472,12472,15426,12834,24.43,21.57,21.90,67.90
418feb2d-0819-472f-8ac8-4c9ca3858773,NewRichTextDocument1,1247,d707c3c1-072f-4890-acc8-9ad28019ebc1,24,7105,7105,9667,7322,14.87,12.38,12.58,39.83
418feb2d-0819-472f-8ac8-4c9ca3858773,NewRichTextDocument1,1248,3783c5be-00d6-4db0-a6d0-e24c8874ccec,24,7684,7684,10199,7878,15.93,13.48,13.66,43.08
418feb2d-0819-472f-8ac8-4c9ca3858773,NewRichTextDocument1,1249,2fe7deb1-bffe-4c91-ac62-e225e90c5e56,24,5111,5111,7620,5318,11.34,8.90,9.09,29.33
418feb2d-0819-472f-8ac8-4c9ca3858773,NewRichTextDocument1,1250,65381271-eed4-4617-af92-7b9462baf5b5,24,10669,10669,13381,10932,21.45,18.81,19.05,59.32
418feb2d-0819-472f-8ac8-4c9ca3858773,NewRichTextDocument1,1251,e2b06752-78c0-421f-ba84-dadd3eb867e6,24,9512,9512,12798,10067,18.66,15.50,15.99,50.15
418feb2d-0819-472f-8ac8-4c9ca3858773,NewRichTextDocument1,1252,c4ed2aa4-aeaa-4a96-89a0-52621c5906a5,24,8478,8478,11403,8855,16.88,14.04,14.39,45.32
418feb2d-0819-472f-8ac8-4c9ca3858773,NewRichTextDocument1,1253,0cc43d51-10ff-4088-acd7-20f3e9ec92e5,24,8746,8746,11364,8979,17.56,15.01,15.23,47.79
418feb2d-0819-472f-8ac8-4c9ca3858773,NewRichTextDocument1,1254,5fe0b458-c301-416b-b49d-5a968a2b5579,24,6277,6277,8892,6524,13.10,10.56,10.79,34.45
418feb2d-0819-472f-8ac8-4c9ca3858773,NewRichTextDocument1,1255,08b6794f-a1d6-4c72-b2fc-aa72d6394a55,24,7476,7476,9931,7638,15.57,13.17,13.33,42.07
418feb2d-0819-472f-8ac8-4c9ca3858773,NewRichTextDocument1,1256,90f2f6ba-54a9-4789-bd6b-e1be35d2c707,24,7311,7311,9830,7510,15.29,12.84,13.02,41.15
418feb2d-0819-472f-8ac8-4c9ca3858773,NewRichTextDocument1,1257,d3740a48-3253-45aa-9d2c-9bc5a7d3a032,24,8075,8075,10634,8287,16.65,14.17,14.36,45.18
418feb2d-0819-472f-8ac8-4c9ca3858773,NewRichTextDocument1,1258,88b38a36-003a-4eb8-a301-8bf6e865d3b7,24,4887,4887,7394,5093,10.89,8.45,8.64,27.98
418feb2d-0819-472f-8ac8-4c9ca3858773,NewRichTextDocument1,1259,15a82a8b-7e69-4b93-801a-be22f94f1d3c,24,7347,7347,9845,7669,15.46,13.03,13.34,41.83
418feb2d-0819-472f-8ac8-4c9ca3858773,NewRichTextDocument1,1260,81daa9b6-2063-44a4-b146-c6b018dd8091,24,8292,8292,10973,8522,17.18,14.56,14.79,46.52
418feb2d-0819-472f-8ac8-4c9ca3858773,NewRichTextDocument1,1261,c43f4175-0faf-49a1-9570-58dc6b066f8a,24,8783,8783,11274,8951,17.94,15.51,15.67,49.11
418feb2d-0819-472f-8ac8-4c9ca3858773,NewRichTextDocument1,1262,0ccdeb35-c77a-40e3-9aa1-48e8faae8aa8,24,4459,4459,6946,4646,10.14,7.71,7.89,25.75
418feb2d-0819-472f-8ac8-4c9ca3858773,NewRichTextDocument1,1263,4f5e9b50-0e0f-4f6a-88e0-c52531b1f699,24,3509,3509,5938,3683,8.42,6.05,6.22,20.69
418feb2d-0819-472f-8ac8-4c9ca3858773,NewRichTextDocument1,1264,65226a8a-4263-467f-b63f-559f97757891,24,5586,5586,8048,5756,12.08,9.68,9.85,31.61
418feb2d-0819-472f-8ac8-4c9ca3858773,NewRichTextDocument1,1265,16dfe45a-5e38-4127-bc6c-dd90de4e85fd,24,5453,5453,7976,5659,11.93,9.47,9.67,31.07
418feb2d-0819-472f-8ac8-4c9ca3858773,NewRichTextDocument1,1266,1ea423c4-0e52-496e-9343-5fc5c45d1b2e,24,3828,3828,6398,4071,8.74,6.24,6.47,21.45
418feb2d-0819-472f-8ac8-4c9ca3858773,NewRichTextDocument1,1267,ab818ab1-4327-4fb4-8a60-a4446dc907fa,24,4211,4211,6664,4398,9.60,7.21,7.39,24.21
418feb2d-0819-472f-8ac8-4c9ca3858773,NewRichTextDocument1,1268,3cf2376e-f9c0-4025-8601-739233119af7,24,4594,4594,7312,4901,9.81,7.16,7.45,24.42
418feb2d-0819-472f-8ac8-4c9ca3858773,NewRichTextDocument1,1269,2989d4d7-c58e-4d24-aabc-45517b390838,24,3993,3993,6490,4200,9.03,6.59,6.79,22.41
418feb2d-0819-472f-8ac8-4c9ca3858773,NewRichTextDocument1,1270,84f70dc0-b0fa-4849-bae4-495a01383182,24,3512,3512,5939,3687,8.37,6.00,6.17,20.54
418feb2d-0819-472f-8ac8-4c9ca3858773,NewRichTextDocument1,1271,79321e8c-8363-4a04-b96c-d3f7d8716376,24,5316,5316,7858,5538,11.76,9.30,9.50,30.56
418feb2d-0819-472f-8ac8-4c9ca3858773,NewRichTextDocument1,1272,30e3504b-97dc-415a-8516-18f6e63d2933,24,8357,8357,10831,8524,17.08,14.67,14.83,46.59
418feb2d-0819-472f-8ac8-4c9ca3858773,NewRichTextDocument1,1273,a113626e-8524-40c6-910c-b17104904593,24,7775,7775,10452,8047,16.05,13.45,13.70,43.20
418feb2d-0819-472f-8ac8-4c9ca3858773,NewRichTextDocument1,1274,c98404d1-5697-4f9e-bb61-e37c200713ee,24,5792,5792,8491,6085,12.36,9.74,10.01,32.11
418feb2d-0819-472f-8ac8-4c9ca3858773,NewRichTextDocument1,1275,30056351-8300-47f4-8cb8-0801513d1035,24,8184,8184,11276,8655,16.06,13.09,13.50,42.65
418feb2d-0819-472f-8ac8-4c9ca3858773,NewRichTextDocument1,1276,f9320079-42ec-4aa1-baa2-ba3efb7bb921,24,6911,6911,9648,7211,14.43,11.77,12.05,38.24
418feb2d-0819-472f-8ac8-4c9ca3858773,NewRichTextDocument1,1277,0bcdd583-ac03-4493-8296-429fe84b3ebb,24,7341,7341,9812,7646,15.39,12.98,13.28,41.65
418feb2d-0819-472f-8ac8-4c9ca3858773,NewRichTextDocument1,1278,d1f28de2-4a99-498f-8ab0-f9e2ebbfa24f,24,7826,7826,10564,8122,16.38,13.74,14.00,44.12
418feb2d-0819-472f-8ac8-4c9ca3858773,NewRichTextDocument1,1279,8c735866-e632-4bf0-8b18-5cac7e42aa51,24,4860,4860,7254,5012,10.76,8.43,8.57,27.76
418feb2d-0819-472f-8ac8-4c9ca3858773,NewRichTextDocument1,1280,c3b5308c-aa93-4425-8d88-550d8b35b614,24,5645,5645,8133,5831,12.36,9.93,10.11,32.39
418feb2d-0819-472f-8ac8-4c9ca3858773,NewRichTextDocument1,1281,ce413a3e-4240-41df-96d5-d72cfd94b0e6,24,10810,10810,13902,11194,21.72,18.71,19.07,59.51
418feb2d-0819-472f-8ac8-4c9ca3858773,NewRichTextDocument1,1282,fe7d3e57-5c83-402f-95ab-d51902888c92,24,5685,5685,8152,5867,12.41,10.01,10.18,32.60
418feb2d-0819-472f-8ac8-4c9ca3858773,NewRichTextDocument1,1283,84fd5672-094a-4282-8725-67e63c4f9f3c,24,4709,4709,7119,4871,10.60,8.25,8.40,27.24
418feb2d-0819-472f-8ac8-4c9ca3858773,NewRichTextDocument1,1284,2ffa1b44-0de7-48fd-9d39-fdda6558199f,24,3658,3658,6086,3835,8.68,6.31,6.48,21.47
418feb2d-0819-472f-8ac8-4c9ca3858773,NewRichTextDocument1,1285,4f3c1489-6ac3-4ee8-8846-77e1b1e95407,24,2654,2654,5108,2849,6.87,4.48,4.66,16.02
418feb2d-0819-472f-8ac8-4c9ca3858773,NewRichTextDocument1,1286,e173091f-172a-4081-96b3-d63faef1735f,24,3510,3510,5950,3692,8.29,5.91,6.08,20.27
418feb2d-0819-472f-8ac8-4c9ca3858773,NewRichTextDocument1,1287,af09685f-b087-4471-98a5-2a67266cab32,24,6109,6109,8614,6305,13.03,10.59,10.78,34.41
418feb2d-0819-472f-8ac8-4c9ca3858773,NewRichTextDocument1,1288,09aabe66-4876-4dce-8f7e-8953af007ebd,24,7091,7091,9716,7340,14.85,12.30,12.53,39.67
418feb2d-0819-472f-8ac8-4c9ca3858773,NewRichTextDocument1,1289,abdd5cf7-bb40-49de-b800-564fdf89dba6,24,8557,8557,11106,8761,17.52,15.04,15.23,47.79
418feb2d-0819-472f-8ac8-4c9ca3858773,NewRichTextDocument1,1290,d86ff132-18f1-4884-b1a5-08c08c54063e,24,8725,8725,11416,8994,17.78,15.17,15.41,48.36
418feb2d-0819-472f-8ac8-4c9ca3858773,NewRichTextDocument1,1291,985ca5a4-e7cd-4580-841f-92f0ac4e0d12,24,9095,9095,11631,9289,18.48,16.01,16.19,50.69
418feb2d-0819-472f-8ac8-4c9ca3858773,NewRichTextDocument1,1292,80eb9423-7b75-4e14-9d6e-c01791b00fbd,24,4684,4684,7186,4891,10.54,8.11,8.30,26.96
418feb2d-0819-472f-8ac8-4c9ca3858773,NewRichTextDocument1,1293,f4af787b-129a-43f6-9687-27a6ff7aeb27,24,4474,4474,6895,4641,10.09,7.73,7.89,25.70
418feb2d-0819-472f-8ac8-4c9ca3858773,NewRichTextDocument1,1294,8064eb8d-6a99-4874-9af4-162076cd0044,24,5209,5209,7692,5399,11.47,9.05,9.23,29.75
418feb2d-0819-472f-8ac8-4c9ca3858773,NewRichTextDocument1,1295,62b080e8-20fc-40d4-aaf7-f3f445fd6f73,24,3957,3957,6431,4146,9.26,6.85,7.03,23.13
418feb2d-0819-472f-8ac8-4c9ca3858773,NewRichTextDocument1,1296,b84a6e57-9f54-44e4-a33c-97d9b4c822fa,24,2873,2873,5468,3134,7.40,4.88,5.12,17.39
418feb2d-0819-472f-8ac8-4c9ca3858773,NewRichTextDocument1,1297,41d61e86-9c2c-49cc-880f-6b2edce64463,24,4517,4517,7177,4790,10.45,7.88,8.12,26.45
418feb2d-0819-472f-8ac8-4c9ca3858773,NewRichTextDocument1,1298,348725c2-26b4-4abb-a8b2-014f42760c7c,24,3480,3480,6025,3705,8.37,5.90,6.11,20.37
418feb2d-0819-472f-8ac8-4c9ca3858773,NewRichTextDocument1,1299,23308180-7340-4af4-9397-ea317a5998b1,24,6625,6625,9277,6892,14.07,11.50,11.74,37.31
418feb2d-0819-472f-8ac8-4c9ca3858773,NewRichTextDocument1,1300,b80761e3-2e07-4890-bd3a-e8066cbd2c8b,24,6480,6480,9114,6857,13.98,11.42,11.78,37.18
418feb2d-0819-472f-8ac8-4c9ca3858773,NewRichTextDocument1,1301,60c01b7b-6807-4d90-9f11-ec5d68f96756,24,7968,7968,11040,8339,17.15,14.16,14.51,45.82
418feb2d-0819-472f-8ac8-4c9ca3858773,NewRichTextDocument1,1302,d7ee7cee-7ff7-40fb-b364-7ec27d666c13,24,8257,8257,11206,8573,17.51,14.63,14.94,47.07
418feb2d-0819-472f-8ac8-4c9ca3858773,NewRichTextDocument1,1303,161f5813-4ce6-47a7-b903-729ec2fa49b9,24,9107,9107,11625,9289,18.51,16.06,16.23,50.81
418feb2d-0819-472f-8ac8-4c9ca3858773,NewRichTextDocument1,1304,ec1c3548-9619-4f6f-a36e-74acb05e97c3,24,4044,4044,6559,4261,9.42,6.97,7.17,23.56
418feb2d-0819-472f-8ac8-4c9ca3858773,NewRichTextDocument1,1305,ffd4a700-3aa0-4d33-ad28-7419bad05bc2,24,4635,4635,7183,4849,10.33,7.85,8.05,26.23
418feb2d-0819-472f-8ac8-4c9ca3858773,NewRichTextDocument1,1306,3dbc5eac-e5a0-4fa1-915c-3586ee1164ed,24,8330,8330,11213,8666,17.38,14.59,14.89,46.86
418feb2d-0819-472f-8ac8-4c9ca3858773,NewRichTextDocument1,1307,35aa23f4-96c9-4a00-a1e2-7a76b8897d87,24,7851,7851,10499,8096,16.28,13.71,13.93,43.92
418feb2d-0819-472f-8ac8-4c9ca3858773,NewRichTextDocument1,1308,1ea208f3-d699-4cfb-9042-1a14de95452e,24,4621,4621,7164,4840,10.39,7.92,8.12,26.43
418feb2d-0819-472f-8ac8-4c9ca3858773,NewRichTextDocument1,1309,0b3aa16f-e93d-408e-aeb9-3b179768f440,24,4546,4546,6967,4713,10.15,7.79,7.95,25.88
418feb2d-0819-472f-8ac8-4c9ca3858773,NewRichTextDocument1,1310,ae959628-31ec-4480-98f7-4509b3c4bec8,24,9573,9573,12177,9783,19.34,16.80,17.00,53.14
418feb2d-0819-472f-8ac8-4c9ca3858773,NewRichTextDocument1,1311,94964c78-ab74-44b6-b79e-e02d616c5e95,24,4451,4451,6933,4646,10.16,7.75,7.93,25.84
418feb2d-0819-472f-8ac8-4c9ca3858773,NewRichTextDocument1,1312,7c5c8687-3dbf-43bf-9a90-3878faa95b31,24,5464,5464,7879,5621,11.89,9.54,9.69,31.11
418feb2d-0819-472f-8ac8-4c9ca3858773,NewRichTextDocument1,1313,305ad3a4-ba58-407f-8b53-9951def2ba4d,24,6124,6124,8675,6346,13.10,10.62,10.82,34.54
418feb2d-0819-472f-8ac8-4c9ca3858773,NewRichTextDocument1,1314,10093553-1371-4b29-b0e1-3765eaf1a7db,24,6110,6110,8673,6337,12.92,10.43,10.64,33.99
418feb2d-0819-472f-8ac8-4c9ca3858773,NewRichTextDocument1,1315,3329b9e0-45fc-45e4-9881-db83bc1b86f6,24,5815,5815,8445,6073,12.34,9.79,10.03,32.16
418feb2d-0819-472f-8ac8-4c9ca3858773,NewRichTextDocument1,1316,9f82f7d1-68e4-42d5-b334-6510eded668c,24,4846,4846,7359,5051,10.79,8.34,8.54,27.67
418feb2d-0819-472f-8ac8-4c9ca3858773,NewRichTextDocument1,1317,567defc2-c631-416e-a07c-52af91f7693c,24,5765,5765,8331,5995,12.41,9.92,10.13,32.45
418feb2d-0819-472f-8ac8-4c9ca3858773,NewRichTextDocument1,1318,ba3f6e45-7f4e-42ca-b2ac-b30b59b55b95,24,7239,7239,9816,7460,15.00,12.50,12.70,40.20
418feb2d-0819-472f-8ac8-4c9ca3858773,NewRichTextDocument1,1319,8377236f-0b92-4034-af66-5a6d77524aa9,24,3445,3445,5892,3630,8.23,5.85,6.02,20.09
418feb2d-0819-472f-8ac8-4c9ca3858773,NewRichTextDocument1,1320,3e0d0615-9c17-4126-8264-349f0e73053b,24,7560,7560,10205,7813,15.69,13.12,13.36,42.17
418feb2d-0819-472f-8ac8-4c9ca3858773,NewRichTextDocument1,1321,779c59e9-36a3-4709-932d-75ec91841c7c,24,13827,13827,16580,14064,27.14,24.46,24.69,76.29
418feb2d-0819-472f-8ac8-4c9ca3858773,NewRichTextDocument1,1322,a1a27d66-1a53-46b5-b6d0-4ca70f82a18b,24,8198,8198,10835,8428,17.11,14.54,14.75,46.40
418feb2d-0819-472f-8ac8-4c9ca3858773,NewRichTextDocument1,1323,a2c4d026-7a02-4dde-b22a-7dbcae11ecda,24,9499,9499,12013,9676,19.34,16.89,17.06,53.29
418feb2d-0819-472f-8ac8-4c9ca3858773,NewRichTextDocument1,1324,82b1465f-9e16-47b6-bd5d-cb12f9ccf2de,24,6766,6766,9348,6992,14.55,12.04,12.25,38.84
418feb2d-0819-472f-8ac8-4c9ca3858773,NewRichTextDocument1,1325,f5e01e19-cdc2-484e-b1b1-45f9d4a2accc,24,8555,8555,11032,8722,17.66,15.24,15.40,48.30
418feb2d-0819-472f-8ac8-4c9ca3858773,NewRichTextDocument1,1326,b506bc63-0e86-4abe-8fad-10cc36815521,24,6430,6430,8888,6596,13.84,11.44,11.60,36.89
418feb2d-0819-472f-8ac8-4c9ca3858773,NewRichTextDocument1,1327,57c148de-e949-4c3a-866a-eea193ba8a8b,24,6166,6166,8598,6326,13.31,10.94,11.09,35.33
418feb2d-0819-472f-8ac8-4c9ca3858773,NewRichTextDocument1,1328,002489f7-d39b-4466-89e4-18ead50608a4,24,8747,8747,11280,8939,18.06,15.59,15.77,49.42
418feb2d-0819-472f-8ac8-4c9ca3858773,NewRichTextDocument1,1329,fa270ec2-9035-4e5a-ac32-1883a53ba869,24,11661,11661,14421,11924,23.45,20.77,21.02,65.24
418feb2d-0819-472f-8ac8-4c9ca3858773,NewRichTextDocument1,1330,0a4e6379-ada1-46eb-bf06-2554196c5f18,24,5211,5211,7786,5435,11.73,9.22,9.43,30.39
418feb2d-0819-472f-8ac8-4c9ca3858773,NewRichTextDocument1,1331,bbbc86af-3b4e-4ca1-83eb-36b9bb391715,24,7234,7234,9714,7411,15.32,12.90,13.07,41.28
418feb2d-0819-472f-8ac8-4c9ca3858773,NewRichTextDocument1,1332,1dfe1802-43de-4176-a016-52454737f263,24,2187,2187,5394,2902,6.65,3.54,4.21,14.40
418feb2d-0819-472f-8ac8-4c9ca3858773,NewRichTextDocument1,1333,3b6791e8-d2be-4439-b143-908f251bce3b,24,4134,4134,7208,4520,9.89,6.89,7.26,24.05
418feb2d-0819-472f-8ac8-4c9ca3858773,NewRichTextDocument1,1334,5b35bdc3-62db-433c-9d89-9b985d6fb785,24,1963,1963,5233,2433,6.08,2.90,3.34,12.32
418feb2d-0819-472f-8ac8-4c9ca3858773,NewRichTextDocument1,1335,83e47c95-98f1-4558-a2b9-760108c2f6dc,24,1394,1394,4450,1765,5.22,2.24,2.60,10.05
418feb2d-0819-472f-8ac8-4c9ca3858773,NewRichTextDocument1,1336,a861450d-4211-420c-8ce6-95e76490dee0,24,2667,2667,5901,3120,7.27,4.12,4.55,15.93
418feb2d-0819-472f-8ac8-4c9ca3858773,NewRichTextDocument1,1337,245bd489-4a82-4b5e-be2d-73ba20fec405,24,3355,3355,6820,3910,8.34,4.97,5.50,18.80
418feb2d-0819-472f-8ac8-4c9ca3858773,NewRichTextDocument1,1338,bebe7f50-c00a-4a80-8140-8c55b40f73ab,24,4183,4183,7442,4627,10.05,6.87,7.30,24.22
418feb2d-0819-472f-8ac8-4c9ca3858773,NewRichTextDocument1,1339,14ee487f-1e8e-4f52-9eb8-98d670b9c7bf,24,3760,3760,6677,4129,8.67,5.83,6.18,20.67
418feb2d-0819-472f-8ac8-4c9ca3858773,NewRichTextDocument1,1340,f83822e7-6e60-4fd2-b1b6-a17b4fddf554,24,2922,2922,6239,3389,7.96,4.74,5.18,17.88
418feb2d-0819-472f-8ac8-4c9ca3858773,NewRichTextDocument1,1341,9b629441-04c6-4fc2-85af-77ada7ed5300,24,3007,3007,6200,3460,7.77,4.67,5.10,17.54
418feb2d-0819-472f-8ac8-4c9ca3858773,NewRichTextDocument1,1342,8b10d5ed-e10e-4aa4-8203-9de1e2439fb7,24,1079,1079,4111,1440,4.65,1.69,2.04,8.38
418feb2d-0819-472f-8ac8-4c9ca3858773,NewRichTextDocument1,1343,40f77474-3ee1-46ce-b625-e616d2e4ebee,24,2788,2788,5759,3154,7.42,4.53,4.87,16.82
418feb2d-0819-472f-8ac8-4c9ca3858773,NewRichTextDocument1,1344,4b4e7b48-3409-42a2-97ec-2c5c7bbe8cfd,24,1784,1784,4916,2178,5.84,2.78,3.17,11.79
418feb2d-0819-472f-8ac8-4c9ca3858773,NewRichTextDocument1,1345,fe1349d5-88ec-4e0f-8146-756bb3afb4b9,24,4255,4255,7496,4731,10.00,6.85,7.30,24.14
418feb2d-0819-472f-8ac8-4c9ca3858773,NewRichTextDocument1,1346,2075ee57-8efc-4348-a965-0a7f104b4ee0,24,3418,3418,6379,3760,8.64,5.75,6.08,20.47
418feb2d-0819-472f-8ac8-4c9ca3858773,NewRichTextDocument1,1347,c67012af-d5d9-4e49-9bce-b2170ee8edeb,24,1640,1640,4563,1965,5.54,2.69,3.00,11.23
418feb2d-0819-472f-8ac8-4c9ca3858773,NewRichTextDocument1,1348,3832f519-3992-4a00-b33c-46cefdc007d3,24,1454,1454,4521,1824,5.33,2.33,2.70,10.36
418feb2d-0819-472f-8ac8-4c9ca3858773,NewRichTextDocument1,1349,daafa72a-910b-416d-a0e3-549a5d700e9b,24,1825,1825,4851,2188,5.91,2.95,3.30,12.16
418feb2d-0819-472f-8ac8-4c9ca3858773,NewRichTextDocument1,1350,847b5878-86c2-407b-b059-85f0f93249ab,24,1857,1857,4882,2220,5.95,3.00,3.35,12.30
418feb2d-0819-472f-8ac8-4c9ca3858773,NewRichTextDocument1,1351,beafee46-37ac-45f1-a17d-e75b93d662ee,24,3529,3529,6320,3840,8.54,5.83,6.12,20.50
418feb2d-0819-472f-8ac8-4c9ca3858773,NewRichTextDocument1,1352,4a01a467-2ef1-4713-a84e-b8d4ebc5c34a,24,2313,2313,5099,2599,6.63,3.91,4.19,14.72
418feb2d-0819-472f-8ac8-4c9ca3858773,NewRichTextDocument1,1353,5efe486e-ae05-4214-b3e4-25e1c6bd53ee,24,907,907,3945,1272,4.34,1.37,1.73,7.43
418feb2d-0819-472f-8ac8-4c9ca3858773,NewRichTextDocument1,1354,fb716d16-5c63-489d-9b93-e25b8e374156,24,1688,1688,4737,2054,5.76,2.78,3.14,11.68
418feb2d-0819-472f-8ac8-4c9ca3858773,NewRichTextDocument1,1355,c193b1e7-fc08-4084-aeba-f060b05a8c85,24,1937,1937,5207,2388,6.26,3.08,3.51,12.86
418feb2d-0819-472f-8ac8-4c9ca3858773,NewRichTextDocument1,1356,bfcaf64f-097d-44ae-bd5d-06343f6c87b6,24,2867,2867,5863,3212,7.83,4.90,5.24,17.96
418feb2d-0819-472f-8ac8-4c9ca3858773,NewRichTextDocument1,1357,97bad2ac-4845-485a-8ff8-b1a19e5fbc60,24,2928,2928,6017,3304,7.91,4.89,5.26,18.07
418feb2d-0819-472f-8ac8-4c9ca3858773,NewRichTextDocument1,1358,27d5bcc2-b4d4-47b9-9fcb-b8a93eda4234,24,4892,4892,7872,5222,11.38,8.47,8.79,28.63
418feb2d-0819-472f-8ac8-4c9ca3858773,NewRichTextDocument1,1359,329ab726-a885-4626-90c5-518a9fb9dbaf,24,1466,1466,4425,1805,5.25,2.36,2.69,10.31
418feb2d-0819-472f-8ac8-4c9ca3858773,NewRichTextDocument1,1360,65e23cf3-2f69-4656-9794-8bf515098f87,24,1636,1636,4676,1997,5.62,2.65,3.00,11.27
418feb2d-0819-472f-8ac8-4c9ca3858773,NewRichTextDocument1,1361,597930d6-de63-4059-9d73-a2c02a82a60b,24,1344,1344,4303,1689,4.99,2.11,2.44,9.54
418feb2d-0819-472f-8ac8-4c9ca3858773,NewRichTextDocument1,1362,c70a0a96-b57f-4d73-bb4f-1cc5c9466681,24,1306,1306,4428,1694,5.11,2.07,2.44,9.62
418feb2d-0819-472f-8ac8-4c9ca3858773,NewRichTextDocument1,1363,afb1bbec-3c85-4a09-aea1-9d7f84aac1ca,24,2014,2014,5095,2395,6.27,3.26,3.63,13.17
418feb2d-0819-472f-8ac8-4c9ca3858773,NewRichTextDocument1,1364,b613b985-c956-42cb-933c-dfbb918278bf,24,2643,2643,5688,3005,7.46,4.49,4.84,16.78
418feb2d-0819-472f-8ac8-4c9ca3858773,NewRichTextDocument1,1365,b4c08c4c-66d4-490d-bee9-3ef6f85a927b,24,1309,1309,4440,1702,5.13,2.08,2.46,9.67
418feb2d-0819-472f-8ac8-4c9ca3858773,NewRichTextDocument1,1366,75c7bf97-5476-4a04-9215-6ea81df389d8,24,1460,1460,4432,1804,5.24,2.34,2.67,10.25
418feb2d-0819-472f-8ac8-4c9ca3858773,NewRichTextDocument1,1367,18d95caf-2299-45a7-bc93-e8e53285f808,24,1174,1174,4090,1499,4.72,1.87,2.19,8.79
418feb2d-0819-472f-8ac8-4c9ca3858773,NewRichTextDocument1,1368,b5b5876d-fb49-4e7c-b1a6-aa8186280ea3,24,1317,1317,4109,1607,4.91,2.19,2.47,9.57
418feb2d-0819-472f-8ac8-4c9ca3858773,NewRichTextDocument1,1369,81190f1a-8842-4049-99e9-95e12d4a5d4c,24,1987,1987,4742,2270,6.05,3.36,3.63,13.05
418feb2d-0819-472f-8ac8-4c9ca3858773,NewRichTextDocument1,1370,0e0789b3-2179-415b-86c3-8e557c67aab8,24,1322,1322,3777,1509,4.58,2.18,2.36,9.13
418feb2d-0819-472f-8ac8-4c9ca3858773,NewRichTextDocument1,1371,6f41f423-c6dc-4563-aab3-61a53a725af0,24,1055,1055,4173,1443,4.73,1.69,2.07,8.49
418feb2d-0819-472f-8ac8-4c9ca3858773,NewRichTextDocument1,1372,333921ea-9de9-419f-9972-74a47f727510,24,1214,1214,4325,1603,4.99,1.95,2.33,9.28
418feb2d-0819-472f-8ac8-4c9ca3858773,NewRichTextDocument1,1373,9f57493a-a71a-4786-9a76-17e9f0d7d297,24,995,995,4112,1383,4.58,1.53,1.91,8.03
418feb2d-0819-472f-8ac8-4c9ca3858773,NewRichTextDocument1,1374,c79b6ce3-cb65-4a3f-a85d-e239099ce29e,24,1031,1031,4005,1374,4.54,1.63,1.97,8.13
418feb2d-0819-472f-8ac8-4c9ca3858773,NewRichTextDocument1,1375,e8b15caa-74e9-44ab-806e-62b45abc994a,24,1263,1263,4365,1652,5.02,2.00,2.38,9.40
418feb2d-0819-472f-8ac8-4c9ca3858773,NewRichTextDocument1,1376,da1e6947-1fae-417c-bea0-d9a2b80ffebc,24,1209,1209,4184,1552,4.85,1.95,2.28,9.08
418feb2d-0819-472f-8ac8-4c9ca3858773,NewRichTextDocument1,1377,cb948133-ca00-485b-9f91-579eb5bad34a,24,1173,1173,4208,1540,4.86,1.90,2.26,9.03
418feb2d-0819-472f-8ac8-4c9ca3858773,NewRichTextDocument1,1378,e638bb25-ee56-4d65-9e52-94d624a31b4e,24,982,982,4021,1348,4.51,1.55,1.90,7.96
418feb2d-0819-472f-8ac8-4c9ca3858773,NewRichTextDocument1,1379,faeb2419-12e4-4a74-bc42-ad05d1c9273d,24,796,796,3765,1139,4.06,1.16,1.49,6.71
418feb2d-0819-472f-8ac8-4c9ca3858773,NewRichTextDocument1,1380,ce52921b-e65a-4baf-860d-6194736cbb9b,24,1256,1256,4224,1600,4.95,2.05,2.39,9.39
418feb2d-0819-472f-8ac8-4c9ca3858773,NewRichTextDocument1,1381,d4fdff2e-578a-4eb6-a778-e37ab420c097,24,1756,1756,4885,2150,5.92,2.86,3.25,12.03
418feb2d-0819-472f-8ac8-4c9ca3858773,NewRichTextDocument1,1382,705b8676-5e0b-49fc-9cf9-1805c761dd3a,24,1407,1407,4531,1795,5.34,2.29,2.67,10.31
418feb2d-0819-472f-8ac8-4c9ca3858773,NewRichTextDocument1,1383,2352ffb8-c1aa-49e5-a9a3-41f4739db01a,24,1604,1604,4676,1974,5.64,2.64,3.00,11.29
418feb2d-0819-472f-8ac8-4c9ca3858773,NewRichTextDocument1,1384,711d246a-569d-4735-9cb4-b22029e44237,24,2397,2397,5656,2857,7.24,4.07,4.50,15.81
418feb2d-0819-472f-8ac8-4c9ca3858773,NewRichTextDocument1,1385,c098f667-dd44-4622-b8eb-8cfa0dc05e06,24,1811,1811,4847,2179,5.97,3.01,3.36,12.34
418feb2d-0819-472f-8ac8-4c9ca3858773,NewRichTextDocument1,1386,9f236a9e-f874-4c82-b6b8-f7bc5e1498cc,24,1331,1331,4426,1716,5.18,2.16,2.53,9.87
418feb2d-0819-472f-8ac8-4c9ca3858773,NewRichTextDocument1,1387,6c18f11d-b1d9-4a5b-9266-8a5ba7fddc20,24,1394,1394,4376,1743,5.10,2.19,2.53,9.83
418feb2d-0819-472f-8ac8-4c9ca3858773,NewRichTextDocument1,1388,f74d7aec-253f-40cf-a155-6f60c1e3a711,24,2933,2933,5861,3289,7.68,4.84,5.17,17.69
418feb2d-0819-472f-8ac8-4c9ca3858773,NewRichTextDocument1,1389,09b5fd3e-15f2-4890-a129-eeeaee7a767d,24,1721,1721,4473,2009,5.47,2.79,3.06,11.32
418feb2d-0819-472f-8ac8-4c9ca3858773,NewRichTextDocument1,1390,624949fd-00d1-49f1-9811-ccacf531c733,24,1964,1964,5126,2361,6.34,3.25,3.64,13.22
418feb2d-0819-472f-8ac8-4c9ca3858773,NewRichTextDocument1,1391,8056e2b5-a3b0-45bc-a247-85040891dc72,24,4163,4163,6851,4413,9.72,7.10,7.34,24.16
418feb2d-0819-472f-8ac8-4c9ca3858773,NewRichTextDocument1,1392,6e666e1f-8844-4129-9941-ad47c53c518b,24,1731,1731,4215,1945,5.22,2.81,3.01,11.04
418feb2d-0819-472f-8ac8-4c9ca3858773,NewRichTextDocument1,1393,b316a8d3-37d5-4e50-be34-dda3aa2bed3f,24,2881,2881,6713,3492,8.46,4.72,5.32,18.50
418feb2d-0819-472f-8ac8-4c9ca3858773,NewRichTextDocument1,1394,ee83dfca-b06e-417b-b874-f443facb3b86,24,1427,1427,4609,1833,5.36,2.25,2.64,10.25
418feb2d-0819-472f-8ac8-4c9ca3858773,NewRichTextDocument1,1395,cbc933f7-ff20-4d5b-a102-069bd85c33fd,24,1437,1437,4718,1891,5.34,2.14,2.58,10.05
418feb2d-0819-472f-8ac8-4c9ca3858773,NewRichTextDocument1,1396,e2e82149-b223-470e-a8cd-627a0cff0ccb,24,851,851,3920,1226,4.26,1.26,1.63,7.16
418feb2d-0819-472f-8ac8-4c9ca3858773,NewRichTextDocument1,1397,8163bf0e-68e4-4662-98e2-843199d19248,24,918,918,3951,1279,4.34,1.37,1.73,7.44
418feb2d-0819-472f-8ac8-4c9ca3858773,NewRichTextDocument1,1398,67deffb6-8daf-440d-a9fa-d9370be5d582,24,1078,1078,4224,1475,4.71,1.63,2.02,8.36
418feb2d-0819-472f-8ac8-4c9ca3858773,NewRichTextDocument1,1399,9f7810fe-9743-4686-9674-77eecc4735c9,24,1593,1593,4768,2000,5.70,2.60,2.99,11.29
418feb2d-0819-472f-8ac8-4c9ca3858773,NewRichTextDocument1,1400,0d6cc4d5-f7e7-4c71-84b3-ab7eaa95b4e9,24,1674,1674,5108,2184,5.57,2.22,2.71,10.51
418feb2d-0819-472f-8ac8-4c9ca3858773,NewRichTextDocument1,1401,2dddfee6-62dc-4246-8f4f-f11a19db1b5c,24,1342,1342,4656,1790,5.30,2.07,2.51,9.88
418feb2d-0819-472f-8ac8-4c9ca3858773,NewRichTextDocument1,1402,8651aa24-df16-44a4-909e-5c525badd696,24,1488,1488,4633,1886,5.40,2.33,2.72,10.44
418feb2d-0819-472f-8ac8-4c9ca3858773,NewRichTextDocument1,1403,d9b514e7-3aeb-485b-a847-b11a5b1c077d,24,1048,1048,4137,1427,4.64,1.63,2.00,8.26
418feb2d-0819-472f-8ac8-4c9ca3858773,NewRichTextDocument1,1404,395e99e2-ef3e-4444-b57b-d48e27ed00ba,24,1345,1345,4633,1788,5.32,2.11,2.54,9.97
418feb2d-0819-472f-8ac8-4c9ca3858773,NewRichTextDocument1,1405,6a6c92a9-cd39-441a-b617-a89c4491879b,24,826,826,3856,1187,4.20,1.24,1.59,7.04
418feb2d-0819-472f-8ac8-4c9ca3858773,NewRichTextDocument1,1406,4ee77104-e54d-4fed-866c-b102a8740603,24,1211,1211,4437,1640,4.96,1.81,2.23,9.01
418feb2d-0819-472f-8ac8-4c9ca3858773,NewRichTextDocument1,1407,0b0cc52d-4fcf-479d-a990-512934fd2889,24,1097,1097,4274,1503,4.80,1.70,2.09,8.59
418feb2d-0819-472f-8ac8-4c9ca3858773,NewRichTextDocument1,1408,e9ceaeb1-6373-42e9-826f-5c0ce74dc99a,24,1369,1369,4347,1712,5.12,2.21,2.55,9.88
418feb2d-0819-472f-8ac8-4c9ca3858773,NewRichTextDocument1,1409,7d27cb15-68de-42a1-8df1-ca0eb4ed3cf0,24,1598,1598,4754,1995,5.70,2.62,3.01,11.33
418feb2d-0819-472f-8ac8-4c9ca3858773,NewRichTextDocument1,1410,46ce2823-e726-474c-ac72-297e89dc3ef9,24,1134,1134,4165,1495,4.75,1.79,2.14,8.67
418feb2d-0819-472f-8ac8-4c9ca3858773,NewRichTextDocument1,1411,b0e9a394-ec18-4a1c-9982-d75268925065,24,1545,1545,4700,1948,5.55,2.47,2.86,10.88
418feb2d-0819-472f-8ac8-4c9ca3858773,NewRichTextDocument1,1412,b8ee4a2a-f79f-4f5b-9aa2-43da00362386,24,1549,1549,4607,1920,5.54,2.55,2.91,11.00
418feb2d-0819-472f-8ac8-4c9ca3858773,NewRichTextDocument1,1413,f8715ab4-44e1-445a-afa7-a212c67a8c75,24,1295,1295,4164,1607,4.89,2.09,2.40,9.38
418feb2d-0819-472f-8ac8-4c9ca3858773,NewRichTextDocument1,1414,ad23aeb4-e996-405f-af09-bcc51f99f267,24,1035,1035,4096,1405,4.57,1.58,1.94,8.10
418feb2d-0819-472f-8ac8-4c9ca3858773,NewRichTextDocument1,1415,b90e0d97-4c7d-4501-942e-787918e819cb,24,1932,1932,5054,2321,6.27,3.22,3.60,13.09
418feb2d-0819-472f-8ac8-4c9ca3858773,NewRichTextDocument1,1416,5e59bef5-a0f7-4c5f-9f50-ea08913f83ef,24,1505,1505,4485,1848,5.38,2.47,2.81,10.66
418feb2d-0819-472f-8ac8-4c9ca3858773,NewRichTextDocument1,1417,b780ea93-14d6-4755-a697-f9b6c68534f4,24,4001,4001,7127,4399,9.88,6.83,7.21,23.93
418feb2d-0819-472f-8ac8-4c9ca3858773,NewRichTextDocument1,1418,73cd4cca-9a34-4375-b5df-1cb5d34af1d0,24,2969,2969,5574,3203,7.55,5.01,5.23,17.79
418feb2d-0819-472f-8ac8-4c9ca3858773,NewRichTextDocument1,1419,81ceb7ec-d619-417a-a8c1-aea32ae4999f,24,1717,1717,4592,2029,5.61,2.80,3.11,11.52
418feb2d-0819-472f-8ac8-4c9ca3858773,NewRichTextDocument1,1420,17913be6-d4fb-4723-99de-4f3f6bff42b6,24,4045,4045,7040,4515,9.84,6.92,7.37,24.13
418feb2d-0819-472f-8ac8-4c9ca3858773,NewRichTextDocument1,1421,14a964ba-c329-4538-9736-940aadef1b94,24,3905,3905,6813,4270,9.48,6.65,7.00,23.13
418feb2d-0819-472f-8ac8-4c9ca3858773,NewRichTextDocument1,1422,30316831-75c8-4830-a15b-f333e41f0f22,24,1490,1490,4959,2009,5.70,2.32,2.82,10.84
418feb2d-0819-472f-8ac8-4c9ca3858773,NewRichTextDocument1,1423,bb4247d3-b647-4e99-aa9d-ef8f23de9a83,24,1535,1535,4544,1887,5.48,2.54,2.89,10.92
418feb2d-0819-472f-8ac8-4c9ca3858773,NewRichTextDocument1,1424,2a217892-7704-41b2-baf4-bf0bff565f7a,24,1962,1962,4973,2320,6.16,3.22,3.57,12.95
418feb2d-0819-472f-8ac8-4c9ca3858773,NewRichTextDocument1,1425,64058ec1-5315-46f9-a8fe-106958a46b6a,24,1080,1080,4121,1445,4.69,1.72,2.08,8.49
418feb2d-0819-472f-8ac8-4c9ca3858773,NewRichTextDocument1,1426,82b3839a-1736-4bd1-adcd-09e609d20a7e,24,1678,1678,4854,2097,5.83,2.73,3.14,11.69
418feb2d-0819-472f-8ac8-4c9ca3858773,NewRichTextDocument1,1427,19a6ada6-7e59-4490-9528-75f79e7166ca,24,1199,1199,4233,1566,4.89,1.93,2.28,9.10
418feb2d-0819-472f-8ac8-4c9ca3858773,NewRichTextDocument1,1428,bd5c3393-ff8f-4078-9df8-33a45d8a0181,24,1745,1745,5081,2214,6.00,2.74,3.20,11.93
418feb2d-0819-472f-8ac8-4c9ca3858773,NewRichTextDocument1,1429,75cd3153-e383-400f-be1d-2a2a7cc4cd74,24,1013,1013,4080,1390,4.50,1.50,1.87,7.87
418feb2d-0819-472f-8ac8-4c9ca3858773,NewRichTextDocument1,1430,cace8704-344a-4e38-b0aa-a4225553f521,24,1057,1057,4066,1413,4.54,1.60,1.95,8.08
418feb2d-0819-472f-8ac8-4c9ca3858773,NewRichTextDocument1,1431,8318fce3-63d5-4ffe-838d-5c73291e7e3f,24,1739,1739,4857,2128,5.92,2.88,3.26,12.05
418feb2d-0819-472f-8ac8-4c9ca3858773,NewRichTextDocument1,1432,1938d73d-e3cb-4397-a3eb-7c05546ec4d7,24,921,921,4027,1316,4.45,1.42,1.80,7.67
418feb2d-0819-472f-8ac8-4c9ca3858773,NewRichTextDocument1,1433,b2fbb623-805a-4f56-b0f4-0e106f138ea3,24,1558,1558,4548,1905,5.39,2.47,2.81,10.67
418feb2d-0819-472f-8ac8-4c9ca3858773,NewRichTextDocument1,1434,58f7d88b-4a66-4298-8331-d17839527329,24,1090,1090,3957,1402,4.53,1.73,2.03,8.29
418feb2d-0819-472f-8ac8-4c9ca3858773,NewRichTextDocument1,1435,3501206d-1593-4ba0-8431-68e388580e6b,24,2000,2000,5044,2361,6.32,3.34,3.70,13.36
418feb2d-0819-472f-8ac8-4c9ca3858773,NewRichTextDocument1,1436,42f09309-4ae4-4acc-b5af-f6d73362f9c6,24,1664,1664,4644,2007,5.62,2.71,3.05,11.39
418feb2d-0819-472f-8ac8-4c9ca3858773,NewRichTextDocument1,1437,486bca98-315d-4fcd-8c3a-ec12ba801760,24,1425,1425,4519,1804,5.24,2.22,2.59,10.05
418feb2d-0819-472f-8ac8-4c9ca3858773,NewRichTextDocument1,1438,31757629-0154-431b-a7ee-acf613bd4a1e,24,3246,3246,6264,3611,8.26,5.31,5.67,19.24
418feb2d-0819-472f-8ac8-4c9ca3858773,NewRichTextDocument1,1439,ae608664-bb68-4f71-a56c-756e09cab70e,24,1536,1536,4708,1941,5.56,2.46,2.86,10.88
418feb2d-0819-472f-8ac8-4c9ca3858773,NewRichTextDocument1,1440,5ded44b4-c937-4eb4-baba-42ee5771360e,24,2781,2781,5935,3180,7.77,4.69,5.08,17.53
418feb2d-0819-472f-8ac8-4c9ca3858773,NewRichTextDocument1,1441,a459b03c-bfb9-4160-b86c-ec2bb59f26cc,24,2807,2807,6118,3262,7.85,4.62,5.06,17.54
418feb2d-0819-472f-8ac8-4c9ca3858773,NewRichTextDocument1,1442,cd8b3c97-f90d-45e0-861a-9c938c50571a,24,2074,2074,5120,2435,6.42,3.45,3.80,13.67
418feb2d-0819-472f-8ac8-4c9ca3858773,NewRichTextDocument1,1443,44489dc9-f773-4441-bdc7-9912d0214886,24,2596,2596,5886,3053,7.45,4.25,4.68,16.38
418feb2d-0819-472f-8ac8-4c9ca3858773,NewRichTextDocument1,1444,15565de5-755f-40cd-9775-4bfe4a93a629,24,1014,1014,4044,1375,4.55,1.59,1.94,8.09
418feb2d-0819-472f-8ac8-4c9ca3858773,NewRichTextDocument1,1445,2232a5ac-5dc9-45ff-87b4-8ca6dd6b295e,24,984,984,4081,1368,4.53,1.50,1.88,7.90
418feb2d-0819-472f-8ac8-4c9ca3858773,NewRichTextDocument1,1446,eb7092f5-22b8-4af6-9347-541c41ca2162,24,1956,1956,5060,2335,6.26,3.23,3.60,13.09
418feb2d-0819-472f-8ac8-4c9ca3858773,NewRichTextDocument1,1447,6fdcfad6-8839-49cd-a965-b90fe81eb243,24,1964,1964,4862,2280,6.14,3.31,3.62,13.08
418feb2d-0819-472f-8ac8-4c9ca3858773,NewRichTextDocument1,1448,2ea21256-88b3-47ae-9d7e-029876cb7965,24,1203,1203,4382,1615,4.98,1.88,2.28,9.15
418feb2d-0819-472f-8ac8-4c9ca3858773,NewRichTextDocument1,1449,748341f4-c176-4de1-b26b-3b774c1d5906,24,1654,1654,4802,2062,5.70,2.63,3.02,11.35
418feb2d-0819-472f-8ac8-4c9ca3858773,NewRichTextDocument1,1450,9262ef19-3ba2-4c5b-90d5-571660f4f5fc,24,1441,1441,4518,1822,5.31,2.31,2.68,10.30
418feb2d-0819-472f-8ac8-4c9ca3858773,NewRichTextDocument1,1451,38e384d8-0f98-478a-a6c0-f77c1c9ebcc6,24,1191,1191,4611,1674,5.12,1.78,2.25,9.14
418feb2d-0819-472f-8ac8-4c9ca3858773,NewRichTextDocument1,1452,c7ad8322-9bc2-4af6-a6d9-e8e35da28fbe,24,1114,1114,4252,1512,4.83,1.77,2.15,8.75
418feb2d-0819-472f-8ac8-4c9ca3858773,NewRichTextDocument1,1453,4aa1e829-5b3a-47de-b3f9-a28682514609,24,1454,1454,4636,1860,5.43,2.32,2.72,10.46
418feb2d-0819-472f-8ac8-4c9ca3858773,NewRichTextDocument1,1454,aadda011-2d72-4201-9610-713544b91b0a,24,2358,2358,5442,2746,6.94,3.93,4.30,15.17
418feb2d-0819-472f-8ac8-4c9ca3858773,NewRichTextDocument1,1455,caa16f7a-9745-4bf3-b2c2-e01081960b28,24,2177,2177,5283,2562,6.66,3.63,4.00,14.30
418feb2d-0819-472f-8ac8-4c9ca3858773,NewRichTextDocument1,1456,79ba1655-5366-4995-bd31-092533a2055f,24,1297,1297,4331,1658,5.07,2.11,2.46,9.64
418feb2d-0819-472f-8ac8-4c9ca3858773,NewRichTextDocument1,1457,a649e649-ca6e-477b-93bd-feb7144a0021,24,1154,1154,4216,1524,4.82,1.83,2.19,8.85
418feb2d-0819-472f-8ac8-4c9ca3858773,NewRichTextDocument1,1458,7514d381-f43e-4925-80d8-d434e06ae115,24,1187,1187,4162,1530,4.81,1.90,2.24,8.95
418feb2d-0819-472f-8ac8-4c9ca3858773,NewRichTextDocument1,1459,f8955ae5-978d-44a7-9607-adc70499bde9,24,1027,1027,4232,1442,4.70,1.57,1.98,8.25
418feb2d-0819-472f-8ac8-4c9ca3858773,NewRichTextDocument1,1460,ea18ed42-b78d-4576-b4f4-3c1869542a39,24,2161,2161,4830,2405,6.26,3.65,3.89,13.80
418feb2d-0819-472f-8ac8-4c9ca3858773,NewRichTextDocument1,1461,258c1541-4bd8-4172-8d0d-69166be6f9b4,24,1450,1450,4401,1784,5.26,2.38,2.70,10.33
418feb2d-0819-472f-8ac8-4c9ca3858773,NewRichTextDocument1,1462,982ca490-8240-461d-b90f-18cb48819c10,24,1114,1114,4271,1516,4.87,1.78,2.18,8.83
418feb2d-0819-472f-8ac8-4c9ca3858773,NewRichTextDocument1,1463,1fbf7e2b-8bee-4592-b5f1-62d2da1e3338,24,1629,1629,4671,2002,5.58,2.61,2.97,11.17
418feb2d-0819-472f-8ac8-4c9ca3858773,NewRichTextDocument1,1464,572b7878-eac5-4f5f-8932-c53b637506ad,24,910,910,3930,1272,4.29,1.34,1.69,7.32
418feb2d-0819-472f-8ac8-4c9ca3858773,NewRichTextDocument1,1465,abfd75ce-6d91-4d7b-a0a3-939cff004840,24,975,975,4063,1360,4.47,1.46,1.83,7.77
418feb2d-0819-472f-8ac8-4c9ca3858773,NewRichTextDocument1,1466,9e3d13cb-91ec-4d67-bcef-940c0fdf954f,24,1104,1104,4165,1474,4.66,1.67,2.03,8.35
418feb2d-0819-472f-8ac8-4c9ca3858773,NewRichTextDocument1,1467,9029b7c4-361b-4b4d-90fe-3389de486114,24,1141,1141,4136,1494,4.67,1.74,2.08,8.49
418feb2d-0819-472f-8ac8-4c9ca3858773,NewRichTextDocument1,1468,299a6915-ec4b-457f-81a2-51fc5e8e7bb0,24,911,911,3880,1254,4.25,1.35,1.68,7.27
418feb2d-0819-472f-8ac8-4c9ca3858773,NewRichTextDocument1,1469,ff9f6dae-668e-44f3-97eb-64f7dd49adbf,24,1001,1001,4117,1389,4.54,1.50,1.88,7.92
418feb2d-0819-472f-8ac8-4c9ca3858773,NewRichTextDocument1,1470,93b22ae8-8c5d-45b6-9474-f873a3eecb2e,24,862,862,3871,1219,4.23,1.29,1.64,7.16
418feb2d-0819-472f-8ac8-4c9ca3858773,NewRichTextDocument1,1471,8a81dd78-8288-41bd-846c-f1133037aef3,24,1049,1049,4255,1464,4.71,1.58,1.99,8.28
418feb2d-0819-472f-8ac8-4c9ca3858773,NewRichTextDocument1,1472,c5693cb5-b6b2-495f-a653-542987b54ed7,24,901,901,3902,1253,4.25,1.32,1.66,7.23
418feb2d-0819-472f-8ac8-4c9ca3858773,NewRichTextDocument1,1473,8af03634-995c-4174-9b48-b40d5ab78c65,24,1035,1035,4076,1407,4.54,1.57,1.93,8.04
418feb2d-0819-472f-8ac8-4c9ca3858773,NewRichTextDocument1,1474,de296a64-36ba-4ada-a120-07871dae3960,24,1190,1190,4243,1561,4.74,1.76,2.12,8.62
418feb2d-0819-472f-8ac8-4c9ca3858773,NewRichTextDocument1,1475,57f38d4c-9231-41d4-8d09-7dd870608297,24,1367,1367,4393,1729,5.21,2.26,2.61,10.09
418feb2d-0819-472f-8ac8-4c9ca3858773,NewRichTextDocument1,1476,d632357b-d5eb-4789-ac0d-da434cda7f59,24,1761,1761,4766,2257,5.82,2.89,3.37,12.08
418feb2d-0819-472f-8ac8-4c9ca3858773,NewRichTextDocument1,1477,b3a408fe-7f5c-49d1-9726-5e870366de62,24,1137,1137,4226,1516,4.78,1.77,2.14,8.69
418feb2d-0819-472f-8ac8-4c9ca3858773,NewRichTextDocument1,1478,401395d9-a2cb-4158-90a5-e7b17257f651,24,1073,1073,4104,1434,4.63,1.67,2.02,8.32
418feb2d-0819-472f-8ac8-4c9ca3858773,NewRichTextDocument1,1479,4cd3ac44-56da-496a-bd0f-0f72497e5bba,24,959,959,3988,1320,4.41,1.46,1.81,7.68
418feb2d-0819-472f-8ac8-4c9ca3858773,NewRichTextDocument1,1480,84c3b596-3c83-4220-8cd6-4cd056612dd4,24,1139,1139,4384,1580,4.89,1.72,2.15,8.76
418feb2d-0819-472f-8ac8-4c9ca3858773,NewRichTextDocument1,1481,eff5d7f0-1794-407e-a5cb-d5b15b475d45,24,1052,1052,3997,1386,4.52,1.64,1.97,8.12
418feb2d-0819-472f-8ac8-4c9ca3858773,NewRichTextDocument1,1482,9a0f7e7c-9771-4aea-82b7-000e2aa285fa,24,1100,1100,4181,1480,4.71,1.70,2.07,8.48
418feb2d-0819-472f-8ac8-4c9ca3858773,NewRichTextDocument1,1483,e8e9637b-1646-43df-b00b-8f44888beb44,24,788,788,3786,1140,4.08,1.15,1.50,6.73
418feb2d-0819-472f-8ac8-4c9ca3858773,NewRichTextDocument1,1484,c1bb1324-acd8-4f13-9968-9d1a6b3a462f,24,1016,1016,4036,1378,4.50,1.55,1.90,7.96
418feb2d-0819-472f-8ac8-4c9ca3858773,NewRichTextDocument1,1485,e27a5b28-a76c-4a46-8ab0-8fd22b2e6019,24,965,965,4053,1344,4.47,1.45,1.82,7.75
418feb2d-0819-472f-8ac8-4c9ca3858773,NewRichTextDocument1,1486,cca3c64e-73c9-49c5-84fa-7466e66c03c3,24,910,910,4027,1298,4.41,1.36,1.74,7.51
418feb2d-0819-472f-8ac8-4c9ca3858773,NewRichTextDocument1,1487,e3a1de42-77dd-4ad6-ab30-cd946bc09eba,24,916,916,4166,1349,4.52,1.35,1.77,7.63
418feb2d-0819-472f-8ac8-4c9ca3858773,NewRichTextDocument1,1488,675990fd-adfe-4708-923f-484c762d5010,24,952,952,4166,1382,4.47,1.34,1.75,7.56
418feb2d-0819-472f-8ac8-4c9ca3858773,NewRichTextDocument1,1489,2fb3922c-924b-4cce-ba61-1260f9a501e2,24,1225,1225,4260,1586,4.85,1.88,2.24,8.97
418feb2d-0819-472f-8ac8-4c9ca3858773,NewRichTextDocument1,1490,142b3ccd-cf7b-4d0c-9c3f-26a862d363de,24,1137,1137,4284,1534,4.83,1.76,2.14,8.73
418feb2d-0819-472f-8ac8-4c9ca3858773,NewRichTextDocument1,1491,506eede6-b556-4659-9539-fa932cbc41e2,24,984,984,4120,1382,4.47,1.41,1.80,7.68
418feb2d-0819-472f-8ac8-4c9ca3858773,NewRichTextDocument1,1492,bad1deeb-6391-49fe-8599-7399cfbce99c,24,1019,1019,4020,1371,4.45,1.52,1.86,7.82
418feb2d-0819-472f-8ac8-4c9ca3858773,NewRichTextDocument1,1493,c78116ac-d1d0-4329-8aed-d8141d5f9763,24,901,901,3872,1244,4.23,1.33,1.66,7.21
418feb2d-0819-472f-8ac8-4c9ca3858773,NewRichTextDocument1,1494,72f09d26-ea09-4928-b249-5f502dfe585e,24,1158,1158,4260,1548,4.73,1.71,2.08,8.52
418feb2d-0819-472f-8ac8-4c9ca3858773,NewRichTextDocument1,1495,399ec2b9-325b-4755-b834-858444a0afe6,24,911,911,3912,1263,4.22,1.29,1.63,7.13
418feb2d-0819-472f-8ac8-4c9ca3858773,NewRichTextDocument1,1496,1ad1db1f-cc70-4ca6-b6b6-698cdb041adc,24,1432,1432,4594,1834,5.32,2.23,2.62,10.17
418feb2d-0819-472f-8ac8-4c9ca3858773,NewRichTextDocument1,1497,e77fe7b5-fb8f-4d5f-8483-d4d8fc7898ee,24,965,965,3966,1317,4.40,1.47,1.81,7.68
418feb2d-0819-472f-8ac8-4c9ca3858773,NewRichTextDocument1,1498,34d535d2-c735-4197-9912-1a34b426dc61,24,1017,1017,4097,1397,4.53,1.52,1.89,7.94
418feb2d-0819-472f-8ac8-4c9ca3858773,NewRichTextDocument1,1499,932b3bb8-d8f1-4af5-82ce-c0a7ec91a8d2,24,887,887,4002,1275,4.37,1.33,1.70,7.40
418feb2d-0819-472f-8ac8-4c9ca3858773,NewRichTextDocument1,1500,43eb359d-135b-4eea-b350-2e2601c9ac59,24,910,910,3920,1272,4.27,1.33,1.68,7.28
418feb2d-0819-472f-8ac8-4c9ca3858773,NewRichTextDocument1,1501,a257e40e-5a20-4dea-864f-4e18cb1ff9a9,24,826,826,3853,1187,4.16,1.21,1.56,6.93
418feb2d-0819-472f-8ac8-4c9ca3858773,NewRichTextDocument1,1502,1b2eeb83-c2f1-4edb-b8d9-fce2ea20b692,24,817,817,3814,1169,4.12,1.20,1.54,6.86
418feb2d-0819-472f-8ac8-4c9ca3858773,NewRichTextDocument1,1503,63061024-711d-4441-bf82-1f99e2ca9c5b,24,811,811,3993,1222,4.29,1.18,1.58,7.05
418feb2d-0819-472f-8ac8-4c9ca3858773,NewRichTextDocument1,1504,7207959f-41ca-4fb7-895d-c8e1c73c9b5c,24,921,921,4095,1327,4.44,1.34,1.74,7.52
418feb2d-0819-472f-8ac8-4c9ca3858773,NewRichTextDocument1,1505,9ee1d64c-2e61-4ec5-b51e-7347984c9cf7,24,947,947,4091,1344,4.47,1.40,1.79,7.66
418feb2d-0819-472f-8ac8-4c9ca3858773,NewRichTextDocument1,1506,177789bd-34e0-4841-b7d3-9af74ef1eaa3,24,986,986,3940,1325,4.35,1.47,1.80,7.63
418feb2d-0819-472f-8ac8-4c9ca3858773,NewRichTextDocument1,1507,455c77fa-e287-46b6-bb54-8fd6befd847a,24,1071,1071,4161,1450,4.65,1.63,2.00,8.28
418feb2d-0819-472f-8ac8-4c9ca3858773,NewRichTextDocument1,1508,2f30da47-a952-48f1-b0f9-e22ec20240d4,24,863,863,3891,1230,4.22,1.26,1.62,7.10
418feb2d-0819-472f-8ac8-4c9ca3858773,NewRichTextDocument1,1509,af777886-5ac7-42ce-a5bf-584f7b22cb51,24,898,898,3908,1255,4.27,1.33,1.68,7.28
418feb2d-0819-472f-8ac8-4c9ca3858773,NewRichTextDocument1,1510,6d31f6f6-7136-46d2-a17e-a961589d431c,24,968,968,3911,1302,4.34,1.47,1.80,7.61
418feb2d-0819-472f-8ac8-4c9ca3858773,NewRichTextDocument1,1511,ef6217f0-d9d2-41e6-a3de-315d9116ba14,24,1071,1071,4102,1432,4.59,1.63,1.99,8.22
418feb2d-0819-472f-8ac8-4c9ca3858773,NewRichTextDocument1,1512,1ea4e8b9-4f66-4451-9de4-9650ebb525fa,24,884,884,4057,1290,4.42,1.32,1.72,7.45
418feb2d-0819-472f-8ac8-4c9ca3858773,NewRichTextDocument1,1513,b43cf832-5699-4e4e-95ca-12b218db7ddb,24,936,936,3993,1306,4.39,1.41,1.77,7.57
418feb2d-0819-472f-8ac8-4c9ca3858773,NewRichTextDocument1,1514,056c3add-cd8a-4f83-87bc-ed9e51d77e5e,24,865,865,4067,1280,4.40,1.27,1.68,7.35
418feb2d-0819-472f-8ac8-4c9ca3858773,NewRichTextDocument1,1515,9d0644ec-8797-400a-ac25-3039a4a3e469,24,968,968,4230,1401,4.66,1.47,1.90,8.03
418feb2d-0819-472f-8ac8-4c9ca3858773,NewRichTextDocument1,1516,64569707-3bbf-42dc-9451-de272a2865cc,24,1225,1225,4534,1684,5.00,1.77,2.21,8.98
418feb2d-0819-472f-8ac8-4c9ca3858773,NewRichTextDocument1,1517,bf9bf752-9c34-4e20-a10a-67bfab743205,24,930,930,4163,1362,4.50,1.34,1.76,7.60
418feb2d-0819-472f-8ac8-4c9ca3858773,NewRichTextDocument1,1518,d8679da3-3708-49ef-bbc7-524c21a051aa,24,1020,1020,4369,1480,4.78,1.51,1.96,8.25
418feb2d-0819-472f-8ac8-4c9ca3858773,NewRichTextDocument1,1519,c07dec04-bb16-4a5b-a1fb-1591605c2efc,24,989,989,4019,1350,4.42,1.46,1.81,7.69
418feb2d-0819-472f-8ac8-4c9ca3858773,NewRichTextDocument1,1520,cdfc58cc-f653-42ce-9835-24e8830c7ba4,24,861,861,3879,1223,4.22,1.28,1.63,7.13
418feb2d-0819-472f-8ac8-4c9ca3858773,NewRichTextDocument1,1521,b67cea98-230b-4b38-9b39-b5d748558866,24,784,784,3820,1150,4.10,1.13,1.49,6.72
418feb2d-0819-472f-8ac8-4c9ca3858773,NewRichTextDocument1,1522,6635c7e7-2fc6-4197-8086-9d918b28ee5e,24,1033,1033,4296,1466,4.73,1.54,1.96,8.23
418feb2d-0819-472f-8ac8-4c9ca3858773,NewRichTextDocument1,1523,d2daee99-7581-4bdb-8b80-8cc4e19590c0,24,924,924,4069,1321,4.42,1.34,1.73,7.49
418feb2d-0819-472f-8ac8-4c9ca3858773,NewRichTextDocument1,1524,bf097142-54ee-47e0-84ec-f63e7a622446,24,896,896,4070,1302,4.42,1.32,1.71,7.45
418feb2d-0819-472f-8ac8-4c9ca3858773,NewRichTextDocument1,1525,b14d1003-af49-4ed1-a253-132cf8e7e27f,24,1038,1038,4157,1426,4.60,1.55,1.93,8.08
418feb2d-0819-472f-8ac8-4c9ca3858773,NewRichTextDocument1,1526,c0abfb55-2684-4b11-9c87-7a3baeef098b,24,919,919,3949,1280,4.33,1.37,1.72,7.43
418feb2d-0819-472f-8ac8-4c9ca3858773,NewRichTextDocument1,1527,38e243d3-e8a4-40f7-bd69-40f0827234d0,24,821,821,3848,1182,4.15,1.19,1.54,6.88
418feb2d-0819-472f-8ac8-4c9ca3858773,NewRichTextDocument1,1528,2cbf5f72-5730-477b-8f1c-34a72c2e4b9b,24,859,859,3926,1234,4.26,1.27,1.63,7.16
418feb2d-0819-472f-8ac8-4c9ca3858773,NewRichTextDocument1,1529,6f6650a5-6750-43de-9650-b24a97546055,24,897,897,3954,1267,4.32,1.33,1.70,7.35
418feb2d-0819-472f-8ac8-4c9ca3858773,NewRichTextDocument1,1530,92a25ad8-bf86-4e94-9f25-09c931b06013,24,928,928,4072,1325,4.44,1.37,1.75,7.56
418feb2d-0819-472f-8ac8-4c9ca3858773,NewRichTextDocument1,1531,92386e71-a99c-4d7d-8668-ed06518871ca,24,1651,1651,4720,2027,5.78,2.78,3.15,11.71
418feb2d-0819-472f-8ac8-4c9ca3858773,NewRichTextDocument1,1532,3c621867-f9a1-4098-b5e5-273d1a9616e4,24,4186,4186,7167,4701,9.86,6.98,7.45,24.29
418feb2d-0819-472f-8ac8-4c9ca3858773,NewRichTextDocument1,1533,ba77ec9c-d688-438d-ac32-e75e0411e6bc,24,1790,1790,4832,2151,5.81,2.84,3.19,11.84
418feb2d-0819-472f-8ac8-4c9ca3858773,NewRichTextDocument1,1534,8d42e8e3-6793-4b47-828b-3f78c88d4c6d,24,1185,1185,4228,1557,4.77,1.80,2.16,8.73
418feb2d-0819-472f-8ac8-4c9ca3858773,NewRichTextDocument1,1535,b17a98f0-41fd-483a-af8b-9c290f285e4b,24,1411,1411,4511,1802,5.16,2.13,2.51,9.79
418feb2d-0819-472f-8ac8-4c9ca3858773,NewRichTextDocument1,1536,281be7e0-6365-44ba-bff8-cc61a9d3ddc1,24,1234,1234,4374,1632,4.94,1.88,2.27,9.09
418feb2d-0819-472f-8ac8-4c9ca3858773,NewRichTextDocument1,1537,e637c97e-21f1-468f-b252-e8863a9122c2,24,1616,1616,4869,2056,5.63,2.45,2.88,10.96
418feb2d-0819-472f-8ac8-4c9ca3858773,NewRichTextDocument1,1538,9befcfbe-30d1-42c8-80f3-f57591cac285,24,1076,1076,4130,1447,4.52,1.54,1.90,7.96
418feb2d-0819-472f-8ac8-4c9ca3858773,NewRichTextDocument1,1539,8c3f351c-6a20-496a-afa3-bbd917bfb7fc,24,958,958,3988,1319,4.41,1.45,1.80,7.66
418feb2d-0819-472f-8ac8-4c9ca3858773,NewRichTextDocument1,1540,14229597-4e81-440c-9817-bf71d2cd5811,24,934,934,3904,1277,4.31,1.41,1.74,7.46
418feb2d-0819-472f-8ac8-4c9ca3858773,NewRichTextDocument1,1541,0f132a91-8ba4-49fe-8d42-5b9a06e785cb,24,1340,1340,4588,1773,5.28,2.11,2.53,9.92
418feb2d-0819-472f-8ac8-4c9ca3858773,NewRichTextDocument1,1542,297502e8-dd59-4e77-a55b-705557548d65,24,1257,1257,4370,1646,4.96,1.93,2.30,9.19
418feb2d-0819-472f-8ac8-4c9ca3858773,NewRichTextDocument1,1543,5cdc0148-d2b6-46c2-abd0-9259ed731e4f,24,1250,1250,4372,1638,5.00,1.95,2.33,9.27
418feb2d-0819-472f-8ac8-4c9ca3858773,NewRichTextDocument1,1544,13fdd389-10da-4101-abdb-6aab0e3e7b4d,24,1018,1018,4097,1398,4.55,1.54,1.91,8.00
418feb2d-0819-472f-8ac8-4c9ca3858773,NewRichTextDocument1,1545,3d6c2558-8787-4416-be0f-bf4254f87d5c,24,733,733,3643,1058,3.89,1.05,1.37,6.31
418feb2d-0819-472f-8ac8-4c9ca3858773,NewRichTextDocument1,1546,bdac825f-bdc6-4f2e-a2ec-be0579cc8b26,24,972,972,4040,1347,4.45,1.46,1.82,7.74
418feb2d-0819-472f-8ac8-4c9ca3858773,NewRichTextDocument1,1547,ed359a68-4797-48d8-81f3-630f56c2e92e,24,1118,1118,4091,1461,4.63,1.73,2.07,8.43
418feb2d-0819-472f-8ac8-4c9ca3858773,NewRichTextDocument1,1548,26a3f87c-59cb-4280-9355-582f6f6c4431,24,963,963,3963,1319,4.31,1.38,1.73,7.42
418feb2d-0819-472f-8ac8-4c9ca3858773,NewRichTextDocument1,1549,224098ff-e6ea-4d7e-9eb8-1d72b08c776b,24,943,943,3971,1304,4.36,1.40,1.75,7.52
418feb2d-0819-472f-8ac8-4c9ca3858773,NewRichTextDocument1,1550,e590debb-3874-42bd-a806-2d86ee64c9d7,24,993,993,4082,1377,4.46,1.45,1.82,7.73
418feb2d-0819-472f-8ac8-4c9ca3858773,NewRichTextDocument1,1551,b19534f7-c01b-4321-a0f7-91c73b675da5,24,2222,2222,5660,2705,6.94,3.58,4.05,14.58
418feb2d-0819-472f-8ac8-4c9ca3858773,NewRichTextDocument1,1552,e324419a-faf4-4047-aa6a-522a196aed87,24,966,966,3994,1327,4.42,1.46,1.81,7.68
418feb2d-0819-472f-8ac8-4c9ca3858773,NewRichTextDocument1,1553,87a9d5c9-62b8-4389-8684-ade1e7ba2a2f,24,955,955,3955,1307,4.36,1.43,1.78,7.57
418feb2d-0819-472f-8ac8-4c9ca3858773,NewRichTextDocument1,1554,2894227a-c6af-4073-ac4d-c0936f258050,24,1005,1005,4006,1357,4.45,1.52,1.86,7.83
418feb2d-0819-472f-8ac8-4c9ca3858773,NewRichTextDocument1,1555,97e5297d-baa7-4af1-9ea1-71eec8391003,24,1199,1199,4252,1570,4.81,1.83,2.19,8.84
418feb2d-0819-472f-8ac8-4c9ca3858773,NewRichTextDocument1,1556,7208ee9b-95cf-44cb-a180-4a5d0f737603,24,1274,1274,4366,1658,4.97,1.95,2.33,9.25
418feb2d-0819-472f-8ac8-4c9ca3858773,NewRichTextDocument1,1557,2e0cdae2-49a3-4ffa-8055-384f6e39d7c6,24,1274,1274,4406,1673,5.03,1.98,2.36,9.37
418feb2d-0819-472f-8ac8-4c9ca3858773,NewRichTextDocument1,1558,20821a33-30dc-40f8-8a17-81d70336b396,24,936,936,3908,1279,4.31,1.41,1.74,7.46
418feb2d-0819-472f-8ac8-4c9ca3858773,NewRichTextDocument1,1559,dd127ef6-0032-4e93-9cf0-7135a43bcae7,24,915,915,3984,1296,4.35,1.35,1.72,7.42
418feb2d-0819-472f-8ac8-4c9ca3858773,NewRichTextDocument1,1560,8c7f338c-96d8-4493-b2aa-f46427a91c36,24,944,944,4003,1314,4.40,1.41,1.77,7.57
418feb2d-0819-472f-8ac8-4c9ca3858773,NewRichTextDocument1,1561,6ef469d1-4b7c-451d-8d71-b26db824fe0d,24,965,965,4093,1364,4.49,1.44,1.82,7.75
418feb2d-0819-472f-8ac8-4c9ca3858773,NewRichTextDocument1,1562,a7dd34d3-4945-4ff2-a1cc-c267197a38b0,24,870,870,3859,1223,4.13,1.21,1.55,6.89
418feb2d-0819-472f-8ac8-4c9ca3858773,NewRichTextDocument1,1563,23aa5d3b-8e04-499a-aedc-e97283846ef2,24,1081,1081,4169,1460,4.67,1.66,2.03,8.35
418feb2d-0819-472f-8ac8-4c9ca3858773,NewRichTextDocument1,1564,243bde90-0d18-4974-bfc3-651b34ed856c,24,1147,1147,4207,1517,4.76,1.77,2.13,8.66
418feb2d-0819-472f-8ac8-4c9ca3858773,NewRichTextDocument1,1565,17bec0c2-1dc5-48a3-8d62-e6dc95f90b3d,24,1008,1008,3951,1342,4.37,1.50,1.82,7.69
418feb2d-0819-472f-8ac8-4c9ca3858773,NewRichTextDocument1,1566,bb688351-fddf-4f4c-8bda-c72a9698b147,24,894,894,3942,1265,4.31,1.33,1.69,7.33
418feb2d-0819-472f-8ac8-4c9ca3858773,NewRichTextDocument1,1567,6b9fb01c-4bc6-4939-a113-d606bae1558b,24,1340,1340,4532,1763,5.15,2.04,2.44,9.62
418feb2d-0819-472f-8ac8-4c9ca3858773,NewRichTextDocument1,1568,a0bacdf7-6710-4601-87d7-7d876e45f4c1,24,1673,1673,4943,2119,5.68,2.49,2.92,11.09
418feb2d-0819-472f-8ac8-4c9ca3858773,NewRichTextDocument1,1569,a509eda7-2170-48d2-86e9-5d15e78e2871,24,1142,1142,4378,1572,4.88,1.72,2.14,8.73
418feb2d-0819-472f-8ac8-4c9ca3858773,NewRichTextDocument1,1570,fc34e057-045b-4d0a-a903-e233aaab3519,24,1245,1245,4434,1656,5.05,1.93,2.33,9.31
418feb2d-0819-472f-8ac8-4c9ca3858773,NewRichTextDocument1,1571,45005d11-3bcf-4ba2-808c-69aede1e80cf,24,1087,1087,4257,1500,4.65,1.55,1.95,8.15
418feb2d-0819-472f-8ac8-4c9ca3858773,NewRichTextDocument1,1572,3b85d9e5-6110-4eee-9334-dcc73f52df73,24,849,849,4050,1264,4.38,1.25,1.66,7.29
418feb2d-0819-472f-8ac8-4c9ca3858773,NewRichTextDocument1,1573,5c76e2a6-4d4b-4667-beb5-595adb423193,24,1105,1105,4165,1475,4.69,1.70,2.07,8.46
418feb2d-0819-472f-8ac8-4c9ca3858773,NewRichTextDocument1,1574,cc0ed597-444c-446b-bf16-5f4a145eef9f,24,1073,1073,4085,1430,4.59,1.65,2.00,8.24
418feb2d-0819-472f-8ac8-4c9ca3858773,NewRichTextDocument1,1575,012390f0-8e37-4f5e-9adf-1bd0e9436250,24,994,994,4140,1391,4.58,1.51,1.90,7.99
418feb2d-0819-472f-8ac8-4c9ca3858773,NewRichTextDocument1,1576,c7185934-888f-448e-9405-62cf0a794f69,24,1058,1058,4313,1498,4.75,1.58,2.00,8.32
418feb2d-0819-472f-8ac8-4c9ca3858773,NewRichTextDocument1,1577,f909c63c-139d-471b-ae58-00c8dca2bb60,24,904,904,3817,1229,4.21,1.37,1.68,7.26
418feb2d-0819-472f-8ac8-4c9ca3858773,NewRichTextDocument1,1578,a741a65d-19c6-4695-ba9c-7691c5885638,24,1080,1080,4111,1441,4.65,1.69,2.05,8.39
418feb2d-0819-472f-8ac8-4c9ca3858773,NewRichTextDocument1,1579,5c519176-d405-4d83-b2de-0939e81fec86,24,1164,1164,4284,1552,4.87,1.82,2.20,8.90
418feb2d-0819-472f-8ac8-4c9ca3858773,NewRichTextDocument1,1580,710136f0-4d95-4656-8fa5-ebf52435ca21,24,1124,1124,4329,1539,4.86,1.73,2.14,8.73
418feb2d-0819-472f-8ac8-4c9ca3858773,NewRichTextDocument1,1581,3269b73f-c145-48da-b975-309b88fc7c0a,24,737,737,3705,1080,3.97,1.08,1.41,6.46
418feb2d-0819-472f-8ac8-4c9ca3858773,NewRichTextDocument1,1582,fe376bf5-8b37-4e3e-8aff-8dacdd055495,24,924,924,3924,1276,4.32,1.39,1.73,7.44
418feb2d-0819-472f-8ac8-4c9ca3858773,NewRichTextDocument1,1583,a7c9b37d-eda3-4b1c-82f4-7c10b9f1dc79,24,906,906,3973,1281,4.31,1.32,1.68,7.31
418feb2d-0819-472f-8ac8-4c9ca3858773,NewRichTextDocument1,1584,d4540412-f3a0-43fb-8e2c-6764a975cf85,24,826,826,3875,1197,4.17,1.19,1.55,6.90
418feb2d-0819-472f-8ac8-4c9ca3858773,NewRichTextDocument1,1585,5e5861fa-4dee-471c-8479-0aa2cc21b890,24,1542,1542,4831,1990,5.66,2.45,2.88,10.99
418feb2d-0819-472f-8ac8-4c9ca3858773,NewRichTextDocument1,1586,fa6705da-380f-45a1-97ab-9cde48d9966b,24,1190,1190,4360,1603,4.91,1.82,2.22,8.94
418feb2d-0819-472f-8ac8-4c9ca3858773,NewRichTextDocument1,1587,745d795e-0149-47ea-b3f2-5780727c089b,24,823,823,3822,1175,4.13,1.20,1.54,6.87
418feb2d-0819-472f-8ac8-4c9ca3858773,NewRichTextDocument1,1588,ffbe7106-947d-4da7-b1b9-d47249fb5296,24,1093,1093,4212,1481,4.74,1.70,2.08,8.51
418feb2d-0819-472f-8ac8-4c9ca3858773,NewRichTextDocument1,1589,e5bcdfbc-7d43-42b1-90f1-f02ffa07372f,24,1016,1016,4085,1391,4.57,1.58,1.94,8.09
418feb2d-0819-472f-8ac8-4c9ca3858773,NewRichTextDocument1,1590,ec2acb02-bfc7-411d-a64b-da15f6835919,24,1053,1053,4326,1497,4.75,1.56,1.99,8.30
418feb2d-0819-472f-8ac8-4c9ca3858773,NewRichTextDocument1,1591,7d3a484a-0237-4758-94d8-c9c1ef01b425,24,1116,1116,4206,1495,4.73,1.72,2.09,8.54
418feb2d-0819-472f-8ac8-4c9ca3858773,NewRichTextDocument1,1592,408bf4db-5fc0-4ce7-b978-0cf4e06670a8,24,1107,1107,4227,1495,4.74,1.70,2.08,8.52
418feb2d-0819-472f-8ac8-4c9ca3858773,NewRichTextDocument1,1593,e922377a-f9e8-454d-bfbf-9d40a102d683,24,1276,1276,4542,1715,5.13,1.94,2.37,9.44
418feb2d-0819-472f-8ac8-4c9ca3858773,NewRichTextDocument1,1594,2bad813b-10a3-4483-b972-01f028305d06,24,1143,1143,4331,1560,4.88,1.78,2.18,8.84
418feb2d-0819-472f-8ac8-4c9ca3858773,NewRichTextDocument1,1595,58a2e314-1866-4ac7-8a99-863a8ac049ee,24,1024,1024,4104,1404,4.57,1.56,1.93,8.06
418feb2d-0819-472f-8ac8-4c9ca3858773,NewRichTextDocument1,1596,44984b0a-10bb-4f96-b285-11663d409b50,24,882,882,3852,1225,4.22,1.32,1.65,7.19
418feb2d-0819-472f-8ac8-4c9ca3858773,NewRichTextDocument1,1597,566582a3-5103-4b02-ba05-e400cb2bd963,24,1287,1287,4302,1644,4.92,1.98,2.32,9.22
418feb2d-0819-472f-8ac8-4c9ca3858773,NewRichTextDocument1,1598,03dc9b09-6786-40fc-93cd-6100c2affad6,24,1013,1013,4074,1383,4.55,1.56,1.92,8.02
418feb2d-0819-472f-8ac8-4c9ca3858773,NewRichTextDocument1,1599,1bde61b9-0ea1-4bda-a463-2d4d46831c4e,24,897,897,3706,1197,4.12,1.38,1.67,7.17
418feb2d-0819-472f-8ac8-4c9ca3858773,NewRichTextDocument1,1600,478509cd-8f5d-4c94-91d1-88600fc947e6,24,1117,1117,4206,1627,4.75,1.74,2.24,8.73
418feb2d-0819-472f-8ac8-4c9ca3858773,NewRichTextDocument1,1601,88e89937-d839-4eb4-8a86-cbbf48850773,24,1025,1025,4114,1415,4.55,1.54,1.92,8.01
418feb2d-0819-472f-8ac8-4c9ca3858773,NewRichTextDocument1,1602,0d977136-728e-483e-9141-4ecd208ea0f5,24,1198,1198,4298,1582,4.89,1.86,2.24,8.99
418feb2d-0819-472f-8ac8-4c9ca3858773,NewRichTextDocument1,1603,33f120a6-6733-4dfc-bbcf-e31d1fd831b9,24,1031,1031,4130,1420,4.62,1.59,1.97,8.18
418feb2d-0819-472f-8ac8-4c9ca3858773,NewRichTextDocument1,1604,9db8cd54-dc88-4523-8e6b-040fe8f4d746,24,1353,1353,4370,1710,5.11,2.17,2.51,9.79
418feb2d-0819-472f-8ac8-4c9ca3858773,NewRichTextDocument1,1605,dfb14c84-b273-44ba-b829-b52f315775c9,24,1042,1042,4054,1399,4.58,1.64,1.98,8.20
418feb2d-0819-472f-8ac8-4c9ca3858773,NewRichTextDocument1,1606,b3db149b-0c70-408d-a243-5a2c96ef62c9,24,1080,1080,4131,1456,4.65,1.68,2.04,8.37
418feb2d-0819-472f-8ac8-4c9ca3858773,NewRichTextDocument1,1607,a37a93b2-9214-43c8-8828-9b3a5263594a,24,913,913,3857,1247,4.27,1.39,1.72,7.38
418feb2d-0819-472f-8ac8-4c9ca3858773,NewRichTextDocument1,1608,64ab5640-a630-4199-96a2-b49885c6b004,24,895,895,3923,1256,4.33,1.37,1.72,7.42
418feb2d-0819-472f-8ac8-4c9ca3858773,NewRichTextDocument1,1609,4bbfe4dd-75c9-4f9f-9161-47ba00d5574d,24,1022,1022,4133,1411,4.58,1.54,1.92,8.03
418feb2d-0819-472f-8ac8-4c9ca3858773,NewRichTextDocument1,1610,f48bc81a-5dcb-4eed-9c20-b8c0da2b04bd,24,1287,1287,4467,1699,5.11,2.00,2.40,9.51
418feb2d-0819-472f-8ac8-4c9ca3858773,NewRichTextDocument1,1611,133faee6-61fe-42bf-8ac2-0d7ba0cf03d8,24,797,797,3823,1158,4.14,1.19,1.54,6.87
418feb2d-0819-472f-8ac8-4c9ca3858773,NewRichTextDocument1,1612,23bb07d5-35a5-4031-b139-3dba2733cd94,24,1328,1328,4433,1718,5.09,2.06,2.44,9.58
418feb2d-0819-472f-8ac8-4c9ca3858773,NewRichTextDocument1,1613,10e2ab3b-42a6-486f-a67c-283678226389,24,954,954,3857,1280,4.32,1.49,1.81,7.62
418feb2d-0819-472f-8ac8-4c9ca3858773,NewRichTextDocument1,1614,02cf3ef5-6561-4fa7-aff3-d42d7ed2cd35,24,993,993,4023,1360,4.47,1.51,1.87,7.86
418feb2d-0819-472f-8ac8-4c9ca3858773,NewRichTextDocument1,1615,7e7cbecd-89d0-4315-b3e3-c0a63ca40fee,24,1073,1073,4104,1434,4.61,1.65,2.00,8.26
418feb2d-0819-472f-8ac8-4c9ca3858773,NewRichTextDocument1,1616,aae224b9-006b-420f-bb35-5a08c982bf5c,24,1037,1037,3962,1367,4.44,1.58,1.91,7.93
418feb2d-0819-472f-8ac8-4c9ca3858773,NewRichTextDocument1,1617,8b2d1d32-6658-45b5-a1b2-f58e480a9b2a,24,913,913,3884,1256,4.28,1.38,1.72,7.38
418feb2d-0819-472f-8ac8-4c9ca3858773,NewRichTextDocument1,1618,6f3357d8-f6be-484e-9608-a94ca6534acb,24,1124,1124,4186,1494,4.72,1.73,2.10,8.55
418feb2d-0819-472f-8ac8-4c9ca3858773,NewRichTextDocument1,1619,22586232-be74-4658-8b23-ef34eef2d4d3,24,996,996,4025,1357,4.46,1.50,1.86,7.82
418feb2d-0819-472f-8ac8-4c9ca3858773,NewRichTextDocument1,1620,79c3a3c3-eb72-441c-b41e-20f41d3ac429,24,879,879,3936,1249,4.29,1.30,1.66,7.25
418feb2d-0819-472f-8ac8-4c9ca3858773,NewRichTextDocument1,1621,ed74469f-451c-4d42-bba2-129dcc997b31,24,858,858,3944,1237,4.32,1.31,1.68,7.30
418feb2d-0819-472f-8ac8-4c9ca3858773,NewRichTextDocument1,1622,94abf725-2418-4585-83ef-38532c1df1dd,24,900,900,3957,1270,4.34,1.35,1.71,7.40
418feb2d-0819-472f-8ac8-4c9ca3858773,NewRichTextDocument1,1623,e95fe1ef-157d-4a73-a430-6c226bf39060,24,978,978,4037,1348,4.47,1.48,1.84,7.79
418feb2d-0819-472f-8ac8-4c9ca3858773,NewRichTextDocument1,1624,a5547ec3-fd6a-416e-8196-8d81cd32be05,24,867,867,3866,1219,4.22,1.29,1.63,7.14
418feb2d-0819-472f-8ac8-4c9ca3858773,NewRichTextDocument1,1625,3f4060ce-21f2-4841-8329-3c31308fb152,24,955,955,3983,1316,4.41,1.45,1.80,7.66
418feb2d-0819-472f-8ac8-4c9ca3858773,NewRichTextDocument1,1626,8d2163ce-ddd2-45f8-ab41-9709b21cb7fb,24,957,957,4045,1336,4.46,1.45,1.82,7.72
418feb2d-0819-472f-8ac8-4c9ca3858773,NewRichTextDocument1,1627,931a2269-c27e-4c48-8015-829194c3320e,24,1125,1125,4109,1472,4.60,1.69,2.02,8.31
418feb2d-0819-472f-8ac8-4c9ca3858773,NewRichTextDocument1,1628,b77a3198-318b-4f97-a852-4c5fe435a4b2,24,920,920,3890,1268,4.33,1.43,1.77,7.53
418feb2d-0819-472f-8ac8-4c9ca3858773,NewRichTextDocument1,1629,c432afa6-6be2-4eb8-b1e6-9cd3af828d08,24,938,938,3966,1299,4.40,1.44,1.79,7.64
418feb2d-0819-472f-8ac8-4c9ca3858773,NewRichTextDocument1,1630,0b29e193-ebef-4a9d-b017-68d6e304bc96,24,1003,1003,4005,1355,4.48,1.55,1.89,7.92
418feb2d-0819-472f-8ac8-4c9ca3858773,NewRichTextDocument1,1631,386995ae-eb9b-45ee-ba6d-83e9ecbc55e2,24,1209,1209,4378,1616,4.95,1.86,2.26,9.07
418feb2d-0819-472f-8ac8-4c9ca3858773,NewRichTextDocument1,1632,8173cc29-da4a-42a5-ae94-1d4e313a6bec,24,993,993,4052,1363,4.51,1.52,1.88,7.91
418feb2d-0819-472f-8ac8-4c9ca3858773,NewRichTextDocument1,1633,6d95e6d7-5c91-4080-95af-cb0c20cfb9bd,24,959,959,4133,1365,4.58,1.48,1.88,7.94
418feb2d-0819-472f-8ac8-4c9ca3858773,NewRichTextDocument1,1634,8feb4d30-39ad-46d0-8973-67a496f704a8,24,877,877,4109,1301,4.47,1.32,1.73,7.53
418feb2d-0819-472f-8ac8-4c9ca3858773,NewRichTextDocument1,1635,e38cff06-c762-4aac-ba09-3501b0276732,24,867,867,3952,1246,4.32,1.30,1.67,7.30
418feb2d-0819-472f-8ac8-4c9ca3858773,NewRichTextDocument1,1636,93f0f3c5-14ff-4a1b-a093-08d42242ab7a,24,1166,1166,4373,1581,4.97,1.84,2.25,9.07
418feb2d-0819-472f-8ac8-4c9ca3858773,NewRichTextDocument1,1637,2cfe8a22-f88a-4fff-a191-b3b08b877212,24,1017,1017,4063,1384,4.49,1.52,1.88,7.89
418feb2d-0819-472f-8ac8-4c9ca3858773,NewRichTextDocument1,1638,a3903897-a589-4f5f-9ef7-66297ca3d25d,24,1092,1092,4182,1471,4.73,1.71,2.08,8.51
418feb2d-0819-472f-8ac8-4c9ca3858773,NewRichTextDocument1,1639,c96a584c-1054-4d96-8fcc-7a86a16b07f0,24,932,932,4020,1311,4.42,1.40,1.77,7.59
418feb2d-0819-472f-8ac8-4c9ca3858773,NewRichTextDocument1,1640,b3f00537-3d27-46f6-8a32-95a851ec32e8,24,894,894,4040,1291,4.36,1.29,1.67,7.32
418feb2d-0819-472f-8ac8-4c9ca3858773,NewRichTextDocument1,1641,9e65ee0d-ca56-41ed-8e64-4d6622259b0e,24,1095,1095,4328,1519,4.83,1.67,2.09,8.59
418feb2d-0819-472f-8ac8-4c9ca3858773,NewRichTextDocument1,1642,d17fd767-d28c-4400-aafb-652bedc55979,24,1147,1147,4123,1490,4.72,1.81,2.14,8.67
418feb2d-0819-472f-8ac8-4c9ca3858773,NewRichTextDocument1,1643,fc8da834-64fb-4566-ae9d-31d9746db8a3,24,1100,1100,4377,1544,4.83,1.63,2.06,8.51
418feb2d-0819-472f-8ac8-4c9ca3858773,NewRichTextDocument1,1644,0de01984-6d14-4428-b411-3b4f2c6769c3,24,906,906,3935,1267,4.32,1.36,1.71,7.39
418feb2d-0819-472f-8ac8-4c9ca3858773,NewRichTextDocument1,1645,01d4d207-315c-44b0-bd2a-1568da264523,24,811,811,3751,1145,4.08,1.21,1.53,6.82
418feb2d-0819-472f-8ac8-4c9ca3858773,NewRichTextDocument1,1646,c1a4880f-ac44-4e7c-bc17-471fcebca74f,24,873,873,3958,1252,4.35,1.33,1.70,7.38
418feb2d-0819-472f-8ac8-4c9ca3858773,NewRichTextDocument1,1647,4955102c-9c5d-4170-aa5d-7034d9f355aa,24,907,907,4051,1304,4.45,1.38,1.77,7.60
418feb2d-0819-472f-8ac8-4c9ca3858773,NewRichTextDocument1,1648,db755972-605b-4bfa-9f75-04f4f08a7380,24,894,894,4067,1300,4.45,1.35,1.75,7.55
418feb2d-0819-472f-8ac8-4c9ca3858773,NewRichTextDocument1,1649,336a6f82-2008-4884-86f1-2a44bea6707c,24,1133,1133,4359,1557,4.87,1.72,2.13,8.71
418feb2d-0819-472f-8ac8-4c9ca3858773,NewRichTextDocument1,1650,9c431bf7-a188-4355-9de8-19f781c10d4e,24,1119,1119,4362,1548,4.92,1.75,2.17,8.84
418feb2d-0819-472f-8ac8-4c9ca3858773,NewRichTextDocument1,1651,c67c8274-69dc-49e5-8ae1-79870f7f4072,24,933,933,3990,1303,4.42,1.43,1.79,7.65
418feb2d-0819-472f-8ac8-4c9ca3858773,NewRichTextDocument1,1652,a1cda46f-2c95-4626-916b-69262f2dd4ca,24,1509,1509,4701,1920,5.55,2.44,2.84,10.83
418feb2d-0819-472f-8ac8-4c9ca3858773,NewRichTextDocument1,1653,e9119170-d561-4c9e-ae6c-6d00db4a29cd,24,1143,1143,4349,1558,4.95,1.81,2.22,8.98
418feb2d-0819-472f-8ac8-4c9ca3858773,NewRichTextDocument1,1654,b89d142f-5692-40fe-b172-f6e78add067d,24,1201,1201,4203,1553,4.87,1.93,2.28,9.08
418feb2d-0819-472f-8ac8-4c9ca3858773,NewRichTextDocument1,1655,525049f1-7924-47cd-99ab-b0e38d309aff,24,1196,1196,4374,1602,5.00,1.90,2.30,9.20
418feb2d-0819-472f-8ac8-4c9ca3858773,NewRichTextDocument1,1656,a8a7ca5f-6be0-4487-935c-f4096dc32e09,24,1187,1187,4306,1575,4.93,1.88,2.26,9.08
418feb2d-0819-472f-8ac8-4c9ca3858773,NewRichTextDocument1,1657,72ec83cf-104d-4d86-bda0-798454ee385f,24,930,930,3987,1300,4.40,1.42,1.78,7.60
418feb2d-0819-472f-8ac8-4c9ca3858773,NewRichTextDocument1,1658,712c04cf-0389-4b5c-a28b-c752f5472480,24,1522,1522,4648,1910,5.53,2.48,2.86,10.86
418feb2d-0819-472f-8ac8-4c9ca3858773,NewRichTextDocument1,1659,7fd11045-e6e2-422f-83eb-32cde6e8d420,24,1094,1094,4182,1473,4.74,1.73,2.10,8.57
418feb2d-0819-472f-8ac8-4c9ca3858773,NewRichTextDocument1,1660,af729890-5dbe-4e7a-86c0-b6c1fe3d03f5,24,1055,1055,4143,1434,4.67,1.65,2.02,8.34
418feb2d-0819-472f-8ac8-4c9ca3858773,NewRichTextDocument1,1661,e5a89212-cff8-42e9-8ef4-1b2bfeb35776,24,950,950,4095,1347,4.53,1.46,1.84,7.83
418feb2d-0819-472f-8ac8-4c9ca3858773,NewRichTextDocument1,1662,05bc7949-db89-4f87-a407-d6bf88fb6192,24,1121,1121,4201,1501,4.80,1.80,2.17,8.77
418feb2d-0819-472f-8ac8-4c9ca3858773,NewRichTextDocument1,1663,6cff906f-10c6-4b9e-90e4-7b5cc27d7d8d,24,2179,2179,4798,2815,6.32,3.77,4.39,14.48
418feb2d-0819-472f-8ac8-4c9ca3858773,NewRichTextDocument1,1664,b43fa145-21d0-468f-adb2-e7a3a37ec0cf,24,4720,4720,7142,5018,10.67,8.31,8.60,27.59
418feb2d-0819-472f-8ac8-4c9ca3858773,NewRichTextDocument1,1665,64eaf6f9-5b5f-4ca5-bde0-654f394f6f66,24,7953,7953,10466,8271,16.65,14.20,14.50,45.35
418feb2d-0819-472f-8ac8-4c9ca3858773,NewRichTextDocument1,1666,da478002-fe67-491b-b52d-5dd0bb2d5794,24,7690,7690,10147,8116,16.11,13.71,14.13,43.95
418feb2d-0819-472f-8ac8-4c9ca3858773,NewRichTextDocument1,1667,108c57de-001f-4653-bdc1-541f33c176b5,24,4385,4385,6801,4683,10.11,7.76,8.04,25.91
418feb2d-0819-472f-8ac8-4c9ca3858773,NewRichTextDocument1,1668,012dd67b-fb84-4936-bf53-c870111d0150,24,5167,5167,7579,5455,11.53,9.18,9.46,30.17
418feb2d-0819-472f-8ac8-4c9ca3858773,NewRichTextDocument1,1669,6f8e08f1-2df2-4a44-8acd-692bc669dc97,24,4563,4563,6945,4841,10.39,8.06,8.34,26.79
418feb2d-0819-472f-8ac8-4c9ca3858773,NewRichTextDocument1,1670,ad43cf8e-0a0f-4c29-9f61-0839760a5269,24,4656,4656,7039,4932,10.55,8.22,8.49,27.26
418feb2d-0819-472f-8ac8-4c9ca3858773,NewRichTextDocument1,1671,a85c9df4-2c0c-4e94-b6de-d10e9ff339f3,24,4637,4637,7017,5044,10.51,8.18,8.58,27.27
418feb2d-0819-472f-8ac8-4c9ca3858773,NewRichTextDocument1,1672,85ef09d9-3325-4a11-a55f-ecadfe5edd1d,24,5287,5287,7701,5573,11.73,9.37,9.65,30.75
418feb2d-0819-472f-8ac8-4c9ca3858773,NewRichTextDocument1,1673,a06230bb-f224-4157-a7ad-79636eead2bf,24,3614,3614,5985,3759,8.69,6.38,6.52,21.59
418feb2d-0819-472f-8ac8-4c9ca3858773,NewRichTextDocument1,1674,4c2e7850-f903-4776-8d76-95d2d35f11a2,24,2976,2976,5392,3282,7.60,5.24,5.54,18.37
418feb2d-0819-472f-8ac8-4c9ca3858773,NewRichTextDocument1,1675,88a59061-97f4-4f53-9ae8-d9e75f376f7a,24,4871,4871,7255,5282,10.95,8.62,9.02,28.58
418feb2d-0819-472f-8ac8-4c9ca3858773,NewRichTextDocument1,1676,5ba95827-a6bb-44ee-8e51-c057702c46d5,24,4160,4160,6536,4436,9.70,7.38,7.65,24.73
418feb2d-0819-472f-8ac8-4c9ca3858773,NewRichTextDocument1,1677,283d2565-7490-44bf-841f-80040a8bef51,24,3842,3842,6233,4128,9.15,6.82,7.10,23.07
418feb2d-0819-472f-8ac8-4c9ca3858773,NewRichTextDocument1,1678,7c391ebb-5168-447b-a3d2-1bf4cdb5ab7b,24,3149,3149,5511,3425,7.86,5.56,5.83,19.25
418feb2d-0819-472f-8ac8-4c9ca3858773,NewRichTextDocument1,1679,ed86a94a-2795-4958-a7e8-886b7645e74e,24,2703,2703,5055,2983,7.03,4.74,5.01,16.78
418feb2d-0819-472f-8ac8-4c9ca3858773,NewRichTextDocument1,1680,e0e29ed7-cf3b-41d0-87e2-bd7798a27f53,24,3640,3640,6089,3958,7.95,5.57,5.87,19.38
418feb2d-0819-472f-8ac8-4c9ca3858773,NewRichTextDocument1,1681,54e1b850-cc89-4ec4-aa77-9e932b898a1b,24,5248,5248,7683,5413,10.42,8.04,8.20,26.66
418feb2d-0819-472f-8ac8-4c9ca3858773,NewRichTextDocument1,1682,f7f6178f-feb0-4070-8e78-c3495c52d7cf,24,5287,5287,7782,5482,10.89,8.46,8.64,27.99
418feb2d-0819-472f-8ac8-4c9ca3858773,NewRichTextDocument1,1683,7d88c95c-f4fb-4c32-b56f-9c32ce08f712,24,3978,3978,6411,4153,8.65,6.28,6.45,21.38
418feb2d-0819-472f-8ac8-4c9ca3858773,NewRichTextDocument1,1684,fafc38e7-e097-4328-bcd3-903f9b14b5d9,24,3195,3195,5597,3360,7.23,4.88,5.04,17.15
418feb2d-0819-472f-8ac8-4c9ca3858773,NewRichTextDocument1,1685,19aebec4-daf4-48cb-887b-4f8912fcf614,24,3514,3514,5970,3702,7.70,5.31,5.49,18.50
418feb2d-0819-472f-8ac8-4c9ca3858773,NewRichTextDocument1,1686,3d21ec71-7380-44a8-a14b-e55214fbab51,24,2696,2696,5111,2871,6.52,4.17,4.33,15.01
418feb2d-0819-472f-8ac8-4c9ca3858773,NewRichTextDocument1,1687,3973edc8-5b5a-4b68-810c-9ab4d57a2318,24,4662,4662,7104,4837,9.25,6.87,7.04,23.15
418feb2d-0819-472f-8ac8-4c9ca3858773,NewRichTextDocument1,1688,fa2f9a09-6294-49d9-9d0d-48bc59a2eea4,24,4264,4264,6702,4437,9.14,6.76,6.92,22.82
418feb2d-0819-472f-8ac8-4c9ca3858773,NewRichTextDocument1,1689,602808a8-7de3-47d7-822b-255614e8baee,24,4080,4080,6456,4225,8.68,6.36,6.50,21.54
418feb2d-0819-472f-8ac8-4c9ca3858773,NewRichTextDocument1,1690,bc823c4d-371b-4919-9e3b-061d22b613fc,24,5753,5753,8243,5942,10.90,8.47,8.65,28.02
418feb2d-0819-472f-8ac8-4c9ca3858773,NewRichTextDocument1,1691,2a2ee04e-b20b-45f6-bd22-9e184898e17d,24,3432,3432,5847,3596,7.76,5.41,5.56,18.73
418feb2d-0819-472f-8ac8-4c9ca3858773,NewRichTextDocument1,1692,2fee3639-8dcb-466c-a39f-40234ac9e52e,24,4563,4563,7027,4748,9.60,7.21,7.38,24.19
418feb2d-0819-472f-8ac8-4c9ca3858773,NewRichTextDocument1,1693,cfa1afbd-2514-4872-b00b-c95f8e0a463e,24,2982,2982,5491,3202,6.94,4.50,4.70,16.15
418feb2d-0819-472f-8ac8-4c9ca3858773,NewRichTextDocument1,1694,9524ce19-7ce9-4b87-9dfb-918d00e5762e,24,3981,3981,6444,4171,8.71,6.32,6.49,21.52
418feb2d-0819-472f-8ac8-4c9ca3858773,NewRichTextDocument1,1695,4ae69f5c-79c8-4145-ba4c-d6eb178b8d11,24,4719,4719,7261,4942,9.58,7.11,7.31,24.00
418feb2d-0819-472f-8ac8-4c9ca3858773,NewRichTextDocument1,1696,0113bc8f-6d0b-404c-bc60-317694ceda61,24,4497,4497,6938,4672,9.45,7.08,7.24,23.77
418feb2d-0819-472f-8ac8-4c9ca3858773,NewRichTextDocument1,1697,b80ffda1-147e-4a8d-a5e3-007d29637b6a,24,10504,10504,13782,11185,21.17,18.05,18.63,57.85
418feb2d-0819-472f-8ac8-4c9ca3858773,NewRichTextDocument1,1698,8473b5c5-47d8-434d-a3df-8dfafc1b09e6,24,6953,6953,9941,7383,15.03,12.17,12.53,39.72
418feb2d-0819-472f-8ac8-4c9ca3858773,NewRichTextDocument1,1699,69e6f2ab-ad5d-46d2-a9cb-4149cfd3d51d,5,494,494,1041,656,1.41,0.88,1.04,3.33
418feb2d-0819-472f-8ac8-4c9ca3858773,NewRichTextDocument1,1700,f7cc7b13-4e99-4a63-989c-351fd7af7d9e,24,5754,5754,8820,6610,11.70,8.73,9.54,29.97
418feb2d-0819-472f-8ac8-4c9ca3858773,NewRichTextDocument1,1701,bd4593dd-8e0b-4ba7-8296-7195b1e5b3a6,24,7135,7135,10549,7758,13.76,10.46,11.03,35.25
418feb2d-0819-472f-8ac8-4c9ca3858773,NewRichTextDocument1,1702,8fc109cf-5760-49f3-bafa-779bfe1aeea2,24,9259,9259,12250,9656,18.13,15.23,15.60,48.96
418feb2d-0819-472f-8ac8-4c9ca3858773,NewRichTextDocument1,1703,31bc9ebc-1d13-4c92-a425-90fe271462a6,24,7303,7303,10230,7695,14.32,11.48,11.85,37.65
418feb2d-0819-472f-8ac8-4c9ca3858773,NewRichTextDocument1,1704,3f428b9d-69e2-4f9c-aaa5-82799dd1b3c8,24,4239,4239,6807,4469,9.53,7.03,7.25,23.81
418feb2d-0819-472f-8ac8-4c9ca3858773,NewRichTextDocument1,1705,fd8a20b8-33f9-465e-8b74-f572c6c72c1c,24,5657,5657,8606,6071,11.45,8.60,8.97,29.02
418feb2d-0819-472f-8ac8-4c9ca3858773,NewRichTextDocument1,1706,ce2dd7d6-6d85-4429-bdef-d74de42bcfcd,24,4730,4730,7542,5084,10.06,7.33,7.66,25.04
418feb2d-0819-472f-8ac8-4c9ca3858773,NewRichTextDocument1,1707,9f3e9c72-a7a0-4c68-808c-0d82d8b85852,24,4751,4751,7473,5058,10.06,7.41,7.70,25.18
418feb2d-0819-472f-8ac8-4c9ca3858773,NewRichTextDocument1,1708,f66f1369-d4d8-4093-85c6-1f659afb6965,24,4383,4383,6943,4619,9.85,7.36,7.58,24.79
418feb2d-0819-472f-8ac8-4c9ca3858773,NewRichTextDocument1,1709,bab20e53-5766-4cba-99c6-2a3660dc08ec,24,3697,3697,6299,3956,8.42,5.89,6.13,20.45
418feb2d-0819-472f-8ac8-4c9ca3858773,NewRichTextDocument1,1710,7ea25ce5-df08-40af-8266-e7b1f519436c,24,3823,3823,6450,4089,8.64,6.09,6.34,21.07
418feb2d-0819-472f-8ac8-4c9ca3858773,NewRichTextDocument1,1711,2f28a4e5-2de3-4ceb-b1c8-0ce6eac1b314,24,4520,4520,7025,4725,10.13,7.69,7.88,25.71
418feb2d-0819-472f-8ac8-4c9ca3858773,NewRichTextDocument1,1712,16825abc-05a2-47db-b12b-722f1fbda63f,24,6847,6847,9693,7183,14.01,11.25,11.56,36.83
418feb2d-0819-472f-8ac8-4c9ca3858773,NewRichTextDocument1,1713,2811020b-f10c-4348-90e7-b1c46c48c248,24,3804,3804,6184,3954,8.88,6.55,6.70,22.13
418feb2d-0819-472f-8ac8-4c9ca3858773,NewRichTextDocument1,1714,dcc019eb-1ba5-407a-9008-839cc9e2f92d,24,4443,4443,6905,4628,10.07,7.67,7.84,25.58
418feb2d-0819-472f-8ac8-4c9ca3858773,NewRichTextDocument1,1715,e26abc09-ea3d-41a9-bc7d-a766ef1be429,24,6836,6836,9523,7117,14.18,11.57,11.83,37.57
418feb2d-0819-472f-8ac8-4c9ca3858773,NewRichTextDocument1,1716,b26d89ea-167a-4626-a542-d4eaca1865ae,24,4582,4582,7127,4809,10.07,7.59,7.80,25.45
418feb2d-0819-472f-8ac8-4c9ca3858773,NewRichTextDocument1,1717,57a73ee9-c167-4a64-a829-23ca7645b7f9,24,6575,6575,9128,6792,13.67,11.19,11.39,36.25
418feb2d-0819-472f-8ac8-4c9ca3858773,NewRichTextDocument1,1718,220b3186-d56d-4431-83a7-6678ee2c83bc,24,3998,3998,6509,4215,9.23,6.79,6.99,23.02
418feb2d-0819-472f-8ac8-4c9ca3858773,NewRichTextDocument1,1719,49ed2024-0bb0-4734-88d6-90cff7e4e521,24,2239,2239,4676,2423,6.17,3.80,3.97,13.94
418feb2d-0819-472f-8ac8-4c9ca3858773,NewRichTextDocument1,1720,b482988a-5600-48d3-9ad2-a0fb818162a4,24,3535,3535,6002,3726,8.42,6.01,6.19,20.62
418feb2d-0819-472f-8ac8-4c9ca3858773,NewRichTextDocument1,1721,4d495e9c-5d07-4762-9a69-5f169b451eca,24,6336,6336,9136,6677,12.93,10.21,10.53,33.67
418feb2d-0819-472f-8ac8-4c9ca3858773,NewRichTextDocument1,1722,e8133b0e-6c08-4fd9-8535-e4c995a38318,24,3622,3622,6145,3838,8.49,6.04,6.24,20.77
418feb2d-0819-472f-8ac8-4c9ca3858773,NewRichTextDocument1,1723,28aae525-2028-4ae5-ab36-b10c08cbf9ff,24,5295,5295,8181,5666,11.22,8.42,8.76,28.39
418feb2d-0819-472f-8ac8-4c9ca3858773,NewRichTextDocument1,1724,15746e87-63ea-440a-81bf-24f727e4be79,24,4161,4161,6739,4404,9.22,6.71,6.94,22.87
418feb2d-0819-472f-8ac8-4c9ca3858773,NewRichTextDocument1,1725,146451ac-90e8-429d-8dca-0bb28f100c22,24,4218,4218,6689,4408,9.48,7.07,7.25,23.81
418feb2d-0819-472f-8ac8-4c9ca3858773,NewRichTextDocument1,1726,6f6b5574-5678-42fd-91cf-276aa67cb017,24,2576,2576,5101,2808,6.75,4.30,4.51,15.57
418feb2d-0819-472f-8ac8-4c9ca3858773,NewRichTextDocument1,1727,f718e0d0-bf12-4d8f-a6b8-90c480f0cc30,24,6616,6616,9179,6837,13.70,11.20,11.42,36.32
418feb2d-0819-472f-8ac8-4c9ca3858773,NewRichTextDocument1,1728,dd550170-605d-46f9-aa47-6fed058eb963,24,5931,5931,8546,6181,12.59,10.05,10.28,32.92
418feb2d-0819-472f-8ac8-4c9ca3858773,NewRichTextDocument1,1729,94ac37d5-96b9-4fe0-9980-b8f03cd68d11,24,5202,5202,8767,5767,11.98,8.51,9.05,29.54
418feb2d-0819-472f-8ac8-4c9ca3858773,NewRichTextDocument1,1730,3c75f876-785a-45c5-82cd-8d8435be2c97,24,2396,2396,4797,2568,6.49,4.15,4.31,14.95
418feb2d-0819-472f-8ac8-4c9ca3858773,NewRichTextDocument1,1731,32e321bc-bb37-4594-8989-0bc6a5b12729,24,4445,4445,6927,4640,10.04,7.63,7.81,25.47
418feb2d-0819-472f-8ac8-4c9ca3858773,NewRichTextDocument1,1732,bde2bd05-6fad-4c08-9b68-2f2d421220a7,24,4653,4653,7300,4897,10.76,8.18,8.41,27.36
418feb2d-0819-472f-8ac8-4c9ca3858773,NewRichTextDocument1,1733,eb6f4720-2cb8-445c-9588-13521562e911,24,3620,3620,6257,3883,8.58,6.01,6.26,20.85
418feb2d-0819-472f-8ac8-4c9ca3858773,NewRichTextDocument1,1734,c33c1ba2-7b11-429a-b9b2-9611af0e94b8,24,4028,4028,6575,4252,9.27,6.79,7.00,23.06
418feb2d-0819-472f-8ac8-4c9ca3858773,NewRichTextDocument1,1735,5bc06e49-8880-4060-af12-cf3f4d1903a2,24,5358,5358,7970,5593,11.46,8.92,9.14,29.53
418feb2d-0819-472f-8ac8-4c9ca3858773,NewRichTextDocument1,1736,f8f33812-ab8a-47c9-91eb-2afffc5c98dc,24,6755,6755,9539,7082,13.74,11.03,11.34,36.11
418feb2d-0819-472f-8ac8-4c9ca3858773,NewRichTextDocument1,1737,810abcf8-c9a1-4901-84f7-ace559b2955a,24,9858,9858,12606,10146,19.49,16.82,17.09,53.40
418feb2d-0819-472f-8ac8-4c9ca3858773,NewRichTextDocument1,1738,ff617fcd-dac0-48ea-a823-c6d612731e0f,24,8679,8679,11431,8976,17.26,14.59,14.87,46.72
418feb2d-0819-472f-8ac8-4c9ca3858773,NewRichTextDocument1,1739,13826a1f-ad3e-4563-8749-14f0454d68c1,24,3441,3441,5960,3658,7.99,5.54,5.75,19.28
418feb2d-0819-472f-8ac8-4c9ca3858773,NewRichTextDocument1,1740,ab8e34b6-906f-450f-aeae-e5854f79d459,24,7333,7333,10257,7720,14.80,11.97,12.32,39.10
418feb2d-0819-472f-8ac8-4c9ca3858773,NewRichTextDocument1,1741,379696fd-b3cc-4b80-9ffa-347b3228cb01,24,14231,14231,20552,16194,22.84,16.92,18.58,58.34
418feb2d-0819-472f-8ac8-4c9ca3858773,NewRichTextDocument1,1742,3b4600f3-e513-48a3-b3ac-21c5d3cee496,24,6254,6254,9141,6634,12.33,9.53,9.89,31.75
418feb2d-0819-472f-8ac8-4c9ca3858773,NewRichTextDocument1,1743,b8fc38d7-0ae7-4f50-828b-4dfc3b3a6a4a,24,4699,4699,7164,4882,10.43,8.02,8.20,26.65
418feb2d-0819-472f-8ac8-4c9ca3858773,NewRichTextDocument1,1744,90023e89-8151-4356-a5e2-08d0d433fc6b,24,5053,5053,7673,5296,11.09,8.54,8.77,28.39
418feb2d-0819-472f-8ac8-4c9ca3858773,NewRichTextDocument1,1745,36de6fa2-18b3-4974-8ea8-4cfdef348df7,24,6256,6256,8879,6508,13.01,10.46,10.69,34.16
418feb2d-0819-472f-8ac8-4c9ca3858773,NewRichTextDocument1,1746,2095967e-63fb-4636-a224-96f4bfc4959e,24,5018,5018,7856,5377,10.81,8.07,8.39,27.27
418feb2d-0819-472f-8ac8-4c9ca3858773,NewRichTextDocument1,1747,cfa9b551-76a4-445f-8444-8eb5c4275e4f,24,4641,4641,7303,4912,10.12,7.53,7.78,25.43
418feb2d-0819-472f-8ac8-4c9ca3858773,NewRichTextDocument1,1748,be5de415-5906-4eb8-b921-6870ed7a58f7,24,3010,3010,5421,3180,7.49,5.14,5.30,17.93
418feb2d-0819-472f-8ac8-4c9ca3858773,NewRichTextDocument1,1749,d29c3e6a-506e-4cb3-9ad2-90b5fbcd8afb,24,3250,3250,5743,3595,7.92,5.50,5.82,19.24
418feb2d-0819-472f-8ac8-4c9ca3858773,NewRichTextDocument1,1750,afe16ece-b3ff-4c23-9c24-c69b882bfae0,24,6897,6897,9414,7092,14.57,12.12,12.30,38.98
418feb2d-0819-472f-8ac8-4c9ca3858773,NewRichTextDocument1,1751,8c63ecb1-9e77-43de-b64e-6940e2b6948e,24,5368,5368,7852,5560,11.83,9.41,9.59,30.82
418feb2d-0819-472f-8ac8-4c9ca3858773,NewRichTextDocument1,1752,65da7987-9c41-47d0-8a78-1bfd3a652bb3,24,4145,4145,6572,4315,9.58,7.21,7.37,24.16
418feb2d-0819-472f-8ac8-4c9ca3858773,NewRichTextDocument1,1753,039955ee-7a4b-44ca-bcc9-118542a4cceb,24,2298,2298,4664,2453,6.19,3.88,4.03,14.11
418feb2d-0819-472f-8ac8-4c9ca3858773,NewRichTextDocument1,1754,cc4b325f-5367-429c-a45e-cc91098cde6f,24,3258,3258,5792,3488,8.13,5.67,5.88,19.69
418feb2d-0819-472f-8ac8-4c9ca3858773,NewRichTextDocument1,1755,0f772f74-95ba-4675-b3a0-0cfc029ebd92,24,4648,4648,7185,4870,9.97,7.50,7.71,25.18
418feb2d-0819-472f-8ac8-4c9ca3858773,NewRichTextDocument1,1756,0c720ed6-12b0-4d1b-a30e-719f9829184e,24,5618,5618,8118,5813,12.17,9.73,9.92,31.82
418feb2d-0819-472f-8ac8-4c9ca3858773,NewRichTextDocument1,1757,8218e787-113f-43f9-9fc6-55dd4224de6c,24,4524,4524,7181,4791,10.22,7.63,7.88,25.73
418feb2d-0819-472f-8ac8-4c9ca3858773,NewRichTextDocument1,1758,9c3215b7-cabb-48a0-b5cf-e3ead7b1e45c,24,3902,3902,6471,4142,8.85,6.35,6.58,21.79
418feb2d-0819-472f-8ac8-4c9ca3858773,NewRichTextDocument1,1759,d4f63375-66ac-4c33-bb81-4b3742e1e23c,24,2768,2768,5185,2943,7.12,4.77,4.93,16.82
418feb2d-0819-472f-8ac8-4c9ca3858773,NewRichTextDocument1,1760,86a6acc8-2db0-424d-9bdd-2ea62a07fcf1,24,1742,1742,4096,1892,5.23,2.93,3.08,11.24
418feb2d-0819-472f-8ac8-4c9ca3858773,NewRichTextDocument1,1761,5f6e8e76-646f-4056-94c4-4d37a78d48dd,24,2462,2462,4835,2617,6.49,4.17,4.32,14.98
418feb2d-0819-472f-8ac8-4c9ca3858773,NewRichTextDocument1,1762,bc32a752-b001-4b55-85e5-d2249382eab8,24,3069,3069,5521,3259,7.64,5.25,5.43,18.32
418feb2d-0819-472f-8ac8-4c9ca3858773,NewRichTextDocument1,1763,9f1accc2-ccbe-4dde-8331-5e4af11ad78f,24,3897,3897,6341,4079,9.08,6.70,6.87,22.65
418feb2d-0819-472f-8ac8-4c9ca3858773,NewRichTextDocument1,1764,9208deec-5fcf-4225-ba99-2f0abcd9d1f0,24,2347,2347,4749,2517,6.27,3.93,4.09,14.28
418feb2d-0819-472f-8ac8-4c9ca3858773,NewRichTextDocument1,1765,1426bc52-a435-4d42-a79e-8a6d2077d165,24,3610,3610,6018,3777,8.63,6.28,6.44,21.36
418feb2d-0819-472f-8ac8-4c9ca3858773,NewRichTextDocument1,1766,de0adb69-ba04-4234-b9c8-5db71793bf96,24,3818,3818,6228,3979,9.00,6.65,6.80,22.45
418feb2d-0819-472f-8ac8-4c9ca3858773,NewRichTextDocument1,1767,396377db-1ae8-4160-8417-cb0cb116e6da,24,3442,3442,5877,3610,8.32,5.94,6.11,20.37
418feb2d-0819-472f-8ac8-4c9ca3858773,NewRichTextDocument1,1768,1c29418f-2975-4f31-8ef8-62e856f80c73,24,6561,6561,9082,6763,13.96,11.51,11.70,37.17
418feb2d-0819-472f-8ac8-4c9ca3858773,NewRichTextDocument1,1769,828574a4-9672-4931-8dd8-0cdccc17e438,24,4978,4978,7446,5157,11.07,8.67,8.83,28.57
418feb2d-0819-472f-8ac8-4c9ca3858773,NewRichTextDocument1,1770,94ef0918-d172-4e8b-9344-9932bdcfd289,24,4385,4385,6895,4589,10.03,7.59,7.78,25.41
418feb2d-0819-472f-8ac8-4c9ca3858773,NewRichTextDocument1,1771,0b56dfa4-8e89-4ac7-8799-4c5edf1d8b3b,24,6945,6945,9582,7190,14.73,12.17,12.40,39.30
418feb2d-0819-472f-8ac8-4c9ca3858773,NewRichTextDocument1,1772,65807e11-930c-4aea-a0b1-eeb5b0f6245f,24,6831,6831,9356,7033,14.42,11.96,12.15,38.54
418feb2d-0819-472f-8ac8-4c9ca3858773,NewRichTextDocument1,1773,44379dc5-64ef-4e7e-855f-76e2c0be3127,24,7794,7794,10615,8130,15.53,12.79,13.11,41.43
418feb2d-0819-472f-8ac8-4c9ca3858773,NewRichTextDocument1,1774,cf9f03e4-1bc6-4024-92af-7bf16e0c7aa7,24,6523,6523,9469,6921,13.24,10.38,10.75,34.36
418feb2d-0819-472f-8ac8-4c9ca3858773,NewRichTextDocument1,1775,5314e9bb-3263-4998-9ad3-fc1cf1795a51,24,3787,3787,6516,4096,8.39,5.74,6.03,20.15
418feb2d-0819-472f-8ac8-4c9ca3858773,NewRichTextDocument1,1776,074c4ea5-5bc4-4bba-8dba-691d55e48ea2,24,3221,3221,5726,3435,7.80,5.36,5.56,18.73
418feb2d-0819-472f-8ac8-4c9ca3858773,NewRichTextDocument1,1777,110c3833-1832-43ea-be9a-49e91e748c75,24,5766,5766,8695,6161,12.08,9.24,9.60,30.92
418feb2d-0819-472f-8ac8-4c9ca3858773,NewRichTextDocument1,1778,5b2ee0b0-3cee-4ca3-b059-959f0bdadfe8,24,5625,5625,8449,5974,12.14,9.40,9.72,31.25
418feb2d-0819-472f-8ac8-4c9ca3858773,NewRichTextDocument1,1779,c6ac3797-3190-41c5-a18d-3fc29edbf616,24,3178,3178,5682,3387,7.85,5.41,5.61,18.87
418feb2d-0819-472f-8ac8-4c9ca3858773,NewRichTextDocument1,1780,3f390e16-5df3-4e84-a7b7-c2b801719620,24,3333,3333,5715,3488,8.12,5.80,5.95,19.87
418feb2d-0819-472f-8ac8-4c9ca3858773,NewRichTextDocument1,1781,9d4ab648-c021-4fe3-b37e-2d9c704ac779,24,8238,8238,11102,8593,16.53,13.76,14.08,44.38
418feb2d-0819-472f-8ac8-4c9ca3858773,NewRichTextDocument1,1782,8f597103-a9ba-403e-b77a-5c17dc0c617e,24,6399,6399,8898,6588,13.59,11.16,11.34,36.09
418feb2d-0819-472f-8ac8-4c9ca3858773,NewRichTextDocument1,1783,be18b8cf-fd13-4eba-b4ea-72d1c0b4160d,24,3682,3682,6230,3913,8.49,6.00,6.23,20.72
418feb2d-0819-472f-8ac8-4c9ca3858773,NewRichTextDocument1,1784,17139872-8f92-42d6-909e-2e5eec2fc8c6,24,6490,6490,9039,6709,13.89,11.42,11.62,36.93
418feb2d-0819-472f-8ac8-4c9ca3858773,NewRichTextDocument1,1785,622b39e1-c910-439c-85b9-0a2591105aaa,24,9848,9848,12656,10164,20.01,17.29,17.57,54.87
418feb2d-0819-472f-8ac8-4c9ca3858773,NewRichTextDocument1,1786,6a4dede1-f408-479c-9bfc-56c007e19bab,24,9913,9913,12761,10237,20.20,17.44,17.73,55.38
418feb2d-0819-472f-8ac8-4c9ca3858773,NewRichTextDocument1,1787,53055719-2cd0-4064-9047-3dd2a8d2431c,24,11157,11157,14041,11503,22.36,19.58,19.88,61.83
418feb2d-0819-472f-8ac8-4c9ca3858773,NewRichTextDocument1,1788,c132f545-83d1-4032-90b0-c8296a21f737,24,6065,6065,8657,6293,13.19,10.67,10.88,34.73
418feb2d-0819-472f-8ac8-4c9ca3858773,NewRichTextDocument1,1789,842113b2-d234-467e-83d7-65ea51693846,24,4681,4681,7122,4858,10.51,8.13,8.30,26.94
418feb2d-0819-472f-8ac8-4c9ca3858773,NewRichTextDocument1,1790,ac8b7e64-1c35-4784-8621-a0ae2cb7fe67,24,3708,3708,6128,3878,8.80,6.44,6.61,21.85
418feb2d-0819-472f-8ac8-4c9ca3858773,NewRichTextDocument1,1791,255f43ef-2bc3-44bb-8c41-62aded6ebc84,24,5140,5140,7620,5324,11.41,9.00,9.17,29.58
418feb2d-0819-472f-8ac8-4c9ca3858773,NewRichTextDocument1,1792,6c6e0b90-baae-478c-9951-2cace1372c31,24,9476,9476,12313,9948,19.09,16.35,16.78,52.22
418feb2d-0819-472f-8ac8-4c9ca3858773,NewRichTextDocument1,1793,92a5e658-1eaf-4ce7-adac-c2ec873d080e,24,9351,9351,12222,9701,18.38,15.59,15.92,49.89
418feb2d-0819-472f-8ac8-4c9ca3858773,NewRichTextDocument1,1794,eb5be453-9c1c-4641-a804-1cdc2751e56f,24,14169,14169,17563,14715,27.43,24.17,24.64,76.24
418feb2d-0819-472f-8ac8-4c9ca3858773,NewRichTextDocument1,1795,03a62a0b-4e32-4b2a-8932-5436d73e6e37,24,4917,4917,7641,5218,10.95,8.31,8.58,27.84
418feb2d-0819-472f-8ac8-4c9ca3858773,NewRichTextDocument1,1796,2086ca11-efd0-4d04-8c7d-a4eb291faf25,24,4246,4246,6761,4463,9.78,7.33,7.53,24.64
418feb2d-0819-472f-8ac8-4c9ca3858773,NewRichTextDocument1,1797,4faf94f0-351c-4ced-b89c-39e8562168cf,24,4198,4198,6800,4452,9.31,6.78,7.02,23.12
418feb2d-0819-472f-8ac8-4c9ca3858773,NewRichTextDocument1,1798,6c1cea32-be55-4157-95d5-a86ecce193aa,24,5999,5999,8653,6257,12.71,10.13,10.37,33.20
418feb2d-0819-472f-8ac8-4c9ca3858773,NewRichTextDocument1,1799,8cc66910-d2b4-4f4b-adc7-532a5154f0c3,24,9180,9180,12148,9561,17.90,15.02,15.37,48.28
418feb2d-0819-472f-8ac8-4c9ca3858773,NewRichTextDocument1,1800,935c10bb-3d26-474e-ae9d-44f44563ffc5,24,5003,5003,7675,5287,10.91,8.32,8.58,27.82
418feb2d-0819-472f-8ac8-4c9ca3858773,NewRichTextDocument1,1801,3ba9f3f0-2324-4b8d-89eb-14877e87394b,24,6212,6212,8829,6450,13.11,10.57,10.79,34.47
418feb2d-0819-472f-8ac8-4c9ca3858773,NewRichTextDocument1,1802,57c3673d-4411-4138-9de5-98036c382480,24,5095,5095,7703,5351,11.06,8.53,8.76,28.36
418feb2d-0819-472f-8ac8-4c9ca3858773,NewRichTextDocument1,1803,d4994698-482a-45b8-b1b5-2ade57e4e502,24,4977,4977,7704,5284,10.43,7.79,8.07,26.29
418feb2d-0819-472f-8ac8-4c9ca3858773,NewRichTextDocument1,1804,c5aea7d3-86ce-4b3b-acc3-4d5c8b380c45,24,4781,4781,7452,5065,10.47,7.87,8.13,26.47
418feb2d-0819-472f-8ac8-4c9ca3858773,NewRichTextDocument1,1805,b22ec74d-17da-469e-88d0-bea645ce0546,24,2658,2658,5033,2813,6.77,4.46,4.61,15.83
418feb2d-0819-472f-8ac8-4c9ca3858773,NewRichTextDocument1,1806,a4a6c9c6-f8c7-472c-92e5-7a5ed4c94f91,24,6321,6321,8928,6553,13.45,10.92,11.13,35.50
418feb2d-0819-472f-8ac8-4c9ca3858773,NewRichTextDocument1,1807,687254da-4f93-45e8-b279-21fc0bc92aaf,24,6176,6176,8730,6386,13.23,10.74,10.94,34.92
418feb2d-0819-472f-8ac8-4c9ca3858773,NewRichTextDocument1,1808,ec0ef272-7ada-4232-bf51-bed13602b7d8,24,2604,2604,4999,2769,6.75,4.41,4.57,15.73
418feb2d-0819-472f-8ac8-4c9ca3858773,NewRichTextDocument1,1809,6f252dd7-6721-43e0-9aed-463089231da3,24,8443,8443,11149,8719,17.32,14.70,14.95,46.97
418feb2d-0819-472f-8ac8-4c9ca3858773,NewRichTextDocument1,1810,9aa3c275-ebfd-4bfc-a8db-9129cd14c4b5,24,6537,6537,9150,6782,14.12,11.58,11.80,37.51
418feb2d-0819-472f-8ac8-4c9ca3858773,NewRichTextDocument1,1811,69f29324-eefd-405c-9ef5-31579b002e7d,24,7343,7343,9935,7569,15.45,12.93,13.13,41.51
418feb2d-0819-472f-8ac8-4c9ca3858773,NewRichTextDocument1,1812,807665bf-b49e-4c26-90c2-042a3a938e5c,24,6703,6703,9326,6953,14.21,11.66,11.89,37.76
418feb2d-0819-472f-8ac8-4c9ca3858773,NewRichTextDocument1,1813,6a5421e2-f941-4649-94fb-60ae1a60b5c6,24,6715,6715,9239,6915,13.99,11.53,11.72,37.23
418feb2d-0819-472f-8ac8-4c9ca3858773,NewRichTextDocument1,1814,ab2b1bfc-2cbe-4314-86e0-338e5b80ba7c,24,6115,6115,8590,6297,13.07,10.65,10.83,34.54
418feb2d-0819-472f-8ac8-4c9ca3858773,NewRichTextDocument1,1815,e3359edc-6551-473a-a4e6-5cca2cd87bc0,24,5988,5988,8420,6148,12.89,10.52,10.67,34.07
418feb2d-0819-472f-8ac8-4c9ca3858773,NewRichTextDocument1,1816,17483904-44df-4311-9712-b3c65e99645d,24,9320,9320,12033,9597,18.00,15.37,15.62,48.99
418feb2d-0819-472f-8ac8-4c9ca3858773,NewRichTextDocument1,1817,f83a5d9f-e290-4c83-9803-c729311b8608,24,9425,9425,12365,9805,19.08,16.25,16.58,51.90
418feb2d-0819-472f-8ac8-4c9ca3858773,NewRichTextDocument1,1818,e4f7cdd1-eadb-4ab0-a1ad-5a84342cd9d8,24,4716,4716,7219,4919,10.55,8.12,8.31,26.98
418feb2d-0819-472f-8ac8-4c9ca3858773,NewRichTextDocument1,1819,90863f2d-210a-455e-85b4-269c4141709f,24,5619,5619,8117,5815,12.21,9.78,9.97,31.96
418feb2d-0819-472f-8ac8-4c9ca3858773,NewRichTextDocument1,1820,57daf7af-02c2-49f2-9b04-eb67a517b6e4,24,7121,7121,9597,7298,14.96,12.54,12.71,40.21
418feb2d-0819-472f-8ac8-4c9ca3858773,NewRichTextDocument1,1821,e8a59ddb-63ea-4174-a4ec-26d14f8fe004,24,8008,8008,10689,8273,16.41,13.81,14.05,44.28
418feb2d-0819-472f-8ac8-4c9ca3858773,NewRichTextDocument1,1822,659c1ad1-c198-49b9-b3ad-cc34743f8e3f,24,4124,4124,6598,4321,9.54,7.13,7.32,23.99
418feb2d-0819-472f-8ac8-4c9ca3858773,NewRichTextDocument1,1823,4a2a8f54-25d8-4517-8174-3600fa614083,24,6070,6070,8655,6305,13.15,10.64,10.85,34.64
418feb2d-0819-472f-8ac8-4c9ca3858773,NewRichTextDocument1,1824,bc2f2f32-775a-48b4-aeec-a2b210a3e9cd,24,7827,7827,10514,8104,16.38,13.79,14.03,44.20
418feb2d-0819-472f-8ac8-4c9ca3858773,NewRichTextDocument1,1825,e6360bcd-85b9-446e-8ead-7ba2aa620b4d,24,3310,3310,5843,3536,8.09,5.63,5.84,19.56
418feb2d-0819-472f-8ac8-4c9ca3858773,NewRichTextDocument1,1826,4be7961a-6500-46fb-91cd-8fcd27a5359c,24,6647,6647,9199,6864,14.08,11.60,11.80,37.49
418feb2d-0819-472f-8ac8-4c9ca3858773,NewRichTextDocument1,1827,43f45eb5-a487-497a-9619-fe16b085ee32,24,6933,6933,9507,7158,14.68,12.18,12.39,39.25
418feb2d-0819-472f-8ac8-4c9ca3858773,NewRichTextDocument1,1828,8048134b-444c-4b88-8d78-0df3f2c4ac78,24,4867,4867,7481,5125,10.68,8.14,8.38,27.19
418feb2d-0819-472f-8ac8-4c9ca3858773,NewRichTextDocument1,1829,dc62de10-3971-42bb-ac9f-eecbf1ba68e1,24,4601,4601,7095,4799,10.25,7.82,8.01,26.09
418feb2d-0819-472f-8ac8-4c9ca3858773,NewRichTextDocument1,1830,8719ac7c-dac6-4d80-a39a-2ddefb79858b,24,3059,3059,5456,3488,7.60,5.26,5.67,18.53
418feb2d-0819-472f-8ac8-4c9ca3858773,NewRichTextDocument1,1831,e96ec47c-a2a0-4dc3-bc7a-851c3f1a3007,24,3827,3827,6201,3972,8.94,6.62,6.76,22.33
418feb2d-0819-472f-8ac8-4c9ca3858773,NewRichTextDocument1,1832,2fde9769-a495-45d3-9df3-cbc3f47c8900,24,4032,4032,6468,4207,9.29,6.91,7.08,23.27
418feb2d-0819-472f-8ac8-4c9ca3858773,NewRichTextDocument1,1833,9f6dc67f-0c76-4c33-bf30-0eaabfc0c586,24,3229,3229,5750,3447,7.92,5.47,5.67,19.07
418feb2d-0819-472f-8ac8-4c9ca3858773,NewRichTextDocument1,1834,37e2eb91-6671-446d-9ae7-ccf79ac61f4e,24,6703,6703,9339,6941,14.22,11.66,11.88,37.76
418feb2d-0819-472f-8ac8-4c9ca3858773,NewRichTextDocument1,1835,03efbb4a-724d-426c-9771-7e22bf2452c1,24,8872,8872,11456,9088,18.07,15.56,15.76,49.39
418feb2d-0819-472f-8ac8-4c9ca3858773,NewRichTextDocument1,1836,078d752e-f53d-43e5-b75c-4b0b2fa0a9e6,24,9938,9938,12666,10214,20.16,17.52,17.76,55.43
418feb2d-0819-472f-8ac8-4c9ca3858773,NewRichTextDocument1,1837,6c5f736a-62dc-42f2-aec1-5aa3418be669,24,5110,5110,7632,5320,11.21,8.76,8.95,28.92
418feb2d-0819-472f-8ac8-4c9ca3858773,NewRichTextDocument1,1838,7a7a890f-f3bb-43e8-816b-296cf4f3bb35,24,5534,5534,7977,5700,11.96,9.57,9.73,31.26
418feb2d-0819-472f-8ac8-4c9ca3858773,NewRichTextDocument1,1839,40240dbd-17b7-43c0-a9b6-e89e9760e5b3,24,8201,8201,11273,8640,16.82,13.85,14.24,44.91
418feb2d-0819-472f-8ac8-4c9ca3858773,NewRichTextDocument1,1840,41dee227-3b01-4b37-86dc-1596233de9a4,24,5440,5440,8015,5677,11.86,9.36,9.57,30.79
418feb2d-0819-472f-8ac8-4c9ca3858773,NewRichTextDocument1,1841,af205716-6b77-417e-9168-dccc91b73a31,24,4742,4742,7305,4974,10.28,7.78,8.00,26.06
418feb2d-0819-472f-8ac8-4c9ca3858773,NewRichTextDocument1,1842,551d30d5-d2b1-4a73-83ff-948f82c4ad83,24,6469,6469,8939,6644,13.68,11.27,11.44,36.38
418feb2d-0819-472f-8ac8-4c9ca3858773,NewRichTextDocument1,1843,ded6639d-413c-4d73-ad73-2b65cb79fd95,24,8698,8698,11379,8967,17.73,15.14,15.38,48.25
418feb2d-0819-472f-8ac8-4c9ca3858773,NewRichTextDocument1,1844,02f8493b-8a31-4027-9f9e-43897b0b28a8,24,5696,5696,8293,5939,12.29,9.77,10.00,32.06
418feb2d-0819-472f-8ac8-4c9ca3858773,NewRichTextDocument1,1845,557ca467-9dae-4be3-82ee-6bbbde663f92,24,4411,4411,6944,4633,9.79,7.32,7.53,24.64
418feb2d-0819-472f-8ac8-4c9ca3858773,NewRichTextDocument1,1846,fcfd5663-7f36-44e7-bd2a-de9e6bc478e7,24,4099,4099,6575,4293,9.25,6.84,7.03,23.12
418feb2d-0819-472f-8ac8-4c9ca3858773,NewRichTextDocument1,1847,2d18a6a4-f50f-41e9-983e-97ba1b955a29,24,3128,3128,5558,3310,7.79,5.42,5.59,18.80
418feb2d-0819-472f-8ac8-4c9ca3858773,NewRichTextDocument1,1848,5e660bb4-5021-429e-9a8a-d5f88fe751fc,24,7191,7191,9770,7418,14.99,12.49,12.69,40.17
418feb2d-0819-472f-8ac8-4c9ca3858773,NewRichTextDocument1,1849,776bf3e8-2971-4461-b527-66c7ad71fdbf,24,2914,2914,5352,3101,7.41,5.04,5.21,17.66
418feb2d-0819-472f-8ac8-4c9ca3858773,NewRichTextDocument1,1850,ac5eaa9b-1b92-4785-bdd8-c581f2dde1ac,24,3247,3247,5830,3502,8.09,5.59,5.81,19.49
418feb2d-0819-472f-8ac8-4c9ca3858773,NewRichTextDocument1,1851,1d5e5c52-6223-418d-a86b-10cdf507e4b2,24,4733,4733,7327,4985,10.53,8.01,8.24,26.77
418feb2d-0819-472f-8ac8-4c9ca3858773,NewRichTextDocument1,1852,cd4dae93-3024-420d-b4bc-9b4e495dbbaa,24,3024,3024,5473,3208,7.49,5.11,5.28,17.88
418feb2d-0819-472f-8ac8-4c9ca3858773,NewRichTextDocument1,1853,a0c3b478-2ba2-4636-a4b5-23599afeaee9,24,7945,7945,10691,8377,16.48,13.83,14.22,44.53
418feb2d-0819-472f-8ac8-4c9ca3858773,NewRichTextDocument1,1854,5b5c9221-7acb-42c5-b65d-5da81940219c,24,6306,6306,8742,6466,13.25,10.88,11.03,35.16
418feb2d-0819-472f-8ac8-4c9ca3858773,NewRichTextDocument1,1855,675c640d-8b36-4bfe-9246-34e27c2935f1,24,6451,6451,8959,6648,13.68,11.24,11.42,36.34
418feb2d-0819-472f-8ac8-4c9ca3858773,NewRichTextDocument1,1856,ca212cff-17a2-40f7-8e57-1ef4c64a85d7,24,6516,6516,9106,6745,13.76,11.25,11.46,36.47
418feb2d-0819-472f-8ac8-4c9ca3858773,NewRichTextDocument1,1857,47c56136-7459-4167-8be6-bae3506ba879,24,6629,6629,9392,6900,14.30,11.61,11.87,37.77
418feb2d-0819-472f-8ac8-4c9ca3858773,NewRichTextDocument1,1858,2c87b8b8-c67d-442b-9b4b-6cd4f4ac9fbc,24,9106,9106,11890,9407,18.56,15.86,16.14,50.56
418feb2d-0819-472f-8ac8-4c9ca3858773,NewRichTextDocument1,1859,79a69d8d-739c-41c0-be7b-12baa39ca266,24,10092,10092,13407,10641,19.64,16.44,16.94,53.03
418feb2d-0819-472f-8ac8-4c9ca3858773,NewRichTextDocument1,1860,e5e40255-96c7-490e-a9c8-caf5dde4004b,24,5077,5077,7996,5475,10.37,7.54,7.91,25.82
418feb2d-0819-472f-8ac8-4c9ca3858773,NewRichTextDocument1,1861,7d6d8406-23b6-4ec5-877d-2abeb3040aa0,24,6409,6409,8926,6605,13.60,11.14,11.33,36.07
418feb2d-0819-472f-8ac8-4c9ca3858773,NewRichTextDocument1,1862,434ee3e6-cd9f-4a7e-a3fa-d210f57a7748,24,6362,6362,9983,7086,12.48,9.03,9.65,31.16
418feb2d-0819-472f-8ac8-4c9ca3858773,NewRichTextDocument1,1863,5de9a56b-57dc-4625-ab3b-a798f5bd7c44,24,12585,12585,16847,13573,23.59,19.56,20.40,63.55
418feb2d-0819-472f-8ac8-4c9ca3858773,NewRichTextDocument1,1864,0464fc36-f7e6-4765-9f78-bd651976bb6a,24,8579,8579,11175,8794,17.64,15.12,15.32,48.08
418feb2d-0819-472f-8ac8-4c9ca3858773,NewRichTextDocument1,1865,bde66cab-6a25-426d-ab7e-26f913aa47e2,24,4824,4824,7478,5095,10.62,8.05,8.29,26.96
418feb2d-0819-472f-8ac8-4c9ca3858773,NewRichTextDocument1,1866,5bea4945-d9f8-4400-ba7a-bc0f0844f9cb,24,7435,7435,9980,7638,15.17,12.70,12.89,40.75
418feb2d-0819-472f-8ac8-4c9ca3858773,NewRichTextDocument1,1867,e18d5246-163a-492d-91cc-a169fbebd22d,24,5518,5518,8148,5761,12.09,9.54,9.76,31.39
418feb2d-0819-472f-8ac8-4c9ca3858773,NewRichTextDocument1,1868,5684134a-7279-49a2-8891-68c422b2a9f3,24,4821,4821,7593,5150,10.42,7.73,8.04,26.20
418feb2d-0819-472f-8ac8-4c9ca3858773,NewRichTextDocument1,1869,847df5b4-7bfa-49b0-8b12-64b9ba329228,24,3341,3341,5885,3570,8.13,5.66,5.87,19.66
418feb2d-0819-472f-8ac8-4c9ca3858773,NewRichTextDocument1,1870,14eb878b-994a-4767-8b30-0454f55e18a3,24,4952,4952,7418,5139,10.86,8.46,8.63,27.95
418feb2d-0819-472f-8ac8-4c9ca3858773,NewRichTextDocument1,1871,02bd9bf5-5d40-4b36-b605-8a25c1b5d1f6,24,10088,10088,12639,10274,20.30,17.81,17.99,56.10
418feb2d-0819-472f-8ac8-4c9ca3858773,NewRichTextDocument1,1872,368f3a3f-573b-4222-b486-6baf3d993bfd,24,4203,4203,6671,4393,9.68,7.28,7.45,24.41
418feb2d-0819-472f-8ac8-4c9ca3858773,NewRichTextDocument1,1873,f29759a3-0110-40de-8832-9e9e58d3e4d3,24,5884,5884,8465,6121,12.75,10.25,10.46,33.46
418feb2d-0819-472f-8ac8-4c9ca3858773,NewRichTextDocument1,1874,bba39241-5ef3-4926-9fe3-1246d3e7c6cd,24,4845,4845,7290,5022,10.77,8.39,8.56,27.71
418feb2d-0819-472f-8ac8-4c9ca3858773,NewRichTextDocument1,1875,49a02075-db7f-4334-acfd-190e887c71b3,24,5920,5920,8400,6107,12.64,10.23,10.40,33.28
418feb2d-0819-472f-8ac8-4c9ca3858773,NewRichTextDocument1,1876,3d457262-0578-4aec-8a73-ab0cd8241fc9,24,7516,7516,10142,7760,15.37,12.82,13.05,41.24
418feb2d-0819-472f-8ac8-4c9ca3858773,NewRichTextDocument1,1877,5efa3d45-378a-4e64-9bb1-2b2127714d5d,24,4630,4630,7271,4905,10.40,7.84,8.09,26.33
418feb2d-0819-472f-8ac8-4c9ca3858773,NewRichTextDocument1,1878,2fb26205-2a6b-4beb-8505-7ea553f8b81f,24,5496,5496,8059,5724,11.82,9.32,9.54,30.68
418feb2d-0819-472f-8ac8-4c9ca3858773,NewRichTextDocument1,1879,2ee0628d-fbc0-4d99-8e96-a734f645c426,24,4350,4350,6862,4559,9.82,7.37,7.57,24.75
418feb2d-0819-472f-8ac8-4c9ca3858773,NewRichTextDocument1,1880,11c86532-673d-4257-b3bc-15f7e54c782e,24,6643,6643,9062,6928,14.05,11.69,11.97,37.72
418feb2d-0819-472f-8ac8-4c9ca3858773,NewRichTextDocument1,1881,d563083f-ca91-45d5-a0a3-c0b17790cdad,24,5627,5627,8252,5889,12.37,9.83,10.06,32.27
418feb2d-0819-472f-8ac8-4c9ca3858773,NewRichTextDocument1,1882,710f2888-d008-4e3c-9201-997c547e4037,24,6411,6411,9058,6680,13.56,11.00,11.24,35.80
418feb2d-0819-472f-8ac8-4c9ca3858773,NewRichTextDocument1,1883,ea9cac9b-a986-499e-9cda-5a07a318ecbe,24,6132,6132,8768,6386,13.24,10.68,10.91,34.82
418feb2d-0819-472f-8ac8-4c9ca3858773,NewRichTextDocument1,1884,a09a6a6b-9676-4814-9793-87cebc0b0175,24,7383,7383,9963,7596,15.30,12.79,12.99,41.08
418feb2d-0819-472f-8ac8-4c9ca3858773,NewRichTextDocument1,1885,3468d604-c504-4c0d-8c66-cf559c4ff800,24,8417,8417,11396,8799,17.23,14.34,14.69,46.27
418feb2d-0819-472f-8ac8-4c9ca3858773,NewRichTextDocument1,1886,3f362fba-50ce-462d-a9cc-3b9f32494e56,24,9120,9120,11738,9352,18.57,16.03,16.24,50.84
418feb2d-0819-472f-8ac8-4c9ca3858773,NewRichTextDocument1,1887,3d8d77af-c153-4fc8-b1cc-c8dc7029eafa,24,13187,13187,16237,13596,25.45,22.50,22.87,70.82
418feb2d-0819-472f-8ac8-4c9ca3858773,NewRichTextDocument1,1888,3e45e79c-ef8e-45c7-a42b-1877b91b5088,24,11365,11365,14301,11726,22.75,19.92,20.23,62.90
418feb2d-0819-472f-8ac8-4c9ca3858773,NewRichTextDocument1,1889,b2f14f14-3b0c-406b-91f7-d7653522133c,24,8372,8372,10952,8589,17.11,14.60,14.80,46.51
418feb2d-0819-472f-8ac8-4c9ca3858773,NewRichTextDocument1,1890,4c4335ef-7a70-4061-8e78-b139c44ef258,24,6197,6197,8734,6409,13.20,10.74,10.93,34.87
418feb2d-0819-472f-8ac8-4c9ca3858773,NewRichTextDocument1,1891,eb2c9cb6-6ea4-41c1-a3bc-c6d97fb713c5,24,2483,2483,4981,2685,6.60,4.17,4.36,15.14
418feb2d-0819-472f-8ac8-4c9ca3858773,NewRichTextDocument1,1892,7f5b97d8-a792-4045-9c3d-4bc8b3872801,24,4829,4829,7382,5057,10.75,8.27,8.48,27.49
418feb2d-0819-472f-8ac8-4c9ca3858773,NewRichTextDocument1,1893,5b5c3bda-ae61-4a12-9f03-a1f417dda70b,24,2797,2797,5174,2952,7.11,4.79,4.94,16.85
418feb2d-0819-472f-8ac8-4c9ca3858773,NewRichTextDocument1,1894,cef7676a-362a-4760-84f2-717d99076712,24,6239,6239,8823,6476,13.15,10.64,10.86,34.66
418feb2d-0819-472f-8ac8-4c9ca3858773,NewRichTextDocument1,1895,3c71360e-2a1e-4f35-beae-90e9e35ec936,24,10133,10133,12807,10387,20.40,17.81,18.04,56.26
418feb2d-0819-472f-8ac8-4c9ca3858773,NewRichTextDocument1,1896,830a99ec-0b21-4ef4-91b4-1c13ed27ce9a,24,7575,7575,10256,7840,15.89,13.29,13.53,42.71
418feb2d-0819-472f-8ac8-4c9ca3858773,NewRichTextDocument1,1897,92b63482-c253-4f3c-97bf-450c5568ca26,24,7719,7719,10285,7938,16.03,13.54,13.74,43.31
418feb2d-0819-472f-8ac8-4c9ca3858773,NewRichTextDocument1,1898,facb821d-36f7-4151-8739-710b08f643df,24,6173,6173,8758,6404,13.29,10.77,10.99,35.05
418feb2d-0819-472f-8ac8-4c9ca3858773,NewRichTextDocument1,1899,1e371337-f5d5-4c18-83dc-c61beb70761d,24,5562,5562,8260,5855,11.79,9.17,9.44,30.39
418feb2d-0819-472f-8ac8-4c9ca3858773,NewRichTextDocument1,1900,63ef91df-0b6c-4322-9016-7a95cb04a067,24,5489,5489,7997,5689,11.86,9.42,9.60,30.88
418feb2d-0819-472f-8ac8-4c9ca3858773,NewRichTextDocument1,1901,87795409-64d4-4108-bf93-59c4f0bf0be3,24,5546,5546,8083,5763,12.08,9.61,9.81,31.50
418feb2d-0819-472f-8ac8-4c9ca3858773,NewRichTextDocument1,1902,ecb735e4-8404-4dd5-beb3-592d95f7e9de,24,3644,3644,6131,3843,8.64,6.22,6.41,21.27
418feb2d-0819-472f-8ac8-4c9ca3858773,NewRichTextDocument1,1903,eafdc0a0-a0ab-4876-abb8-5ea9d904eb7e,24,3764,3764,6332,3997,8.93,6.43,6.65,22.00
418feb2d-0819-472f-8ac8-4c9ca3858773,NewRichTextDocument1,1904,e0f3878a-23f2-4412-8b38-40b9f1cd01ba,24,7832,7832,10516,8099,16.26,13.66,13.90,43.82
418feb2d-0819-472f-8ac8-4c9ca3858773,NewRichTextDocument1,1905,0144cab5-0000-4ee0-b0fa-a584ea265551,24,15362,15362,18136,15758,29.38,26.68,27.05,83.11
418feb2d-0819-472f-8ac8-4c9ca3858773,NewRichTextDocument1,1906,54a15758-1bb0-4a73-a1f0-459729be6dce,24,7156,7156,9784,7396,15.04,12.49,12.71,40.23
418feb2d-0819-472f-8ac8-4c9ca3858773,NewRichTextDocument1,1907,654e0de2-2c2a-4275-af22-eae4810e921b,24,5873,5873,8383,6069,12.70,10.26,10.44,33.39
418feb2d-0819-472f-8ac8-4c9ca3858773,NewRichTextDocument1,1908,44b9c2a9-fa2b-4671-8a53-d0c926c8e6e5,24,4552,4552,6946,4704,10.24,7.90,8.05,26.18
418feb2d-0819-472f-8ac8-4c9ca3858773,NewRichTextDocument1,1909,fd9bf4cd-7738-47c2-b51d-10a6ccef5bcd,24,3881,3881,6273,4036,9.01,6.68,6.83,22.52
418feb2d-0819-472f-8ac8-4c9ca3858773,NewRichTextDocument1,1910,363c58f8-3984-47eb-acdd-c391ba87a6a9,24,8248,8248,10882,8495,16.97,14.41,14.63,46.01
418feb2d-0819-472f-8ac8-4c9ca3858773,NewRichTextDocument1,1911,d9cdd502-f37e-46af-94b4-74c8dfc957c3,24,6570,6570,9030,6742,13.90,11.50,11.66,37.06
418feb2d-0819-472f-8ac8-4c9ca3858773,NewRichTextDocument1,1912,53a46c9e-a263-45c0-a26c-7fc53fbf0f91,24,5160,5160,7610,5335,11.38,9.00,9.16,29.55
418feb2d-0819-472f-8ac8-4c9ca3858773,NewRichTextDocument1,1913,9b045c19-2bbf-4b1a-9855-c2e85ec38394,24,7005,7005,9572,7227,14.68,12.19,12.39,39.26
418feb2d-0819-472f-8ac8-4c9ca3858773,NewRichTextDocument1,1914,a04e7748-a5b8-4124-8d55-333eaa11dee1,24,7962,7962,10502,8150,16.39,13.92,14.09,44.40
418feb2d-0819-472f-8ac8-4c9ca3858773,NewRichTextDocument1,1915,d7fc6499-fa14-4e37-8276-abd679ef99e8,24,5801,5801,8411,6045,12.63,10.10,10.32,33.06
418feb2d-0819-472f-8ac8-4c9ca3858773,NewRichTextDocument1,1916,6c002ab4-60ad-4c5d-a539-8f9606b72d30,24,6820,6820,9434,7061,14.36,11.83,12.05,38.24
418feb2d-0819-472f-8ac8-4c9ca3858773,NewRichTextDocument1,1917,94a214db-97bd-4c7e-955c-0b9df24b235f,24,3714,3714,6290,3948,8.93,6.42,6.64,21.99
418feb2d-0819-472f-8ac8-4c9ca3858773,NewRichTextDocument1,1918,178820c4-117f-4759-8245-1b327d467194,24,4549,4549,7168,4810,10.30,7.76,8.00,26.06
418feb2d-0819-472f-8ac8-4c9ca3858773,NewRichTextDocument1,1919,9fb7ca0a-ed82-4d52-82a5-e33662a30677,24,3142,3142,5522,3297,7.66,5.34,5.49,18.49
418feb2d-0819-472f-8ac8-4c9ca3858773,NewRichTextDocument1,1920,d496666c-5670-49d8-9604-2df0c099ac36,24,4987,4987,7406,5147,10.96,8.60,8.76,28.32
418feb2d-0819-472f-8ac8-4c9ca3858773,NewRichTextDocument1,1921,42b52137-a503-43f5-bd3d-72729f6e6506,24,5417,5417,7924,5617,11.91,9.48,9.66,31.05
418feb2d-0819-472f-8ac8-4c9ca3858773,NewRichTextDocument1,1922,72498af0-e00e-4cde-a49d-470d332d3c4f,24,4432,4432,6909,4629,10.10,7.69,7.88,25.67
418feb2d-0819-472f-8ac8-4c9ca3858773,NewRichTextDocument1,1923,af1db8cf-65bb-40e0-bfb8-064feff73231,24,2655,2655,5120,2855,6.88,4.48,4.67,16.03
418feb2d-0819-472f-8ac8-4c9ca3858773,NewRichTextDocument1,1924,260119ab-176e-4343-a0a2-13571d306ecd,24,4225,4225,6736,4430,9.71,7.26,7.45,24.42
418feb2d-0819-472f-8ac8-4c9ca3858773,NewRichTextDocument1,1925,df3072d7-e110-410f-81ab-2300f1d203db,24,2967,2967,5504,3184,7.52,5.05,5.25,17.83
418feb2d-0819-472f-8ac8-4c9ca3858773,NewRichTextDocument1,1926,f3b260bc-12d9-4794-ad42-d84fda36d739,24,7567,7567,10066,7877,15.75,13.31,13.61,42.67
418feb2d-0819-472f-8ac8-4c9ca3858773,NewRichTextDocument1,1927,87321db7-be43-461d-beb7-0bfce72c49cd,24,16181,16181,19126,16503,31.06,28.21,28.50,87.77
418feb2d-0819-472f-8ac8-4c9ca3858773,NewRichTextDocument1,1928,2693b697-89f9-446d-a5e3-336a6613dd54,24,6762,6762,9349,6994,14.12,11.61,11.82,37.56
418feb2d-0819-472f-8ac8-4c9ca3858773,NewRichTextDocument1,1929,1bd8c4ef-a229-4b8b-bee3-93e5e9218946,24,4817,4817,7324,5014,10.60,8.15,8.34,27.09
418feb2d-0819-472f-8ac8-4c9ca3858773,NewRichTextDocument1,1930,c1f987fc-746d-44d7-a7b6-01e2db76a7bc,24,2999,2999,5579,3255,7.38,4.88,5.11,17.37
418feb2d-0819-472f-8ac8-4c9ca3858773,NewRichTextDocument1,1931,83c4c775-b2e3-4f23-8567-395229e65d8c,24,5881,5881,8608,6173,12.64,10.00,10.26,32.90
418feb2d-0819-472f-8ac8-4c9ca3858773,NewRichTextDocument1,1932,6d326733-42bf-4ebe-8ee3-d58b09b6aaeb,24,7903,7903,10722,8242,15.90,13.17,13.48,42.56
418feb2d-0819-472f-8ac8-4c9ca3858773,NewRichTextDocument1,1933,7137a2a1-b3b7-4de2-a2e9-c1800597cbd1,24,10642,10642,13249,10859,20.95,18.42,18.61,57.98
418feb2d-0819-472f-8ac8-4c9ca3858773,NewRichTextDocument1,1934,b8cb22c2-6984-4e19-8045-24adc9aee0ed,24,5278,5278,7820,5500,11.59,9.12,9.32,30.03
418feb2d-0819-472f-8ac8-4c9ca3858773,NewRichTextDocument1,1935,0b34259f-de71-4323-a833-534eeaadd67a,24,7369,7369,9981,7611,15.30,12.76,12.98,41.04
418feb2d-0819-472f-8ac8-4c9ca3858773,NewRichTextDocument1,1936,224b073c-45d6-443f-820e-ee70ef415892,24,7476,7476,9958,7651,15.36,12.94,13.11,41.41
418feb2d-0819-472f-8ac8-4c9ca3858773,NewRichTextDocument1,1937,51b21aa4-2674-4227-9e20-f7afdd285e18,24,10125,10125,13095,10515,20.36,17.50,17.84,55.70
418feb2d-0819-472f-8ac8-4c9ca3858773,NewRichTextDocument1,1938,ab72bf72-75f6-4f2a-abbd-5366f5ac0b64,24,7415,7415,10312,7793,14.99,12.18,12.53,39.69
418feb2d-0819-472f-8ac8-4c9ca3858773,NewRichTextDocument1,1939,d43cb413-da7c-4de2-9c5d-42f810165dcd,24,5619,5619,8218,5866,12.04,9.52,9.74,31.30
418feb2d-0819-472f-8ac8-4c9ca3858773,NewRichTextDocument1,1940,ce0c8848-602a-4334-86b6-9b0fd188ba84,24,5016,5016,7726,5323,11.13,8.51,8.78,28.42
418feb2d-0819-472f-8ac8-4c9ca3858773,NewRichTextDocument1,1941,0275858c-a1dd-405b-bfa9-bd2748b8e786,24,3719,3719,6404,4008,9.01,6.41,6.67,22.10
418feb2d-0819-472f-8ac8-4c9ca3858773,NewRichTextDocument1,1942,82e20f6b-c439-4cd1-a38f-01cd60958670,24,3151,3151,5674,3364,7.77,5.32,5.51,18.60
418feb2d-0819-472f-8ac8-4c9ca3858773,NewRichTextDocument1,1943,3488ac5e-3809-4b52-9e78-c327f399cde9,24,3032,3032,5464,3212,7.54,5.18,5.34,18.06
418feb2d-0819-472f-8ac8-4c9ca3858773,NewRichTextDocument1,1944,b77754df-0249-47aa-be90-d4d23d97a46b,24,4082,4082,6606,4304,9.57,7.12,7.32,24.01
418feb2d-0819-472f-8ac8-4c9ca3858773,NewRichTextDocument1,1945,c9356314-1d42-4613-b5a6-0e14e2449031,24,4899,4899,7446,5124,10.80,8.33,8.54,27.67
418feb2d-0819-472f-8ac8-4c9ca3858773,NewRichTextDocument1,1946,88e19968-b810-48b2-bf3c-bf6ab2da3e11,24,2645,2645,5050,2817,6.81,4.47,4.63,15.91
418feb2d-0819-472f-8ac8-4c9ca3858773,NewRichTextDocument1,1947,4f9db064-0df6-4852-85d7-9e2f1196226f,24,3427,3427,5822,3587,8.16,5.83,5.98,19.96
418feb2d-0819-472f-8ac8-4c9ca3858773,NewRichTextDocument1,1948,fed2e860-3be6-4462-b7ae-35cf26027994,24,3914,3914,6356,4096,9.11,6.73,6.90,22.75
418feb2d-0819-472f-8ac8-4c9ca3858773,NewRichTextDocument1,1949,e124af5d-6e59-4819-8712-f75e334dd447,24,6130,6130,8734,6377,13.23,10.71,10.93,34.87
418feb2d-0819-472f-8ac8-4c9ca3858773,NewRichTextDocument1,1950,3b1b0a2d-b26c-4875-a63d-15157310679d,24,4467,4467,6908,4644,10.04,7.66,7.83,25.52
418feb2d-0819-472f-8ac8-4c9ca3858773,NewRichTextDocument1,1951,e75e91a7-7f53-4a55-95b8-b1b1f5dfd82d,24,4365,4365,6847,4554,9.80,7.38,7.56,24.73
418feb2d-0819-472f-8ac8-4c9ca3858773,NewRichTextDocument1,1952,e11c89d6-9199-423a-977c-3cb57e16a209,24,4987,4987,7457,5173,10.97,8.57,8.74,28.29
418feb2d-0819-472f-8ac8-4c9ca3858773,NewRichTextDocument1,1953,7c34c702-c24d-433e-87c4-6cd00b0a9cba,24,4309,4309,6736,4479,9.67,7.31,7.47,24.45
418feb2d-0819-472f-8ac8-4c9ca3858773,NewRichTextDocument1,1954,8b4bd798-8af1-4f85-93ca-ad63d56ab1ea,24,3341,3341,5745,3508,8.05,5.71,5.87,19.64
418feb2d-0819-472f-8ac8-4c9ca3858773,NewRichTextDocument1,1955,775c5b40-28b4-4975-acc8-e167915fa95c,24,7321,7321,9871,7798,15.19,12.71,13.17,41.06
418feb2d-0819-472f-8ac8-4c9ca3858773,NewRichTextDocument1,1956,14fae43f-03c5-4856-a445-8d39f9a752b6,24,11107,11107,14030,11470,21.63,18.80,19.13,59.56
418feb2d-0819-472f-8ac8-4c9ca3858773,NewRichTextDocument1,1957,55b8ac09-8314-4d4d-86de-dcd0ca8dd8b2,24,8279,8279,10835,8485,17.04,14.55,14.74,46.33
418feb2d-0819-472f-8ac8-4c9ca3858773,NewRichTextDocument1,1958,0aef300d-e2cf-4cf7-a25f-3b37b357706c,24,7801,7801,11091,8367,15.61,12.45,12.95,41.00
418feb2d-0819-472f-8ac8-4c9ca3858773,NewRichTextDocument1,1959,f27e7350-fea6-4af1-b835-166f6bfc48fc,24,6712,6712,9623,7098,13.83,11.01,11.36,36.20
418feb2d-0819-472f-8ac8-4c9ca3858773,NewRichTextDocument1,1960,53b05644-adca-456a-83ab-e97d9acaf731,24,6801,6801,9441,7044,14.43,11.86,12.09,38.39
418feb2d-0819-472f-8ac8-4c9ca3858773,NewRichTextDocument1,1961,7b4cc904-1c30-4c5f-99fb-952a51256615,24,9512,9512,12485,9899,18.82,15.94,16.29,51.05
418feb2d-0819-472f-8ac8-4c9ca3858773,NewRichTextDocument1,1962,f1818bfb-1f33-4d1a-95ae-0d94770d6fbd,24,5741,5741,8396,6006,12.43,9.85,10.09,32.37
418feb2d-0819-472f-8ac8-4c9ca3858773,NewRichTextDocument1,1963,28918a4b-d1fa-4c50-97c3-ed351880b0e8,24,11160,11160,13852,11408,21.93,19.31,19.54,60.78
418feb2d-0819-472f-8ac8-4c9ca3858773,NewRichTextDocument1,1964,329a2059-a915-42d9-a162-cb5cb49c20fa,24,13355,13355,16115,13627,25.96,23.29,23.53,72.79
418feb2d-0819-472f-8ac8-4c9ca3858773,NewRichTextDocument1,1965,5248ceca-1997-4680-b147-6f5743ab91b7,24,13807,13807,16619,14101,26.58,23.84,24.12,74.54
418feb2d-0819-472f-8ac8-4c9ca3858773,NewRichTextDocument1,1966,be393655-ea7c-4686-89f1-d891b7922a72,24,14864,14864,17764,15190,28.68,25.87,26.16,80.71
418feb2d-0819-472f-8ac8-4c9ca3858773,NewRichTextDocument1,1967,0f005bd7-fed1-4785-bcde-3a6d0ad8e57a,24,6273,6273,8738,6450,13.39,10.99,11.15,35.52
418feb2d-0819-472f-8ac8-4c9ca3858773,NewRichTextDocument1,1968,de8f9d34-37a6-4469-97d6-d2567a0a5758,24,6101,6101,8586,6288,13.12,10.70,10.88,34.70
418feb2d-0819-472f-8ac8-4c9ca3858773,NewRichTextDocument1,1969,6b35a293-b865-4648-8d48-dca59de919af,24,8811,8811,11391,9028,17.93,15.42,15.62,48.97
418feb2d-0819-472f-8ac8-4c9ca3858773,NewRichTextDocument1,1970,2d3eeaa0-4849-4b1e-b693-22ec3e568632,24,14076,14076,16703,14276,27.34,24.78,24.97,77.09
418feb2d-0819-472f-8ac8-4c9ca3858773,NewRichTextDocument1,1971,85dd5374-2071-4cbf-b0a7-ca85bbbe0fee,24,9545,9545,12332,9855,19.41,16.72,16.99,53.12
418feb2d-0819-472f-8ac8-4c9ca3858773,NewRichTextDocument1,1972,22b980ce-1c5e-4814-8d61-1efff12ba8fc,24,8935,8935,11779,9397,18.02,15.26,15.69,48.97
418feb2d-0819-472f-8ac8-4c9ca3858773,NewRichTextDocument1,1973,35df9a73-47c0-45ff-ad29-6fc766fb5247,24,3412,3412,5847,3586,8.08,5.70,5.87,19.66
418feb2d-0819-472f-8ac8-4c9ca3858773,NewRichTextDocument1,1974,7be77b98-710a-4f57-a52c-44474295fc5e,24,4322,4322,6833,4532,9.84,7.40,7.59,24.83
418feb2d-0819-472f-8ac8-4c9ca3858773,NewRichTextDocument1,1975,6323359e-2020-46c8-a3db-8a0e42684502,24,2472,2472,4844,2627,6.49,4.17,4.32,14.98
418feb2d-0819-472f-8ac8-4c9ca3858773,NewRichTextDocument1,1976,54520b97-dcf9-4c8d-8386-15dc1644b79e,24,8142,8142,10744,8368,16.83,14.30,14.51,45.64
418feb2d-0819-472f-8ac8-4c9ca3858773,NewRichTextDocument1,1977,34c461c6-c59e-49dc-9b4c-7c5df7509271,24,8649,8649,11388,8932,17.54,14.88,15.14,47.57
418feb2d-0819-472f-8ac8-4c9ca3858773,NewRichTextDocument1,1978,bc59ffa8-85b3-4a1a-a531-9a67d63b5665,24,6629,6629,9181,6840,14.09,11.61,11.80,37.50
418feb2d-0819-472f-8ac8-4c9ca3858773,NewRichTextDocument1,1979,c9d73d20-4f90-4d09-b098-7a73a70bf975,24,10403,10403,13032,10742,21.02,18.46,18.78,58.26
418feb2d-0819-472f-8ac8-4c9ca3858773,NewRichTextDocument1,1980,3c0fc216-bba8-4643-917a-f7ebc93c8c2a,24,7004,7004,9580,7225,14.73,12.22,12.43,39.38
418feb2d-0819-472f-8ac8-4c9ca3858773,NewRichTextDocument1,1981,4aaa7525-139e-4000-a970-101f43c22f88,24,3150,3150,5521,3300,7.66,5.34,5.49,18.49
418feb2d-0819-472f-8ac8-4c9ca3858773,NewRichTextDocument1,1982,39f5e1ae-343b-44ee-96c4-a3fc2d97a8b2,24,3879,3879,6350,4070,9.15,6.74,6.92,22.81
418feb2d-0819-472f-8ac8-4c9ca3858773,NewRichTextDocument1,1983,46f193fa-b705-44ea-a995-e9d664f7cc0d,24,5303,5303,7747,5475,11.65,9.27,9.43,30.36
418feb2d-0819-472f-8ac8-4c9ca3858773,NewRichTextDocument1,1984,342f8008-42ed-468b-96f7-24c22f5249bd,24,5251,5251,7684,5416,11.50,9.13,9.29,29.92
418feb2d-0819-472f-8ac8-4c9ca3858773,NewRichTextDocument1,1985,3e481f49-5a0b-408f-8c4e-a94f4238c80c,24,4321,4321,6749,4491,9.86,7.50,7.66,25.01
418feb2d-0819-472f-8ac8-4c9ca3858773,NewRichTextDocument1,1986,fe4e13a9-5a2d-40e3-a5f2-5d4d059f3b37,24,5706,5706,8154,5876,12.38,10.00,10.16,32.54
418feb2d-0819-472f-8ac8-4c9ca3858773,NewRichTextDocument1,1987,2ffed51e-6a04-486f-82fa-e33ee89cc6ec,24,7190,7190,9690,7371,15.02,12.59,12.76,40.37
418feb2d-0819-472f-8ac8-4c9ca3858773,NewRichTextDocument1,1988,64df0dd5-64cc-4385-880b-7e3cf7bfeafe,24,7169,7169,9758,7399,14.96,12.44,12.65,40.05
418feb2d-0819-472f-8ac8-4c9ca3858773,NewRichTextDocument1,1989,ebd030cd-c874-407c-8bea-1e68c915fb57,24,9470,9470,12485,9880,18.38,15.45,15.83,49.66
418feb2d-0819-472f-8ac8-4c9ca3858773,NewRichTextDocument1,1990,68471d80-4b09-487d-98ce-cc9cc6ba9db6,24,7473,7473,10715,8018,14.84,11.72,12.21,38.76
418feb2d-0819-472f-8ac8-4c9ca3858773,NewRichTextDocument1,1991,683a3c19-aa7b-4342-97fd-ce575a817f99,24,8635,8635,11282,8867,17.75,15.17,15.39,48.30
418feb2d-0819-472f-8ac8-4c9ca3858773,NewRichTextDocument1,1992,c04979d5-3f63-4888-b394-0410856b8da4,24,4365,4365,6843,4548,9.91,7.49,7.67,25.06
418feb2d-0819-472f-8ac8-4c9ca3858773,NewRichTextDocument1,1993,4f778de7-c365-4e0f-9c5b-5e001b77225c,24,10721,10721,13341,10943,21.33,18.79,18.99,59.11
418feb2d-0819-472f-8ac8-4c9ca3858773,NewRichTextDocument1,1994,178044e7-1194-4282-8135-b7c1ae8cfcef,24,3488,3488,5881,3650,8.35,6.01,6.17,20.53
418feb2d-0819-472f-8ac8-4c9ca3858773,NewRichTextDocument1,1995,54ab4637-75b9-4f60-9995-37b2640a65c9,24,7241,7241,9989,7533,15.00,12.34,12.60,39.94
418feb2d-0819-472f-8ac8-4c9ca3858773,NewRichTextDocument1,1996,3661e774-f954-463d-9722-5a3975a7db80,24,3108,3108,5506,3275,7.63,5.30,5.46,18.39
418feb2d-0819-472f-8ac8-4c9ca3858773,NewRichTextDocument1,1997,fbb55450-47c4-4855-a78b-7cbfb45d5be8,24,4237,4237,6675,4412,9.66,7.28,7.45,24.38
418feb2d-0819-472f-8ac8-4c9ca3858773,NewRichTextDocument1,1998,49b79acf-b901-478d-b93f-b87121df0b81,24,6472,6472,9147,6752,13.86,11.27,11.52,36.66
418feb2d-0819-472f-8ac8-4c9ca3858773,NewRichTextDocument1,1999,1ebc555c-37c4-47e3-aa83-70a2a0430fd0,24,3367,3367,5741,3517,8.05,5.73,5.88,19.65
418feb2d-0819-472f-8ac8-4c9ca3858773,NewRichTextDocument1,2000,5d3ac448-379c-4397-9636-9093deef733c,24,5009,5009,7495,5200,11.12,8.70,8.88,28.69
418feb2d-0819-472f-8ac8-4c9ca3858773,NewRichTextDocument1,2001,87c9aca8-d44c-4628-8df5-e936e5c47f44,24,2715,2715,5089,2870,6.96,4.64,4.79,16.38
418feb2d-0819-472f-8ac8-4c9ca3858773,NewRichTextDocument1,2002,faba71ee-829b-46e3-a21f-d4aa80151c3c,24,6642,6642,9230,6873,14.10,11.59,11.80,37.49
418feb2d-0819-472f-8ac8-4c9ca3858773,NewRichTextDocument1,2003,447cee21-e82e-4b7b-b9ea-ba795cbf763d,24,7131,7131,9673,7336,14.93,12.46,12.65,40.04
418feb2d-0819-472f-8ac8-4c9ca3858773,NewRichTextDocument1,2004,52dedf47-55dc-4dd8-be5f-327110cf9d55,24,10360,10360,13252,10711,20.40,17.60,17.92,55.91
418feb2d-0819-472f-8ac8-4c9ca3858773,NewRichTextDocument1,2005,8bf4bad5-d4b9-4515-8053-b456c1059e7d,24,6245,6245,9137,6585,13.17,10.36,10.68,34.21
418feb2d-0819-472f-8ac8-4c9ca3858773,NewRichTextDocument1,2006,a11c50ec-d600-403e-9115-3d5aaa5cadba,24,2421,2421,5005,2678,6.07,3.55,3.80,13.43
418feb2d-0819-472f-8ac8-4c9ca3858773,NewRichTextDocument1,2007,0445c7e8-8145-4137-b339-c3d84c6c68e4,24,6441,6441,9264,6789,13.50,10.77,11.08,35.36
418feb2d-0819-472f-8ac8-4c9ca3858773,NewRichTextDocument1,2008,3d50846b-8814-4278-ad6f-f850fb7a29a8,24,6470,6470,8977,6655,13.81,11.36,11.54,36.71
418feb2d-0819-472f-8ac8-4c9ca3858773,NewRichTextDocument1,2009,8f46abb3-a08b-48fe-b1ef-e8078babf728,24,10192,10192,12818,10394,20.55,17.99,18.18,56.72
418feb2d-0819-472f-8ac8-4c9ca3858773,NewRichTextDocument1,2010,f3fabc66-1c94-49db-b4e9-a1b96da576ae,24,3878,3878,6358,4074,9.15,6.74,6.92,22.81
418feb2d-0819-472f-8ac8-4c9ca3858773,NewRichTextDocument1,2011,5d6cca92-00de-4cff-ab32-1eedd50ba16f,24,4143,4143,6637,4330,9.55,7.12,7.30,23.97
418feb2d-0819-472f-8ac8-4c9ca3858773,NewRichTextDocument1,2012,29619dc0-7b93-4c30-8d38-52979f4c8961,24,5527,5527,7992,5709,12.03,9.63,9.80,31.45
418feb2d-0819-472f-8ac8-4c9ca3858773,NewRichTextDocument1,2013,00ec29fe-157e-4ea1-8f19-690ca1410714,24,4463,4463,6896,4633,10.04,7.67,7.83,25.54
418feb2d-0819-472f-8ac8-4c9ca3858773,NewRichTextDocument1,2014,be4fcd9d-b739-41fe-be10-b7e8e458da45,24,5328,5328,7768,5502,11.72,9.34,9.51,30.56
418feb2d-0819-472f-8ac8-4c9ca3858773,NewRichTextDocument1,2015,35f0ec20-5629-48d8-b459-ed75c350bebf,24,6473,6473,9130,6745,13.66,11.09,11.33,36.08
418feb2d-0819-472f-8ac8-4c9ca3858773,NewRichTextDocument1,2016,ff84dc17-94c5-446b-bbaf-58ca32af897b,24,6548,6548,9168,6786,13.76,11.21,11.43,36.41
418feb2d-0819-472f-8ac8-4c9ca3858773,NewRichTextDocument1,2017,01ac589c-78ab-4bba-b9ae-c30fda20aaf3,24,9624,9624,12620,10016,18.99,16.09,16.44,51.52
418feb2d-0819-472f-8ac8-4c9ca3858773,NewRichTextDocument1,2018,13b02084-1550-45fb-9ff8-da6316a25d11,24,5548,5548,8300,5864,11.67,8.99,9.29,29.95
418feb2d-0819-472f-8ac8-4c9ca3858773,NewRichTextDocument1,2019,8396270a-7de1-4aba-906e-6afcc30b100b,24,4375,4375,6926,4607,9.98,7.50,7.72,25.20
418feb2d-0819-472f-8ac8-4c9ca3858773,NewRichTextDocument1,2020,29135a1d-1876-4503-a5b1-6e0990e90982,24,8033,8033,11109,8453,16.77,13.79,14.17,44.73
418feb2d-0819-472f-8ac8-4c9ca3858773,NewRichTextDocument1,2021,61cdd73c-6f92-418e-a73a-80f01b9cc732,24,5022,5022,7779,5343,10.69,8.01,8.31,27.00
418feb2d-0819-472f-8ac8-4c9ca3858773,NewRichTextDocument1,2022,247ca6bf-c60e-4fdf-a811-007816934bb1,24,4499,4499,7235,4818,9.86,7.21,7.50,24.58
418feb2d-0819-472f-8ac8-4c9ca3858773,NewRichTextDocument1,2023,7587c09a-6a7b-414a-ba51-07f2e0a851aa,24,6683,6683,9320,6927,14.25,11.68,11.91,37.84
418feb2d-0819-472f-8ac8-4c9ca3858773,NewRichTextDocument1,2024,8b1138d8-9b3a-49b6-820d-3e02662ae2d9,24,3812,3812,6264,3997,8.81,6.42,6.59,21.82
418feb2d-0819-472f-8ac8-4c9ca3858773,NewRichTextDocument1,2025,a1575e77-77c3-4dc1-95d0-7a3e8f6aeae4,24,4933,4933,7349,5093,10.97,8.61,8.76,28.34
418feb2d-0819-472f-8ac8-4c9ca3858773,NewRichTextDocument1,2026,25479fa3-734e-408d-bc7b-9a857317c191,24,4739,4739,7202,4926,10.69,8.29,8.46,27.44
418feb2d-0819-472f-8ac8-4c9ca3858773,NewRichTextDocument1,2027,11506d16-4619-4c4c-9bf5-11eb4ceb1c4b,24,9389,9389,11948,9593,19.04,16.56,16.75,52.35
418feb2d-0819-472f-8ac8-4c9ca3858773,NewRichTextDocument1,2028,51c82876-204c-40ba-a165-f3c00e8a25e2,24,5757,5757,8446,6035,12.16,9.54,9.80,31.50
418feb2d-0819-472f-8ac8-4c9ca3858773,NewRichTextDocument1,2029,1957bb5f-88c9-4627-8b63-b243d494b7d7,24,7336,7336,9961,7582,15.22,12.67,12.90,40.79
418feb2d-0819-472f-8ac8-4c9ca3858773,NewRichTextDocument1,2030,659d35bf-8eda-460c-b7b4-37e1f4dcbcb7,24,5903,5903,8576,6170,12.47,9.87,10.12,32.46
418feb2d-0819-472f-8ac8-4c9ca3858773,NewRichTextDocument1,2031,fa6def5e-b9aa-4587-8d28-3d49cd4b62ac,24,9320,9320,11919,9542,18.90,16.38,16.58,51.86
418feb2d-0819-472f-8ac8-4c9ca3858773,NewRichTextDocument1,2032,566eee47-be12-4435-b7ea-b8347b9f7e1d,24,6615,6615,9245,6872,14.09,11.54,11.77,37.40
418feb2d-0819-472f-8ac8-4c9ca3858773,NewRichTextDocument1,2033,e07c6983-3a62-44cc-b812-e68a03f13f01,24,8374,8374,12393,9272,16.06,12.24,13.01,41.30
418feb2d-0819-472f-8ac8-4c9ca3858773,NewRichTextDocument1,2034,1cd82e97-77d9-49bf-b807-1401683e0204,24,10278,10278,12902,10630,20.85,18.30,18.64,57.79
418feb2d-0819-472f-8ac8-4c9ca3858773,NewRichTextDocument1,2035,c4be1a8f-2c5b-4c04-bd9c-3038abaec49e,24,15311,15311,18107,15575,29.75,27.03,27.28,84.07
418feb2d-0819-472f-8ac8-4c9ca3858773,NewRichTextDocument1,2036,368302da-54bb-4496-b8ca-2217cd0a7a3a,24,8179,8179,10851,8439,16.91,14.31,14.55,45.77
418feb2d-0819-472f-8ac8-4c9ca3858773,NewRichTextDocument1,2037,9ecb32c8-a5e4-4b6a-86e0-3501820b9d55,24,10888,10888,14004,11349,21.04,18.04,18.45,57.53
418feb2d-0819-472f-8ac8-4c9ca3858773,NewRichTextDocument1,2038,b0a77c7d-07fe-4ada-ab1e-4723b35dfe8d,24,6960,6960,10073,7445,13.66,10.66,11.09,35.41
418feb2d-0819-472f-8ac8-4c9ca3858773,NewRichTextDocument1,2039,90b491d6-a0ac-4b70-8532-b1a7f5ad8ac2,24,4727,4727,7402,5016,10.33,7.73,8.00,26.06
418feb2d-0819-472f-8ac8-4c9ca3858773,NewRichTextDocument1,2040,6dbf8210-51ce-460c-bb9b-b55444c309bd,24,2106,2106,4523,2288,5.94,3.59,3.76,13.29
418feb2d-0819-472f-8ac8-4c9ca3858773,NewRichTextDocument1,2041,13774ea8-b022-4ae4-9c97-59c276d1f860,24,7520,7520,10592,7925,16.11,13.14,13.51,42.76
418feb2d-0819-472f-8ac8-4c9ca3858773,NewRichTextDocument1,2042,f14e4a3b-678f-4490-814a-3fb0d2e6ef3e,24,5569,5569,8303,5882,11.95,9.30,9.58,30.83
418feb2d-0819-472f-8ac8-4c9ca3858773,NewRichTextDocument1,2043,38acc6ca-c035-4248-8f18-4e1ade7bef96,24,9506,9506,12336,9826,18.85,16.10,16.40,51.34
418feb2d-0819-472f-8ac8-4c9ca3858773,NewRichTextDocument1,2044,cde3cbde-aafc-443b-b0a6-bcf2371ac3a8,24,6533,6533,8991,6705,13.83,11.43,11.60,36.86
418feb2d-0819-472f-8ac8-4c9ca3858773,NewRichTextDocument1,2045,2e580162-da9c-49db-be53-eed04599175e,24,4593,4593,7006,4755,10.24,7.89,8.04,26.17
418feb2d-0819-472f-8ac8-4c9ca3858773,NewRichTextDocument1,2046,38767840-6bdd-4db4-be65-60aa7582ce24,24,5546,5546,7992,5718,12.01,9.63,9.79,31.42
418feb2d-0819-472f-8ac8-4c9ca3858773,NewRichTextDocument1,2047,1fbe6114-6af4-43ad-ac5c-6e9883f7a26d,24,4623,4623,7204,4864,10.38,7.88,8.10,26.36
418feb2d-0819-472f-8ac8-4c9ca3858773,NewRichTextDocument1,2048,8497c117-f6b1-4b5a-b8fb-2344e60ab918,24,4857,4857,7333,5047,10.76,8.35,8.53,27.63
418feb2d-0819-472f-8ac8-4c9ca3858773,NewRichTextDocument1,2049,18489c6d-b493-4b32-8a23-c983795891e2,24,3757,3757,6199,3937,8.86,6.48,6.65,22.00
418feb2d-0819-472f-8ac8-4c9ca3858773,NewRichTextDocument1,2050,161b3e53-9048-4f95-a13a-6a3b68e4b66a,24,2115,2115,4560,2306,6.01,3.63,3.81,13.46
418feb2d-0819-472f-8ac8-4c9ca3858773,NewRichTextDocument1,2051,fadbe1cb-6d8b-45ef-a0dc-61c93c145e0d,24,4595,4595,7107,4799,10.42,7.98,8.17,26.57
418feb2d-0819-472f-8ac8-4c9ca3858773,NewRichTextDocument1,2052,34bf55a7-4258-4ce5-a25d-00ea3e334b7b,24,4653,4653,7104,4835,10.43,8.04,8.21,26.68
418feb2d-0819-472f-8ac8-4c9ca3858773,NewRichTextDocument1,2053,18a7e57d-5e66-40d7-8c9e-dc2becfd38c2,24,4030,4030,6414,4182,9.34,7.01,7.16,23.50
418feb2d-0819-472f-8ac8-4c9ca3858773,NewRichTextDocument1,2054,f8766e99-ff85-4b17-9a1c-6851c4e931d2,24,13079,13079,16297,13567,25.11,22.00,22.44,69.54
418feb2d-0819-472f-8ac8-4c9ca3858773,NewRichTextDocument1,2055,357d7fc1-608c-4248-aa91-605106ef289c,24,4517,4517,7069,4749,10.17,7.69,7.90,25.76
418feb2d-0819-472f-8ac8-4c9ca3858773,NewRichTextDocument1,2056,123e4c1f-9f80-4977-b7fe-8e5e6de495c8,24,3587,3587,5985,3749,8.58,6.24,6.40,21.22
418feb2d-0819-472f-8ac8-4c9ca3858773,NewRichTextDocument1,2057,f76d5b9a-e900-49e9-aea1-85d524131969,24,5056,5056,7475,5218,11.17,8.81,8.97,28.95
418feb2d-0819-472f-8ac8-4c9ca3858773,NewRichTextDocument1,2058,1d94f6ce-c0ee-4d78-a863-52e1bda34ae9,24,4417,4417,6968,4647,10.16,7.69,7.89,25.74
418feb2d-0819-472f-8ac8-4c9ca3858773,NewRichTextDocument1,2059,602c4b37-f34b-4aa1-8cc7-da021bcd463a,24,8201,8201,10816,8437,16.92,14.38,14.60,45.91
418feb2d-0819-472f-8ac8-4c9ca3858773,NewRichTextDocument1,2060,14a75102-64fe-4c29-8c3a-63eff00b5cb5,24,5282,5282,7882,5533,11.64,9.12,9.35,30.12
418feb2d-0819-472f-8ac8-4c9ca3858773,NewRichTextDocument1,2061,92c7e805-7f95-4927-961f-efae412e8bf6,24,8647,8647,11525,9007,17.49,14.71,15.03,47.23
418feb2d-0819-472f-8ac8-4c9ca3858773,NewRichTextDocument1,2062,1b0f408e-0b85-4674-a219-b6d26b5e0553,24,6047,6047,8760,6336,13.05,10.41,10.68,34.14
418feb2d-0819-472f-8ac8-4c9ca3858773,NewRichTextDocument1,2063,600cdc08-8d51-4313-ae35-ae7dc221a8a1,24,13178,13178,16068,13505,25.67,22.87,23.17,71.72
418feb2d-0819-472f-8ac8-4c9ca3858773,NewRichTextDocument1,2064,888944fb-fc46-48df-b6f2-7f5273fddf78,24,5763,5763,8310,5979,12.56,10.09,10.29,32.94
418feb2d-0819-472f-8ac8-4c9ca3858773,NewRichTextDocument1,2065,7d04e7bc-12b8-450c-bb4e-d5305f1abb4b,24,5163,5163,8047,5546,10.62,7.82,8.18,26.61
418feb2d-0819-472f-8ac8-4c9ca3858773,NewRichTextDocument1,2066,ee6beb8e-7238-45da-a9f9-d13d248dfdd6,24,8113,8113,11931,8932,14.88,11.23,11.95,38.06
418feb2d-0819-472f-8ac8-4c9ca3858773,NewRichTextDocument1,2067,b624a422-be9a-4935-b50d-9709aa574b29,24,6429,6429,9932,7103,12.64,9.28,9.88,31.81
418feb2d-0819-472f-8ac8-4c9ca3858773,NewRichTextDocument1,2068,9bceb935-403d-4e6d-a842-edc8a4409fe1,24,7857,7857,11087,8383,14.86,11.72,12.21,38.79
418feb2d-0819-472f-8ac8-4c9ca3858773,NewRichTextDocument1,2069,710320e5-a317-49e2-9fe7-77cc162afe50,24,4999,4999,7438,5170,10.98,8.60,8.77,28.36
418feb2d-0819-472f-8ac8-4c9ca3858773,NewRichTextDocument1,2070,ae32c91b-b262-4a26-a52f-3d602f842341,24,5929,5929,8379,6101,12.62,10.23,10.39,33.24
418feb2d-0819-472f-8ac8-4c9ca3858773,NewRichTextDocument1,2071,db86ee65-417c-4106-9fd6-812893824ee1,24,5970,5970,8475,6167,12.87,10.44,10.62,33.93
418feb2d-0819-472f-8ac8-4c9ca3858773,NewRichTextDocument1,2072,1e936341-0790-4160-84e1-06df35065062,24,9503,9503,12269,9803,19.34,16.67,16.93,52.93
418feb2d-0819-472f-8ac8-4c9ca3858773,NewRichTextDocument1,2073,49ab22fe-0263-428a-97f6-6e39d4789de5,24,8924,8924,11457,9110,18.02,15.55,15.73,49.31
418feb2d-0819-472f-8ac8-4c9ca3858773,NewRichTextDocument1,2074,9a276e39-06ad-489d-903e-485cbb5a5ecd,24,7594,7594,10357,7904,15.14,12.46,12.75,40.34
418feb2d-0819-472f-8ac8-4c9ca3858773,NewRichTextDocument1,2075,fcd5f0cd-7a4d-4ce9-b100-333595d3be6c,24,5625,5625,8442,5969,11.47,8.73,9.06,29.26
418feb2d-0819-472f-8ac8-4c9ca3858773,NewRichTextDocument1,2076,907839c6-86bb-461b-bafc-bab16a8173b0,24,7029,7029,10118,7763,13.94,10.95,11.64,36.54
418feb2d-0819-472f-8ac8-4c9ca3858773,NewRichTextDocument1,2077,4664b221-8bb3-4c50-b12c-a67fd92cf92d,24,8145,8145,11033,8503,16.78,13.98,14.31,45.07
418feb2d-0819-472f-8ac8-4c9ca3858773,NewRichTextDocument1,2078,17c7063b-5c62-464f-bd9f-7bb65d9010ed,24,7414,7414,11182,8213,13.39,9.77,10.49,33.65
418feb2d-0819-472f-8ac8-4c9ca3858773,NewRichTextDocument1,2079,953ab3bf-ed8d-4d67-9dd6-f0ec59ed7927,24,9505,9505,12138,9742,19.16,16.60,16.82,52.58
418feb2d-0819-472f-8ac8-4c9ca3858773,NewRichTextDocument1,2080,8c31381c-1e6c-4b76-896d-18894d59e5ee,24,3887,3887,6300,4054,9.03,6.68,6.84,22.55
418feb2d-0819-472f-8ac8-4c9ca3858773,NewRichTextDocument1,2081,4eb16313-5b08-40a6-89f6-3cf7e73cbff1,24,5336,5336,7959,5597,11.47,8.92,9.16,29.56
418feb2d-0819-472f-8ac8-4c9ca3858773,NewRichTextDocument1,2082,215af87d-7d30-48bb-8f4a-5ec8cbb93f11,24,9646,9646,12179,9833,19.39,16.92,17.10,53.41
418feb2d-0819-472f-8ac8-4c9ca3858773,NewRichTextDocument1,2083,0a858a2e-fd11-4b48-a11c-1652a15faf61,24,9197,9197,11954,9499,18.76,16.09,16.36,51.21
418feb2d-0819-472f-8ac8-4c9ca3858773,NewRichTextDocument1,2084,8d337669-7d2e-4484-930b-eceea5327a6e,24,5188,5188,7731,5402,11.46,8.99,9.19,29.64
418feb2d-0819-472f-8ac8-4c9ca3858773,NewRichTextDocument1,2085,4606a265-4f22-4883-839b-238329aefa54,24,9901,9901,12589,10162,19.71,17.10,17.34,54.16
418feb2d-0819-472f-8ac8-4c9ca3858773,NewRichTextDocument1,2086,de305805-c754-4f24-9e46-9fb3b1750006,24,3945,3945,6536,4197,8.88,6.36,6.60,21.83
418feb2d-0819-472f-8ac8-4c9ca3858773,NewRichTextDocument1,2087,5f5ff2e0-d100-4bd3-a27b-188d3452b3aa,24,9125,9125,11797,9373,18.45,15.85,16.08,50.39
418feb2d-0819-472f-8ac8-4c9ca3858773,NewRichTextDocument1,2088,27420e7c-0e80-4286-987f-e51ecfc43b22,24,4492,4492,6921,4662,10.10,7.73,7.89,25.72
418feb2d-0819-472f-8ac8-4c9ca3858773,NewRichTextDocument1,2089,1b3a63af-0a33-4b67-8bfd-94bec689d4ee,24,8377,8377,10996,8611,17.04,14.50,14.71,46.25
418feb2d-0819-472f-8ac8-4c9ca3858773,NewRichTextDocument1,2090,27b91ceb-c474-412b-9627-132b7c1c5993,24,7107,7107,9674,7329,14.83,12.33,12.54,39.70
418feb2d-0819-472f-8ac8-4c9ca3858773,NewRichTextDocument1,2091,c408fe99-4c6c-4688-b603-8fd114a833a3,24,4678,4678,7189,4876,10.54,8.10,8.28,26.92
418feb2d-0819-472f-8ac8-4c9ca3858773,NewRichTextDocument1,2092,a0ff131f-9aca-45dc-bee8-506eba6e3dfc,24,4399,4399,6966,4634,10.02,7.53,7.75,25.30
418feb2d-0819-472f-8ac8-4c9ca3858773,NewRichTextDocument1,2093,8768b596-edf8-4772-af1a-f22a0e359f9b,24,4485,4485,7013,4701,10.17,7.71,7.91,25.80
418feb2d-0819-472f-8ac8-4c9ca3858773,NewRichTextDocument1,2094,f6f08ef4-b537-449e-b035-ca7285d394b8,24,5031,5031,7540,5230,11.19,8.75,8.94,28.88
418feb2d-0819-472f-8ac8-4c9ca3858773,NewRichTextDocument1,2095,a01488b9-5659-4260-93b9-8434995220a1,24,5636,5636,8279,6023,12.40,9.84,10.20,32.44
418feb2d-0819-472f-8ac8-4c9ca3858773,NewRichTextDocument1,2096,c1612d48-ed4d-45a8-b6f0-554cabaffb9a,24,12472,12472,15426,12834,24.43,21.57,21.90,67.90
418feb2d-0819-472f-8ac8-4c9ca3858773,NewRichTextDocument1,2097,7b555c94-308b-4b19-8646-3178bbba0803,24,7105,7105,9667,7322,14.87,12.38,12.58,39.83
418feb2d-0819-472f-8ac8-4c9ca3858773,NewRichTextDocument1,2098,7ddb4d5d-b838-4e26-b114-9129148eb950,24,7684,7684,10199,7878,15.93,13.48,13.66,43.08
418feb2d-0819-472f-8ac8-4c9ca3858773,NewRichTextDocument1,2099,2ce64646-abf9-4e7d-9dbd-6f2ae146edc6,24,5111,5111,7620,5318,11.34,8.90,9.09,29.33
418feb2d-0819-472f-8ac8-4c9ca3858773,NewRichTextDocument1,2100,79e35363-0c2c-4ad9-bd7f-ea8e6eb8dc9e,24,10669,10669,13381,10932,21.45,18.81,19.05,59.32
418feb2d-0819-472f-8ac8-4c9ca3858773,NewRichTextDocument1,2101,9bd42780-04ca-472c-af1e-c3dc38183087,24,9512,9512,12798,10067,18.66,15.50,15.99,50.15
418feb2d-0819-472f-8ac8-4c9ca3858773,NewRichTextDocument1,2102,a7654de4-c702-45ba-b8cd-ed339279f5fe,24,8478,8478,11403,8855,16.88,14.04,14.39,45.32
418feb2d-0819-472f-8ac8-4c9ca3858773,NewRichTextDocument1,2103,a37e6450-1f35-480c-a747-970aa3ba93f7,24,8746,8746,11364,8979,17.56,15.01,15.23,47.79
418feb2d-0819-472f-8ac8-4c9ca3858773,NewRichTextDocument1,2104,76059d02-ad58-4464-95c1-53de0fe9e171,24,6277,6277,8892,6524,13.10,10.56,10.79,34.45
418feb2d-0819-472f-8ac8-4c9ca3858773,NewRichTextDocument1,2105,13c40abd-3307-41c5-a1d0-7a64d860305e,24,7476,7476,9931,7638,15.57,13.17,13.33,42.07
418feb2d-0819-472f-8ac8-4c9ca3858773,NewRichTextDocument1,2106,3c32f012-17a7-43bf-92b7-5b8951cf9bf3,24,7311,7311,9830,7510,15.29,12.84,13.02,41.15
418feb2d-0819-472f-8ac8-4c9ca3858773,NewRichTextDocument1,2107,0839fa5c-56de-418d-8456-1a216f9a1ba3,24,8075,8075,10634,8287,16.65,14.17,14.36,45.18
418feb2d-0819-472f-8ac8-4c9ca3858773,NewRichTextDocument1,2108,d01ef716-790d-4a92-8219-673f0667150e,24,4887,4887,7394,5093,10.89,8.45,8.64,27.98
418feb2d-0819-472f-8ac8-4c9ca3858773,NewRichTextDocument1,2109,0bef3aec-2fb4-4481-a5f4-369c3270376b,24,7347,7347,9845,7669,15.46,13.03,13.34,41.83
418feb2d-0819-472f-8ac8-4c9ca3858773,NewRichTextDocument1,2110,4c505a54-6336-452d-89de-33b02f167648,24,8292,8292,10973,8522,17.18,14.56,14.79,46.52
418feb2d-0819-472f-8ac8-4c9ca3858773,NewRichTextDocument1,2111,a8abe446-e3ae-4d64-951f-d1be79a0859e,24,8783,8783,11274,8951,17.94,15.51,15.67,49.11
418feb2d-0819-472f-8ac8-4c9ca3858773,NewRichTextDocument1,2112,4f8417d7-2756-489f-87a6-03df69ed5406,24,4459,4459,6946,4646,10.14,7.71,7.89,25.75
418feb2d-0819-472f-8ac8-4c9ca3858773,NewRichTextDocument1,2113,0050bdda-7792-4a44-9a2c-0f19696da271,24,3509,3509,5938,3683,8.42,6.05,6.22,20.69
418feb2d-0819-472f-8ac8-4c9ca3858773,NewRichTextDocument1,2114,2f413626-7cc9-4937-8fb1-5bd16a7a4f1d,24,5586,5586,8048,5756,12.08,9.68,9.85,31.61
418feb2d-0819-472f-8ac8-4c9ca3858773,NewRichTextDocument1,2115,008b9619-bb04-4e40-9f49-ec99e176ab5b,24,5453,5453,7976,5659,11.93,9.47,9.67,31.07
418feb2d-0819-472f-8ac8-4c9ca3858773,NewRichTextDocument1,2116,59c1cf82-18fd-40e0-acb0-4fd3235a93c7,24,3828,3828,6398,4071,8.74,6.24,6.47,21.45
418feb2d-0819-472f-8ac8-4c9ca3858773,NewRichTextDocument1,2117,7fc1ab23-76bf-463c-963f-9238730a7ec2,24,4211,4211,6664,4398,9.60,7.21,7.39,24.21
418feb2d-0819-472f-8ac8-4c9ca3858773,NewRichTextDocument1,2118,65f7ccf6-7de6-459d-9a33-48ac461b6a8f,24,4594,4594,7312,4901,9.81,7.16,7.45,24.42
418feb2d-0819-472f-8ac8-4c9ca3858773,NewRichTextDocument1,2119,28af43f6-0f9c-445e-855d-633ade4b8dc6,24,3993,3993,6490,4200,9.03,6.59,6.79,22.41
418feb2d-0819-472f-8ac8-4c9ca3858773,NewRichTextDocument1,2120,c0708d02-868c-4ff1-8663-c92360ccc0d0,24,3512,3512,5939,3687,8.37,6.00,6.17,20.54
418feb2d-0819-472f-8ac8-4c9ca3858773,NewRichTextDocument1,2121,c32991c0-cf1c-46d7-a340-d286074f2bf9,24,5316,5316,7858,5538,11.76,9.30,9.50,30.56
418feb2d-0819-472f-8ac8-4c9ca3858773,NewRichTextDocument1,2122,a4d24d8c-4dbd-44d2-8a2a-3823394132c8,24,8357,8357,10831,8524,17.08,14.67,14.83,46.59
418feb2d-0819-472f-8ac8-4c9ca3858773,NewRichTextDocument1,2123,ad5365b6-1b0f-49d7-82c1-1dc8dee8b5d0,24,7775,7775,10452,8047,16.05,13.45,13.70,43.20
418feb2d-0819-472f-8ac8-4c9ca3858773,NewRichTextDocument1,2124,5f58f995-732a-47fd-a1a4-33d81a7b0a42,24,5792,5792,8491,6085,12.36,9.74,10.01,32.11
418feb2d-0819-472f-8ac8-4c9ca3858773,NewRichTextDocument1,2125,6a47e404-2b66-4fb9-8ffb-dc09cdcbeaf0,24,8184,8184,11276,8655,16.06,13.09,13.50,42.65
418feb2d-0819-472f-8ac8-4c9ca3858773,NewRichTextDocument1,2126,5baddfa4-c71c-4e96-95dd-50ab31fd4d67,24,6911,6911,9648,7211,14.43,11.77,12.05,38.24
418feb2d-0819-472f-8ac8-4c9ca3858773,NewRichTextDocument1,2127,88922b70-f14a-4450-9cd6-9ea4451dcc97,24,7341,7341,9812,7646,15.39,12.98,13.28,41.65
418feb2d-0819-472f-8ac8-4c9ca3858773,NewRichTextDocument1,2128,9918cefe-9b84-4e84-bd9d-f6d184b508fd,24,7826,7826,10564,8122,16.38,13.74,14.00,44.12
418feb2d-0819-472f-8ac8-4c9ca3858773,NewRichTextDocument1,2129,80dc44be-d2f5-436d-afd0-910215448974,24,4860,4860,7254,5012,10.76,8.43,8.57,27.76
418feb2d-0819-472f-8ac8-4c9ca3858773,NewRichTextDocument1,2130,2df61e7d-8884-40ee-b14e-64889b414f4a,24,5645,5645,8133,5831,12.36,9.93,10.11,32.39
418feb2d-0819-472f-8ac8-4c9ca3858773,NewRichTextDocument1,2131,e3f24449-332b-4c9a-9e1d-e26b9c0850cf,24,10810,10810,13902,11194,21.72,18.71,19.07,59.51
418feb2d-0819-472f-8ac8-4c9ca3858773,NewRichTextDocument1,2132,316e9830-a549-4833-917f-50811f626a55,24,5685,5685,8152,5867,12.41,10.01,10.18,32.60
418feb2d-0819-472f-8ac8-4c9ca3858773,NewRichTextDocument1,2133,823922eb-8273-4d1d-8ed4-fbd5ce375f46,24,4709,4709,7119,4871,10.60,8.25,8.40,27.24
418feb2d-0819-472f-8ac8-4c9ca3858773,NewRichTextDocument1,2134,d81a7461-8d30-4c56-a662-d249a0bfd384,24,3658,3658,6086,3835,8.68,6.31,6.48,21.47
418feb2d-0819-472f-8ac8-4c9ca3858773,NewRichTextDocument1,2135,2d542ad5-b67a-496e-a23b-0db09e0bc646,24,2654,2654,5108,2849,6.87,4.48,4.66,16.02
418feb2d-0819-472f-8ac8-4c9ca3858773,NewRichTextDocument1,2136,fa801499-58a8-4968-b033-6503d7ed015b,24,3510,3510,5950,3692,8.29,5.91,6.08,20.27
418feb2d-0819-472f-8ac8-4c9ca3858773,NewRichTextDocument1,2137,f724355e-03ae-44f5-88e8-884d9c3ed965,24,6109,6109,8614,6305,13.03,10.59,10.78,34.41
418feb2d-0819-472f-8ac8-4c9ca3858773,NewRichTextDocument1,2138,3e24cf01-3013-402c-8a87-d8ab5dd2a94b,24,7091,7091,9716,7340,14.85,12.30,12.53,39.67
418feb2d-0819-472f-8ac8-4c9ca3858773,NewRichTextDocument1,2139,8a1af941-a113-413b-abee-33af82c9662d,24,8557,8557,11106,8761,17.52,15.04,15.23,47.79
418feb2d-0819-472f-8ac8-4c9ca3858773,NewRichTextDocument1,2140,02d114b8-e6df-409d-93e6-2ba94f5c4a3b,24,8725,8725,11416,8994,17.78,15.17,15.41,48.36
418feb2d-0819-472f-8ac8-4c9ca3858773,NewRichTextDocument1,2141,9942b482-b28c-4f42-b5c6-76725b0bc342,24,9095,9095,11631,9289,18.48,16.01,16.19,50.69
418feb2d-0819-472f-8ac8-4c9ca3858773,NewRichTextDocument1,2142,f1bd43b1-378d-4ab8-9334-e4c84a4fd463,24,4684,4684,7186,4891,10.54,8.11,8.30,26.96
418feb2d-0819-472f-8ac8-4c9ca3858773,NewRichTextDocument1,2143,cdf6ee4f-6fcb-405f-bea5-86b6565cc72c,24,4474,4474,6895,4641,10.09,7.73,7.89,25.70
418feb2d-0819-472f-8ac8-4c9ca3858773,NewRichTextDocument1,2144,e099e32f-45a2-4e35-bc91-e66f18d7e02c,24,5209,5209,7692,5399,11.47,9.05,9.23,29.75
418feb2d-0819-472f-8ac8-4c9ca3858773,NewRichTextDocument1,2145,527dd8b1-60e2-431d-b1c3-721f66f969a3,24,3957,3957,6431,4146,9.26,6.85,7.03,23.13
418feb2d-0819-472f-8ac8-4c9ca3858773,NewRichTextDocument1,2146,a578ad5a-7472-4fcc-ba35-10c6b21f37c2,24,2873,2873,5468,3134,7.40,4.88,5.12,17.39
418feb2d-0819-472f-8ac8-4c9ca3858773,NewRichTextDocument1,2147,72d0404e-cb04-4314-a80b-8de9f7849b74,24,4517,4517,7177,4790,10.45,7.88,8.12,26.45
418feb2d-0819-472f-8ac8-4c9ca3858773,NewRichTextDocument1,2148,1df4a310-60ac-4582-93af-4d49749fee85,24,3480,3480,6025,3705,8.37,5.90,6.11,20.37
418feb2d-0819-472f-8ac8-4c9ca3858773,NewRichTextDocument1,2149,fa93b749-5946-4f73-9cff-bf6b5c6af034,24,6625,6625,9277,6892,14.07,11.50,11.74,37.31
418feb2d-0819-472f-8ac8-4c9ca3858773,NewRichTextDocument1,2150,6e644edc-d976-4953-bc5e-86d44701bf30,24,6480,6480,9114,6857,13.98,11.42,11.78,37.18
418feb2d-0819-472f-8ac8-4c9ca3858773,NewRichTextDocument1,2151,f0632009-64aa-4335-8cf6-45f0b326708a,24,7968,7968,11040,8339,17.15,14.16,14.51,45.82
418feb2d-0819-472f-8ac8-4c9ca3858773,NewRichTextDocument1,2152,6a738223-5455-4a23-a372-2627464fce47,24,8257,8257,11206,8573,17.51,14.63,14.94,47.07
418feb2d-0819-472f-8ac8-4c9ca3858773,NewRichTextDocument1,2153,5187d080-4469-4624-9fa0-cdf54639dc60,24,9107,9107,11625,9289,18.51,16.06,16.23,50.81
418feb2d-0819-472f-8ac8-4c9ca3858773,NewRichTextDocument1,2154,fd1cbb65-10ef-4fd6-be13-1231b16627cd,24,4044,4044,6559,4261,9.42,6.97,7.17,23.56
418feb2d-0819-472f-8ac8-4c9ca3858773,NewRichTextDocument1,2155,c51d7391-c396-47b2-9130-a819d6f080ed,24,4635,4635,7183,4849,10.33,7.85,8.05,26.23
418feb2d-0819-472f-8ac8-4c9ca3858773,NewRichTextDocument1,2156,5a2c0d8d-994c-48cc-96a4-39854374f7df,24,8330,8330,11213,8666,17.38,14.59,14.89,46.86
418feb2d-0819-472f-8ac8-4c9ca3858773,NewRichTextDocument1,2157,65ffff68-4f7b-4051-b5dc-3e3a44243e7d,24,7851,7851,10499,8096,16.28,13.71,13.93,43.92
418feb2d-0819-472f-8ac8-4c9ca3858773,NewRichTextDocument1,2158,09303c7c-865b-4baf-b288-b8043a554fb7,24,4621,4621,7164,4840,10.39,7.92,8.12,26.43
418feb2d-0819-472f-8ac8-4c9ca3858773,NewRichTextDocument1,2159,152a489c-cc6e-4ab4-8709-9fee2a3e9cff,24,4546,4546,6967,4713,10.15,7.79,7.95,25.88
418feb2d-0819-472f-8ac8-4c9ca3858773,NewRichTextDocument1,2160,9b38f0aa-0e44-4e9c-83e0-277e01364bb9,24,9573,9573,12177,9783,19.34,16.80,17.00,53.14
418feb2d-0819-472f-8ac8-4c9ca3858773,NewRichTextDocument1,2161,aaaa925d-6006-4650-9f6f-c02c45596ed4,24,4451,4451,6933,4646,10.16,7.75,7.93,25.84
418feb2d-0819-472f-8ac8-4c9ca3858773,NewRichTextDocument1,2162,45373867-a75f-4aff-bcfd-005e06511a8e,24,5464,5464,7879,5621,11.89,9.54,9.69,31.11
418feb2d-0819-472f-8ac8-4c9ca3858773,NewRichTextDocument1,2163,bde425b5-6fed-4288-a90d-7970d4990a95,24,6124,6124,8675,6346,13.10,10.62,10.82,34.54
418feb2d-0819-472f-8ac8-4c9ca3858773,NewRichTextDocument1,2164,1f9a477e-efe8-4639-b669-bf65fb5e1bd5,24,6110,6110,8673,6337,12.92,10.43,10.64,33.99
418feb2d-0819-472f-8ac8-4c9ca3858773,NewRichTextDocument1,2165,5e705101-5664-460a-9f40-fa7e535a048a,24,5815,5815,8445,6073,12.34,9.79,10.03,32.16
418feb2d-0819-472f-8ac8-4c9ca3858773,NewRichTextDocument1,2166,e71cd747-2f95-4b55-9d35-6f51931d097c,24,4846,4846,7359,5051,10.79,8.34,8.54,27.67
418feb2d-0819-472f-8ac8-4c9ca3858773,NewRichTextDocument1,2167,2c433478-e7c6-4762-a7d7-38e56bdb5203,24,5765,5765,8331,5995,12.41,9.92,10.13,32.45
418feb2d-0819-472f-8ac8-4c9ca3858773,NewRichTextDocument1,2168,0f647e3e-4f73-4d12-bb62-3450763dde73,24,7239,7239,9816,7460,15.00,12.50,12.70,40.20
418feb2d-0819-472f-8ac8-4c9ca3858773,NewRichTextDocument1,2169,bae4c15c-9446-4425-93df-ae1fc66eff49,24,3445,3445,5892,3630,8.23,5.85,6.02,20.09
418feb2d-0819-472f-8ac8-4c9ca3858773,NewRichTextDocument1,2170,9402224a-459a-4d70-8b9d-25050c94ac66,24,7560,7560,10205,7813,15.69,13.12,13.36,42.17
418feb2d-0819-472f-8ac8-4c9ca3858773,NewRichTextDocument1,2171,c2a52501-ebb2-483f-8ed6-1fca4476236a,24,13827,13827,16580,14064,27.14,24.46,24.69,76.29
418feb2d-0819-472f-8ac8-4c9ca3858773,NewRichTextDocument1,2172,0e01198d-403e-47dd-9004-e13450467515,24,8198,8198,10835,8428,17.11,14.54,14.75,46.40
418feb2d-0819-472f-8ac8-4c9ca3858773,NewRichTextDocument1,2173,85121c5f-2113-41c8-9184-e464a0e3a32b,24,9499,9499,12013,9676,19.34,16.89,17.06,53.29
418feb2d-0819-472f-8ac8-4c9ca3858773,NewRichTextDocument1,2174,ae31839f-cb55-42ef-87de-7cbce9cc098b,24,6766,6766,9348,6992,14.55,12.04,12.25,38.84
418feb2d-0819-472f-8ac8-4c9ca3858773,NewRichTextDocument1,2175,78f61eda-6ac8-469c-b5b9-5e2bca6694b9,24,8555,8555,11032,8722,17.66,15.24,15.40,48.30
418feb2d-0819-472f-8ac8-4c9ca3858773,NewRichTextDocument1,2176,93c6ed8c-b246-419b-8aff-4c0afbf3aa70,24,6430,6430,8888,6596,13.84,11.44,11.60,36.89
418feb2d-0819-472f-8ac8-4c9ca3858773,NewRichTextDocument1,2177,705bf02d-00f2-4338-9150-3bf2936fa73d,24,6166,6166,8598,6326,13.31,10.94,11.09,35.33
418feb2d-0819-472f-8ac8-4c9ca3858773,NewRichTextDocument1,2178,85874cc7-4c74-4d1b-9a4a-2359555c1d85,24,8747,8747,11280,8939,18.06,15.59,15.77,49.42
418feb2d-0819-472f-8ac8-4c9ca3858773,NewRichTextDocument1,2179,efc9d5c5-df4a-4602-83da-f5fe53f817fd,24,11661,11661,14421,11924,23.45,20.77,21.02,65.24
418feb2d-0819-472f-8ac8-4c9ca3858773,NewRichTextDocument1,2180,2a9dcc79-36b6-4ac3-a2a6-972cd0ce3377,24,5211,5211,7786,5435,11.73,9.22,9.43,30.39
418feb2d-0819-472f-8ac8-4c9ca3858773,NewRichTextDocument1,2181,efa8d0d3-7a1e-4c0d-b9d8-9193ea337b01,24,7234,7234,9714,7411,15.32,12.90,13.07,41.28
418feb2d-0819-472f-8ac8-4c9ca3858773,NewRichTextDocument1,2182,d41c283b-fc72-4b9a-bdc9-539ea8a36217,24,2187,2187,5394,2902,6.65,3.54,4.21,14.40
418feb2d-0819-472f-8ac8-4c9ca3858773,NewRichTextDocument1,2183,51c7eb28-2a88-4c14-9173-8df4784cd104,24,4134,4134,7208,4520,9.89,6.89,7.26,24.05
418feb2d-0819-472f-8ac8-4c9ca3858773,NewRichTextDocument1,2184,7170c130-66fa-43cb-9141-bfb0d5e90b29,24,1963,1963,5233,2433,6.08,2.90,3.34,12.32
418feb2d-0819-472f-8ac8-4c9ca3858773,NewRichTextDocument1,2185,a8eca97c-416c-4445-af98-4ef0f258069d,24,1394,1394,4450,1765,5.22,2.24,2.60,10.05
418feb2d-0819-472f-8ac8-4c9ca3858773,NewRichTextDocument1,2186,77b059ca-1095-42aa-9dc7-763ef408f1f2,24,2667,2667,5901,3120,7.27,4.12,4.55,15.93
418feb2d-0819-472f-8ac8-4c9ca3858773,NewRichTextDocument1,2187,32ac64ad-9b11-41f8-976d-19f13d805e4a,24,3355,3355,6820,3910,8.34,4.97,5.50,18.80
418feb2d-0819-472f-8ac8-4c9ca3858773,NewRichTextDocument1,2188,06faae43-9472-40c4-abc3-97992bafded8,24,4183,4183,7442,4627,10.05,6.87,7.30,24.22
418feb2d-0819-472f-8ac8-4c9ca3858773,NewRichTextDocument1,2189,f742653f-5905-489c-9132-4614ea422331,24,3760,3760,6677,4129,8.67,5.83,6.18,20.67
418feb2d-0819-472f-8ac8-4c9ca3858773,NewRichTextDocument1,2190,2866738f-018a-4bf4-adfc-95204941ad9f,24,2922,2922,6239,3389,7.96,4.74,5.18,17.88
418feb2d-0819-472f-8ac8-4c9ca3858773,NewRichTextDocument1,2191,48cd8309-14db-40f7-8155-2059fcdfa6b0,24,3007,3007,6200,3460,7.77,4.67,5.10,17.54
418feb2d-0819-472f-8ac8-4c9ca3858773,NewRichTextDocument1,2192,2e33aca0-2fb5-4846-aeb1-569dc2909096,24,1079,1079,4111,1440,4.65,1.69,2.04,8.38
418feb2d-0819-472f-8ac8-4c9ca3858773,NewRichTextDocument1,2193,aa36b5da-d805-42b6-992a-e9eacf445523,24,2788,2788,5759,3154,7.42,4.53,4.87,16.82
418feb2d-0819-472f-8ac8-4c9ca3858773,NewRichTextDocument1,2194,15bf2f8a-824f-4abe-a830-2ff8da90bc2d,24,1784,1784,4916,2178,5.84,2.78,3.17,11.79
418feb2d-0819-472f-8ac8-4c9ca3858773,NewRichTextDocument1,2195,381d5a94-4a44-4d34-a22e-c9231c0e8264,24,4255,4255,7496,4731,10.00,6.85,7.30,24.14
418feb2d-0819-472f-8ac8-4c9ca3858773,NewRichTextDocument1,2196,b0416317-c81f-482f-85c9-0396b315bcd4,24,3418,3418,6379,3760,8.64,5.75,6.08,20.47
418feb2d-0819-472f-8ac8-4c9ca3858773,NewRichTextDocument1,2197,20ce104d-cb64-4232-9bb4-3dc907ea9023,24,1640,1640,4563,1965,5.54,2.69,3.00,11.23
418feb2d-0819-472f-8ac8-4c9ca3858773,NewRichTextDocument1,2198,bb7fa5af-03cb-4bf3-a6ab-6c60e06a6b20,24,1454,1454,4521,1824,5.33,2.33,2.70,10.36
418feb2d-0819-472f-8ac8-4c9ca3858773,NewRichTextDocument1,2199,01ea62b6-5acd-4d0c-a611-ca4a7765db9b,24,1825,1825,4851,2188,5.91,2.95,3.30,12.16
418feb2d-0819-472f-8ac8-4c9ca3858773,NewRichTextDocument1,2200,e3da81c9-fa5c-4470-8647-5fea1ade2f24,24,1857,1857,4882,2220,5.95,3.00,3.35,12.30
418feb2d-0819-472f-8ac8-4c9ca3858773,NewRichTextDocument1,2201,f41c5e5c-92be-48ce-8001-d5122f38355f,24,3529,3529,6320,3840,8.54,5.83,6.12,20.50
418feb2d-0819-472f-8ac8-4c9ca3858773,NewRichTextDocument1,2202,8a985113-c6cd-4879-8027-1369349d7af8,24,2313,2313,5099,2599,6.63,3.91,4.19,14.72
418feb2d-0819-472f-8ac8-4c9ca3858773,NewRichTextDocument1,2203,fce68139-696a-4c9f-84ca-64801de2cf1b,24,907,907,3945,1272,4.34,1.37,1.73,7.43
418feb2d-0819-472f-8ac8-4c9ca3858773,NewRichTextDocument1,2204,00612716-d0bd-4070-a79f-e7f7a1ec2c6f,24,1688,1688,4737,2054,5.76,2.78,3.14,11.68
418feb2d-0819-472f-8ac8-4c9ca3858773,NewRichTextDocument1,2205,82650114-483e-4158-a5aa-002aa81d3144,24,1937,1937,5207,2388,6.26,3.08,3.51,12.86
418feb2d-0819-472f-8ac8-4c9ca3858773,NewRichTextDocument1,2206,443e33ba-068e-463f-ab60-62fcc3871325,24,2867,2867,5863,3212,7.83,4.90,5.24,17.96
418feb2d-0819-472f-8ac8-4c9ca3858773,NewRichTextDocument1,2207,55cab48e-c7df-4903-a2ff-1a22ce2ba836,24,2928,2928,6017,3304,7.91,4.89,5.26,18.07
418feb2d-0819-472f-8ac8-4c9ca3858773,NewRichTextDocument1,2208,a85c2c2e-c57c-4517-a35f-8c7a135f49df,24,4892,4892,7872,5222,11.38,8.47,8.79,28.63
418feb2d-0819-472f-8ac8-4c9ca3858773,NewRichTextDocument1,2209,234ae7f6-0799-4732-85cc-c9e7b7e42c7c,24,1466,1466,4425,1805,5.25,2.36,2.69,10.31
418feb2d-0819-472f-8ac8-4c9ca3858773,NewRichTextDocument1,2210,1a813bf1-c941-4b69-8e06-98debcaeb743,24,1636,1636,4676,1997,5.62,2.65,3.00,11.27
418feb2d-0819-472f-8ac8-4c9ca3858773,NewRichTextDocument1,2211,ca04e80e-e42b-46a5-808c-744860bf0e00,24,1344,1344,4303,1689,4.99,2.11,2.44,9.54
418feb2d-0819-472f-8ac8-4c9ca3858773,NewRichTextDocument1,2212,9b40d1de-09d2-41c2-b4e4-ccce8026ef07,24,1306,1306,4428,1694,5.11,2.07,2.44,9.62
418feb2d-0819-472f-8ac8-4c9ca3858773,NewRichTextDocument1,2213,0b324a2c-46e7-4a50-a0b6-0ebae634f1b8,24,2014,2014,5095,2395,6.27,3.26,3.63,13.17
418feb2d-0819-472f-8ac8-4c9ca3858773,NewRichTextDocument1,2214,7d7f4cab-6799-412c-97e9-248f076f357e,24,2643,2643,5688,3005,7.46,4.49,4.84,16.78
418feb2d-0819-472f-8ac8-4c9ca3858773,NewRichTextDocument1,2215,53245293-33d0-4949-9fe0-6bc6fdbfa8d6,24,1309,1309,4440,1702,5.13,2.08,2.46,9.67
418feb2d-0819-472f-8ac8-4c9ca3858773,NewRichTextDocument1,2216,d3f8b8cf-e0e0-4119-8e6d-cb768c7fefc8,24,1460,1460,4432,1804,5.24,2.34,2.67,10.25
418feb2d-0819-472f-8ac8-4c9ca3858773,NewRichTextDocument1,2217,d11552f9-2f85-4eb6-a0bd-825d4f1f9b3b,24,1174,1174,4090,1499,4.72,1.87,2.19,8.79
418feb2d-0819-472f-8ac8-4c9ca3858773,NewRichTextDocument1,2218,75a52156-b54d-487a-b8b9-17d347531ccc,24,1317,1317,4109,1607,4.91,2.19,2.47,9.57
418feb2d-0819-472f-8ac8-4c9ca3858773,NewRichTextDocument1,2219,83a9f876-dccb-4ae0-81fe-3bc25c02eb45,24,1987,1987,4742,2270,6.05,3.36,3.63,13.05
418feb2d-0819-472f-8ac8-4c9ca3858773,NewRichTextDocument1,2220,89288842-7040-4c11-9fcd-36f620d7295d,24,1322,1322,3777,1509,4.58,2.18,2.36,9.13
418feb2d-0819-472f-8ac8-4c9ca3858773,NewRichTextDocument1,2221,a66af01b-3afc-4fd1-84b7-1ed858094a67,24,1055,1055,4173,1443,4.73,1.69,2.07,8.49
418feb2d-0819-472f-8ac8-4c9ca3858773,NewRichTextDocument1,2222,d5be3c84-e6f2-4727-b937-4bab8288848d,24,1214,1214,4325,1603,4.99,1.95,2.33,9.28
418feb2d-0819-472f-8ac8-4c9ca3858773,NewRichTextDocument1,2223,20c25726-8603-4884-b069-4843778ba77a,24,995,995,4112,1383,4.58,1.53,1.91,8.03
418feb2d-0819-472f-8ac8-4c9ca3858773,NewRichTextDocument1,2224,cda08c08-b0e0-4be1-8585-1a2f688f2412,24,1031,1031,4005,1374,4.54,1.63,1.97,8.13
418feb2d-0819-472f-8ac8-4c9ca3858773,NewRichTextDocument1,2225,957559bd-8c3d-4e49-a753-a77d54c3bfcc,24,1263,1263,4365,1652,5.02,2.00,2.38,9.40
418feb2d-0819-472f-8ac8-4c9ca3858773,NewRichTextDocument1,2226,0a7b7494-b2ff-454f-a7d9-76a2b0bd9a9d,24,1209,1209,4184,1552,4.85,1.95,2.28,9.08
418feb2d-0819-472f-8ac8-4c9ca3858773,NewRichTextDocument1,2227,0060146b-dd18-47dd-96df-a1443cd54b3f,24,1173,1173,4208,1540,4.86,1.90,2.26,9.03
418feb2d-0819-472f-8ac8-4c9ca3858773,NewRichTextDocument1,2228,aa92fca4-9a8f-4280-b2d8-036b38095e63,24,982,982,4021,1348,4.51,1.55,1.90,7.96
418feb2d-0819-472f-8ac8-4c9ca3858773,NewRichTextDocument1,2229,4e5a931a-3a7a-4d67-a58c-69c1051cb460,24,796,796,3765,1139,4.06,1.16,1.49,6.71
418feb2d-0819-472f-8ac8-4c9ca3858773,NewRichTextDocument1,2230,09ebeb31-3e24-4888-b43a-30909579b9bb,24,1256,1256,4224,1600,4.95,2.05,2.39,9.39
418feb2d-0819-472f-8ac8-4c9ca3858773,NewRichTextDocument1,2231,095256b2-f70e-4d07-b205-c2058ca8bd18,24,1756,1756,4885,2150,5.92,2.86,3.25,12.03
418feb2d-0819-472f-8ac8-4c9ca3858773,NewRichTextDocument1,2232,5e306dc1-b456-4244-846c-44f5527a08af,24,1407,1407,4531,1795,5.34,2.29,2.67,10.31
418feb2d-0819-472f-8ac8-4c9ca3858773,NewRichTextDocument1,2233,df62ab1a-f596-4bd2-960f-82628e6c883a,24,1604,1604,4676,1974,5.64,2.64,3.00,11.29
418feb2d-0819-472f-8ac8-4c9ca3858773,NewRichTextDocument1,2234,2d1cea7e-548b-4810-b13c-3fba3279c987,24,2397,2397,5656,2857,7.24,4.07,4.50,15.81
418feb2d-0819-472f-8ac8-4c9ca3858773,NewRichTextDocument1,2235,d82188db-b0f2-4766-9606-bf2203bb0977,24,1811,1811,4847,2179,5.97,3.01,3.36,12.34
418feb2d-0819-472f-8ac8-4c9ca3858773,NewRichTextDocument1,2236,90d91636-4daa-41f0-9c6b-2cd0f0a69fe7,24,1331,1331,4426,1716,5.18,2.16,2.53,9.87
418feb2d-0819-472f-8ac8-4c9ca3858773,NewRichTextDocument1,2237,98103bb7-f0c3-47b4-a876-8ef3ae4294ff,24,1394,1394,4376,1743,5.10,2.19,2.53,9.83
418feb2d-0819-472f-8ac8-4c9ca3858773,NewRichTextDocument1,2238,58fb71ba-9373-4e60-aff0-b56cddf5098b,24,2933,2933,5861,3289,7.68,4.84,5.17,17.69
418feb2d-0819-472f-8ac8-4c9ca3858773,NewRichTextDocument1,2239,1310cdb3-bf79-442b-afd2-9ea80adaa1a0,24,1721,1721,4473,2009,5.47,2.79,3.06,11.32
418feb2d-0819-472f-8ac8-4c9ca3858773,NewRichTextDocument1,2240,adcf52d9-52fa-4e3e-9e8e-c4c0a7715b00,24,1964,1964,5126,2361,6.34,3.25,3.64,13.22
418feb2d-0819-472f-8ac8-4c9ca3858773,NewRichTextDocument1,2241,8e72d5b9-f91c-4d13-94b7-f2b5f9c7c62e,24,4163,4163,6851,4413,9.72,7.10,7.34,24.16
418feb2d-0819-472f-8ac8-4c9ca3858773,NewRichTextDocument1,2242,8ef2a23a-6ee0-4868-a07e-7acc240ba9a7,24,1731,1731,4215,1945,5.22,2.81,3.01,11.04
418feb2d-0819-472f-8ac8-4c9ca3858773,NewRichTextDocument1,2243,431ea2be-33bd-417f-b243-4ef55b1895cd,24,2881,2881,6713,3492,8.46,4.72,5.32,18.50
418feb2d-0819-472f-8ac8-4c9ca3858773,NewRichTextDocument1,2244,7ea357a3-467e-47ce-b83d-56179d2a478a,24,1427,1427,4609,1833,5.36,2.25,2.64,10.25
418feb2d-0819-472f-8ac8-4c9ca3858773,NewRichTextDocument1,2245,d5d1ef88-4b2f-463a-a9bf-ba1e49b18e62,24,1437,1437,4718,1891,5.34,2.14,2.58,10.05
418feb2d-0819-472f-8ac8-4c9ca3858773,NewRichTextDocument1,2246,cd79ec4b-25ed-4b2d-98e6-85f5670f2c17,24,851,851,3920,1226,4.26,1.26,1.63,7.16
418feb2d-0819-472f-8ac8-4c9ca3858773,NewRichTextDocument1,2247,6d5d0b5d-f281-4c4c-a258-e4e31975ba6a,24,918,918,3951,1279,4.34,1.37,1.73,7.44
418feb2d-0819-472f-8ac8-4c9ca3858773,NewRichTextDocument1,2248,872b965f-793a-41a4-9b21-80b940e434ec,24,1078,1078,4224,1475,4.71,1.63,2.02,8.36
418feb2d-0819-472f-8ac8-4c9ca3858773,NewRichTextDocument1,2249,b78e79a9-64a6-46d6-9143-2c63d1c5be1a,24,1593,1593,4768,2000,5.70,2.60,2.99,11.29
418feb2d-0819-472f-8ac8-4c9ca3858773,NewRichTextDocument1,2250,74f8b76f-ab1a-4394-a0b9-8e985a8bf370,24,1674,1674,5108,2184,5.57,2.22,2.71,10.51
418feb2d-0819-472f-8ac8-4c9ca3858773,NewRichTextDocument1,2251,3534b482-bc1b-4f34-b22c-8ecac1d4ac03,24,1342,1342,4656,1790,5.30,2.07,2.51,9.88
418feb2d-0819-472f-8ac8-4c9ca3858773,NewRichTextDocument1,2252,b5e9e6d6-cfb3-458c-b982-6100e8acf9af,24,1488,1488,4633,1886,5.40,2.33,2.72,10.44
418feb2d-0819-472f-8ac8-4c9ca3858773,NewRichTextDocument1,2253,0a5c3325-2a8a-42c0-a068-e03fe1d75827,24,1048,1048,4137,1427,4.64,1.63,2.00,8.26
418feb2d-0819-472f-8ac8-4c9ca3858773,NewRichTextDocument1,2254,12b82955-6317-4c7f-bace-48da23fffb5a,24,1345,1345,4633,1788,5.32,2.11,2.54,9.97
418feb2d-0819-472f-8ac8-4c9ca3858773,NewRichTextDocument1,2255,49e0dda8-aed9-4ee5-89a1-37d5851c3d7c,24,826,826,3856,1187,4.20,1.24,1.59,7.04
418feb2d-0819-472f-8ac8-4c9ca3858773,NewRichTextDocument1,2256,5e425ee8-baef-4dd4-8100-90a49b1c0081,24,1211,1211,4437,1640,4.96,1.81,2.23,9.01
418feb2d-0819-472f-8ac8-4c9ca3858773,NewRichTextDocument1,2257,ebacfa8c-ac91-4f71-9d83-6bf2701c5bb8,24,1097,1097,4274,1503,4.80,1.70,2.09,8.59
418feb2d-0819-472f-8ac8-4c9ca3858773,NewRichTextDocument1,2258,4bdfbf7e-d185-4ca3-a720-649ae0ba7aaa,24,1369,1369,4347,1712,5.12,2.21,2.55,9.88
418feb2d-0819-472f-8ac8-4c9ca3858773,NewRichTextDocument1,2259,b934ec88-b033-408a-b6c1-2f216a1a9c57,24,1598,1598,4754,1995,5.70,2.62,3.01,11.33
418feb2d-0819-472f-8ac8-4c9ca3858773,NewRichTextDocument1,2260,737426f3-9f10-42f6-ad0e-9935e232bfce,24,1134,1134,4165,1495,4.75,1.79,2.14,8.67
418feb2d-0819-472f-8ac8-4c9ca3858773,NewRichTextDocument1,2261,2e9e1107-2d2e-48e9-b3eb-1c34a9aa6b21,24,1545,1545,4700,1948,5.55,2.47,2.86,10.88
418feb2d-0819-472f-8ac8-4c9ca3858773,NewRichTextDocument1,2262,2b8dc700-5e04-4228-a60e-7598fffae991,24,1549,1549,4607,1920,5.54,2.55,2.91,11.00
418feb2d-0819-472f-8ac8-4c9ca3858773,NewRichTextDocument1,2263,191382e8-d3d6-4473-915a-b7b9c9cb5bc2,24,1295,1295,4164,1607,4.89,2.09,2.40,9.38
418feb2d-0819-472f-8ac8-4c9ca3858773,NewRichTextDocument1,2264,236381c3-2807-4c1a-8b0a-4c1b398bf53e,24,1035,1035,4096,1405,4.57,1.58,1.94,8.10
418feb2d-0819-472f-8ac8-4c9ca3858773,NewRichTextDocument1,2265,c5dd6cea-a3ee-46ea-bf9a-49564e30c9d0,24,1932,1932,5054,2321,6.27,3.22,3.60,13.09
418feb2d-0819-472f-8ac8-4c9ca3858773,NewRichTextDocument1,2266,b6aeae24-e249-4fe1-8735-b339f3503755,24,1505,1505,4485,1848,5.38,2.47,2.81,10.66
418feb2d-0819-472f-8ac8-4c9ca3858773,NewRichTextDocument1,2267,f5f4358b-d8b9-4717-a2df-1e507c530046,24,4001,4001,7127,4399,9.88,6.83,7.21,23.93
418feb2d-0819-472f-8ac8-4c9ca3858773,NewRichTextDocument1,2268,27d1d2ee-e1a4-4019-9615-aadf66c06281,24,2969,2969,5574,3203,7.55,5.01,5.23,17.79
418feb2d-0819-472f-8ac8-4c9ca3858773,NewRichTextDocument1,2269,5816ba32-052b-4f15-af81-9a012fd9d92d,24,1717,1717,4592,2029,5.61,2.80,3.11,11.52
418feb2d-0819-472f-8ac8-4c9ca3858773,NewRichTextDocument1,2270,8559eefb-9be4-4948-91c2-2b94b542252c,24,4045,4045,7040,4515,9.84,6.92,7.37,24.13
418feb2d-0819-472f-8ac8-4c9ca3858773,NewRichTextDocument1,2271,41fe7d37-6b8f-4be2-b924-4f2f5f89f343,24,3905,3905,6813,4270,9.48,6.65,7.00,23.13
418feb2d-0819-472f-8ac8-4c9ca3858773,NewRichTextDocument1,2272,31978fd2-c7d3-486b-a347-41292cd03c92,24,1490,1490,4959,2009,5.70,2.32,2.82,10.84
418feb2d-0819-472f-8ac8-4c9ca3858773,NewRichTextDocument1,2273,8f65cae6-613e-4ba5-b8b7-19725a677c25,24,1535,1535,4544,1887,5.48,2.54,2.89,10.92
418feb2d-0819-472f-8ac8-4c9ca3858773,NewRichTextDocument1,2274,0bd6804b-44c3-4740-8bcf-2659a8d5f877,24,1962,1962,4973,2320,6.16,3.22,3.57,12.95
418feb2d-0819-472f-8ac8-4c9ca3858773,NewRichTextDocument1,2275,9233ad23-6df1-4ded-8ce7-aa91a52e8ce5,24,1080,1080,4121,1445,4.69,1.72,2.08,8.49
418feb2d-0819-472f-8ac8-4c9ca3858773,NewRichTextDocument1,2276,4cbdf9bd-48ca-4d81-890a-7e715ae8e8ac,24,1678,1678,4854,2097,5.83,2.73,3.14,11.69
418feb2d-0819-472f-8ac8-4c9ca3858773,NewRichTextDocument1,2277,e6e04d74-9e18-4e9c-ab36-777206471d3c,24,1199,1199,4233,1566,4.89,1.93,2.28,9.10
418feb2d-0819-472f-8ac8-4c9ca3858773,NewRichTextDocument1,2278,4facec4f-fa7a-4818-a0b0-847cc3476067,24,1745,1745,5081,2214,6.00,2.74,3.20,11.93
418feb2d-0819-472f-8ac8-4c9ca3858773,NewRichTextDocument1,2279,7058fc15-3d5e-44eb-b9df-dc47bea39d26,24,1013,1013,4080,1390,4.50,1.50,1.87,7.87
418feb2d-0819-472f-8ac8-4c9ca3858773,NewRichTextDocument1,2280,687552c6-bf28-42e2-9041-3ebd87a8c76c,24,1057,1057,4066,1413,4.54,1.60,1.95,8.08
418feb2d-0819-472f-8ac8-4c9ca3858773,NewRichTextDocument1,2281,6d0815e9-5a53-41e8-b681-ebcfbcf69b39,24,1739,1739,4857,2128,5.92,2.88,3.26,12.05
418feb2d-0819-472f-8ac8-4c9ca3858773,NewRichTextDocument1,2282,97c57219-a8c7-4292-83a9-c7deaa99d79f,24,921,921,4027,1316,4.45,1.42,1.80,7.67
418feb2d-0819-472f-8ac8-4c9ca3858773,NewRichTextDocument1,2283,0c851c27-6109-419c-81bf-1261431831f7,24,1558,1558,4548,1905,5.39,2.47,2.81,10.67
418feb2d-0819-472f-8ac8-4c9ca3858773,NewRichTextDocument1,2284,91dcc51b-e8f6-45f7-a72a-0ba7583b92c2,24,1090,1090,3957,1402,4.53,1.73,2.03,8.29
418feb2d-0819-472f-8ac8-4c9ca3858773,NewRichTextDocument1,2285,7fba7e01-5e2d-4d9e-a303-604298099376,24,2000,2000,5044,2361,6.32,3.34,3.70,13.36
418feb2d-0819-472f-8ac8-4c9ca3858773,NewRichTextDocument1,2286,ff1e48ee-e6f8-4d87-a87d-2fa95c159da8,24,1664,1664,4644,2007,5.62,2.71,3.05,11.39
418feb2d-0819-472f-8ac8-4c9ca3858773,NewRichTextDocument1,2287,726c3b57-0ee5-4fda-9912-bd34782a9f51,24,1425,1425,4519,1804,5.24,2.22,2.59,10.05
418feb2d-0819-472f-8ac8-4c9ca3858773,NewRichTextDocument1,2288,aa9e8ab7-a4b0-4996-8f48-7ddd56fe4ea4,24,3246,3246,6264,3611,8.26,5.31,5.67,19.24
418feb2d-0819-472f-8ac8-4c9ca3858773,NewRichTextDocument1,2289,b19b43f5-e572-415a-81ca-cf94240f3a37,24,1536,1536,4708,1941,5.56,2.46,2.86,10.88
418feb2d-0819-472f-8ac8-4c9ca3858773,NewRichTextDocument1,2290,df9694e4-bafb-41f6-b85d-c341b44d4417,24,2781,2781,5935,3180,7.77,4.69,5.08,17.53
418feb2d-0819-472f-8ac8-4c9ca3858773,NewRichTextDocument1,2291,ec64f335-4ecf-45e6-a08f-f5971f0f9506,24,2807,2807,6118,3262,7.85,4.62,5.06,17.54
418feb2d-0819-472f-8ac8-4c9ca3858773,NewRichTextDocument1,2292,8234c931-2bc8-48d4-b3a3-fdb57a37487e,24,2074,2074,5120,2435,6.42,3.45,3.80,13.67
418feb2d-0819-472f-8ac8-4c9ca3858773,NewRichTextDocument1,2293,a039cdb2-f659-4e5d-83d1-019a64a4a372,24,2596,2596,5886,3053,7.45,4.25,4.68,16.38
418feb2d-0819-472f-8ac8-4c9ca3858773,NewRichTextDocument1,2294,a515d365-23d7-498b-a7ef-1cdff713f559,24,1014,1014,4044,1375,4.55,1.59,1.94,8.09
418feb2d-0819-472f-8ac8-4c9ca3858773,NewRichTextDocument1,2295,786b3c27-5c37-4d47-b3ab-21eaf9af1296,24,984,984,4081,1368,4.53,1.50,1.88,7.90
418feb2d-0819-472f-8ac8-4c9ca3858773,NewRichTextDocument1,2296,80d0584d-1056-4eb2-8a07-69a4a7e76079,24,1956,1956,5060,2335,6.26,3.23,3.60,13.09
418feb2d-0819-472f-8ac8-4c9ca3858773,NewRichTextDocument1,2297,c8f92575-097e-4ac8-9e97-22b610efc644,24,1964,1964,4862,2280,6.14,3.31,3.62,13.08
418feb2d-0819-472f-8ac8-4c9ca3858773,NewRichTextDocument1,2298,b9493f9d-2989-4c6b-b755-24d2e7043b7c,24,1203,1203,4382,1615,4.98,1.88,2.28,9.15
418feb2d-0819-472f-8ac8-4c9ca3858773,NewRichTextDocument1,2299,7c2414f4-27aa-481c-8c83-12f8544dea01,24,1654,1654,4802,2062,5.70,2.63,3.02,11.35
418feb2d-0819-472f-8ac8-4c9ca3858773,NewRichTextDocument1,2300,5a12426c-3ea1-4ea5-94ea-0223f191571f,24,1441,1441,4518,1822,5.31,2.31,2.68,10.30
418feb2d-0819-472f-8ac8-4c9ca3858773,NewRichTextDocument1,2301,60191afd-66a1-4152-96f9-3475ff9497b6,24,1191,1191,4611,1674,5.12,1.78,2.25,9.14
418feb2d-0819-472f-8ac8-4c9ca3858773,NewRichTextDocument1,2302,877ba5a4-b38f-46db-a419-32a31c977b60,24,1114,1114,4252,1512,4.83,1.77,2.15,8.75
418feb2d-0819-472f-8ac8-4c9ca3858773,NewRichTextDocument1,2303,962edc1a-073b-4954-badc-49644a599840,24,1454,1454,4636,1860,5.43,2.32,2.72,10.46
418feb2d-0819-472f-8ac8-4c9ca3858773,NewRichTextDocument1,2304,d5b7841c-5aa0-4b6d-ab42-75f784735b63,24,2358,2358,5442,2746,6.94,3.93,4.30,15.17
418feb2d-0819-472f-8ac8-4c9ca3858773,NewRichTextDocument1,2305,2816af72-586d-4451-a037-6280f72aa042,24,2177,2177,5283,2562,6.66,3.63,4.00,14.30
418feb2d-0819-472f-8ac8-4c9ca3858773,NewRichTextDocument1,2306,9abc0af4-898c-4518-9806-c6dc00359577,24,1297,1297,4331,1658,5.07,2.11,2.46,9.64
418feb2d-0819-472f-8ac8-4c9ca3858773,NewRichTextDocument1,2307,b8de1069-9d7f-4e32-88a9-5680a0965c25,24,1154,1154,4216,1524,4.82,1.83,2.19,8.85
418feb2d-0819-472f-8ac8-4c9ca3858773,NewRichTextDocument1,2308,11bcd1b8-e979-4ba0-b1d9-1865be746369,24,1187,1187,4162,1530,4.81,1.90,2.24,8.95
418feb2d-0819-472f-8ac8-4c9ca3858773,NewRichTextDocument1,2309,3f863fb3-69e2-44cc-a5f6-5ba8d60f27f6,24,1027,1027,4232,1442,4.70,1.57,1.98,8.25
418feb2d-0819-472f-8ac8-4c9ca3858773,NewRichTextDocument1,2310,f6c04265-7cb7-4289-8353-5df555aef3f6,24,2161,2161,4830,2405,6.26,3.65,3.89,13.80
418feb2d-0819-472f-8ac8-4c9ca3858773,NewRichTextDocument1,2311,4d76a80e-896b-437d-a90e-6114838d80a9,24,1450,1450,4401,1784,5.26,2.38,2.70,10.33
418feb2d-0819-472f-8ac8-4c9ca3858773,NewRichTextDocument1,2312,2a6ad516-7ef2-47bf-a6e3-a4930995b6bd,24,1114,1114,4271,1516,4.87,1.78,2.18,8.83
418feb2d-0819-472f-8ac8-4c9ca3858773,NewRichTextDocument1,2313,d46ec646-ae43-4ff7-946a-4a2a66abd6d8,24,1629,1629,4671,2002,5.58,2.61,2.97,11.17
418feb2d-0819-472f-8ac8-4c9ca3858773,NewRichTextDocument1,2314,adef502a-7390-4d3f-a57f-bb3e0909e2ea,24,910,910,3930,1272,4.29,1.34,1.69,7.32
418feb2d-0819-472f-8ac8-4c9ca3858773,NewRichTextDocument1,2315,d9e7fab8-e364-42c1-956c-a2f19507eb32,24,975,975,4063,1360,4.47,1.46,1.83,7.77
418feb2d-0819-472f-8ac8-4c9ca3858773,NewRichTextDocument1,2316,439d8f53-429b-4809-a120-7438ba39df96,24,1104,1104,4165,1474,4.66,1.67,2.03,8.35
418feb2d-0819-472f-8ac8-4c9ca3858773,NewRichTextDocument1,2317,ae6cfcc8-32c6-4e29-a3e3-5fa054753741,24,1141,1141,4136,1494,4.67,1.74,2.08,8.49
418feb2d-0819-472f-8ac8-4c9ca3858773,NewRichTextDocument1,2318,e5e74ab3-5d21-4f77-b6b3-d9aa3ffcbcc0,24,911,911,3880,1254,4.25,1.35,1.68,7.27
418feb2d-0819-472f-8ac8-4c9ca3858773,NewRichTextDocument1,2319,cfe6ef50-a4ce-437a-9613-0ee5b12fdbf6,24,1001,1001,4117,1389,4.54,1.50,1.88,7.92
418feb2d-0819-472f-8ac8-4c9ca3858773,NewRichTextDocument1,2320,f87a475f-4c1f-4526-9836-74a1651f5a34,24,862,862,3871,1219,4.23,1.29,1.64,7.16
418feb2d-0819-472f-8ac8-4c9ca3858773,NewRichTextDocument1,2321,4030194f-768f-4044-a039-28eb34f1cf0d,24,1049,1049,4255,1464,4.71,1.58,1.99,8.28
418feb2d-0819-472f-8ac8-4c9ca3858773,NewRichTextDocument1,2322,5407ff8c-134c-4c2f-aac3-097fce25b88a,24,901,901,3902,1253,4.25,1.32,1.66,7.23
418feb2d-0819-472f-8ac8-4c9ca3858773,NewRichTextDocument1,2323,614da3cb-2de1-4a2e-a3f2-9e954ed2cf85,24,1035,1035,4076,1407,4.54,1.57,1.93,8.04
418feb2d-0819-472f-8ac8-4c9ca3858773,NewRichTextDocument1,2324,24394835-dd38-4c73-a72f-8c96f6689611,24,1190,1190,4243,1561,4.74,1.76,2.12,8.62
418feb2d-0819-472f-8ac8-4c9ca3858773,NewRichTextDocument1,2325,10f3e5f1-95b5-43b4-bb59-d53c7e9e0956,24,1367,1367,4393,1729,5.21,2.26,2.61,10.09
418feb2d-0819-472f-8ac8-4c9ca3858773,NewRichTextDocument1,2326,f4e55c72-86bd-40af-9ebc-1879e7487de4,24,1761,1761,4766,2257,5.82,2.89,3.37,12.08
418feb2d-0819-472f-8ac8-4c9ca3858773,NewRichTextDocument1,2327,2a130a05-0b29-427a-8103-721b6ac6ca2d,24,1137,1137,4226,1516,4.78,1.77,2.14,8.69
418feb2d-0819-472f-8ac8-4c9ca3858773,NewRichTextDocument1,2328,a1475699-1c3e-42fe-8bf0-40999e5e3210,24,1073,1073,4104,1434,4.63,1.67,2.02,8.32
418feb2d-0819-472f-8ac8-4c9ca3858773,NewRichTextDocument1,2329,5c7230f3-4e5c-4ece-8b91-9f566e8b5101,24,959,959,3988,1320,4.41,1.46,1.81,7.68
418feb2d-0819-472f-8ac8-4c9ca3858773,NewRichTextDocument1,2330,b2d963e5-2cb7-43dd-bc3b-2a1055fda767,24,1139,1139,4384,1580,4.89,1.72,2.15,8.76
418feb2d-0819-472f-8ac8-4c9ca3858773,NewRichTextDocument1,2331,f9ee6f7c-475b-4f8f-a87d-aa3b028af0cc,24,1052,1052,3997,1386,4.52,1.64,1.97,8.12
418feb2d-0819-472f-8ac8-4c9ca3858773,NewRichTextDocument1,2332,50697f5a-f2c7-46b9-bd04-c702c0ad2b2c,24,1100,1100,4181,1480,4.71,1.70,2.07,8.48
418feb2d-0819-472f-8ac8-4c9ca3858773,NewRichTextDocument1,2333,8d9a1573-ace6-47c6-a768-da3a33e9d0b1,24,788,788,3786,1140,4.08,1.15,1.50,6.73
418feb2d-0819-472f-8ac8-4c9ca3858773,NewRichTextDocument1,2334,b76a2b55-b1df-4d7e-9664-f31ffaa665c0,24,1016,1016,4036,1378,4.50,1.55,1.90,7.96
418feb2d-0819-472f-8ac8-4c9ca3858773,NewRichTextDocument1,2335,60b206dc-03cd-45b5-8b14-20fe4ee712f4,24,965,965,4053,1344,4.47,1.45,1.82,7.75
418feb2d-0819-472f-8ac8-4c9ca3858773,NewRichTextDocument1,2336,800e3a79-b513-4c73-a8dd-695950cfe6de,24,910,910,4027,1298,4.41,1.36,1.74,7.51
418feb2d-0819-472f-8ac8-4c9ca3858773,NewRichTextDocument1,2337,d690caf7-afb0-4897-87da-fb6df0fdabed,24,916,916,4166,1349,4.52,1.35,1.77,7.63
418feb2d-0819-472f-8ac8-4c9ca3858773,NewRichTextDocument1,2338,f6055fc0-fdc8-4c4e-90a3-dfa83372fb14,24,952,952,4166,1382,4.47,1.34,1.75,7.56
418feb2d-0819-472f-8ac8-4c9ca3858773,NewRichTextDocument1,2339,0235fabe-3dc4-4a17-aa79-5c44f87cc236,24,1225,1225,4260,1586,4.85,1.88,2.24,8.97
418feb2d-0819-472f-8ac8-4c9ca3858773,NewRichTextDocument1,2340,bc05d1bc-f7ee-4291-8b01-0cdb18cbc291,24,1137,1137,4284,1534,4.83,1.76,2.14,8.73
418feb2d-0819-472f-8ac8-4c9ca3858773,NewRichTextDocument1,2341,708cce09-91ae-462b-9641-e143e04d9e7c,24,984,984,4120,1382,4.47,1.41,1.80,7.68
418feb2d-0819-472f-8ac8-4c9ca3858773,NewRichTextDocument1,2342,b45dca8a-3432-4042-a130-717a93f834c8,24,1019,1019,4020,1371,4.45,1.52,1.86,7.82
418feb2d-0819-472f-8ac8-4c9ca3858773,NewRichTextDocument1,2343,3e2789e1-0626-4b22-8b93-90b4283fe60b,24,901,901,3872,1244,4.23,1.33,1.66,7.21
418feb2d-0819-472f-8ac8-4c9ca3858773,NewRichTextDocument1,2344,5d08c82d-13cd-45fd-bbe7-a74cab9b2084,24,1158,1158,4260,1548,4.73,1.71,2.08,8.52
418feb2d-0819-472f-8ac8-4c9ca3858773,NewRichTextDocument1,2345,44ef8909-9949-4030-953c-a6de46214fbe,24,911,911,3912,1263,4.22,1.29,1.63,7.13
418feb2d-0819-472f-8ac8-4c9ca3858773,NewRichTextDocument1,2346,38af4ab1-c570-4510-b8f4-62394a2c67f8,24,1432,1432,4594,1834,5.32,2.23,2.62,10.17
418feb2d-0819-472f-8ac8-4c9ca3858773,NewRichTextDocument1,2347,399ac66d-e3a1-4168-b5d3-d11e25d10639,24,965,965,3966,1317,4.40,1.47,1.81,7.68
418feb2d-0819-472f-8ac8-4c9ca3858773,NewRichTextDocument1,2348,ebb7ea7b-725b-4b4d-bff4-13497a0a422a,24,1017,1017,4097,1397,4.53,1.52,1.89,7.94
418feb2d-0819-472f-8ac8-4c9ca3858773,NewRichTextDocument1,2349,ec22c9e9-28e2-4909-b4c1-095ca6677023,24,887,887,4002,1275,4.37,1.33,1.70,7.40
418feb2d-0819-472f-8ac8-4c9ca3858773,NewRichTextDocument1,2350,573fc726-e37d-4033-ad0b-8400abfba8e3,24,910,910,3920,1272,4.27,1.33,1.68,7.28
418feb2d-0819-472f-8ac8-4c9ca3858773,NewRichTextDocument1,2351,4356b317-d734-4445-8b06-9286cf21fc6d,24,826,826,3853,1187,4.16,1.21,1.56,6.93
418feb2d-0819-472f-8ac8-4c9ca3858773,NewRichTextDocument1,2352,aeb42ea9-4a72-4fb2-bf9b-e69d74f9f000,24,817,817,3814,1169,4.12,1.20,1.54,6.86
418feb2d-0819-472f-8ac8-4c9ca3858773,NewRichTextDocument1,2353,abacc8ff-757c-4793-9536-9028ba185adf,24,811,811,3993,1222,4.29,1.18,1.58,7.05
418feb2d-0819-472f-8ac8-4c9ca3858773,NewRichTextDocument1,2354,9e4551a1-c661-4547-b4a7-dbe41ed33129,24,921,921,4095,1327,4.44,1.34,1.74,7.52
418feb2d-0819-472f-8ac8-4c9ca3858773,NewRichTextDocument1,2355,4840da1a-5fe3-4d90-b784-ac21b8aa6cc2,24,947,947,4091,1344,4.47,1.40,1.79,7.66
418feb2d-0819-472f-8ac8-4c9ca3858773,NewRichTextDocument1,2356,b8eb884b-b840-4999-b4b0-292991aa3fd3,24,986,986,3940,1325,4.35,1.47,1.80,7.63
418feb2d-0819-472f-8ac8-4c9ca3858773,NewRichTextDocument1,2357,b18d4d38-fde5-47f5-9fc1-7b38375139a5,24,1071,1071,4161,1450,4.65,1.63,2.00,8.28
418feb2d-0819-472f-8ac8-4c9ca3858773,NewRichTextDocument1,2358,a0177594-a9bd-44be-a69b-4b1a19f6dfb2,24,863,863,3891,1230,4.22,1.26,1.62,7.10
418feb2d-0819-472f-8ac8-4c9ca3858773,NewRichTextDocument1,2359,a3e50442-d02f-47c6-99bd-fbb2a988db94,24,898,898,3908,1255,4.27,1.33,1.68,7.28
418feb2d-0819-472f-8ac8-4c9ca3858773,NewRichTextDocument1,2360,50bd3ac6-5a9a-45c3-b669-e8d8e4b8e9ab,24,968,968,3911,1302,4.34,1.47,1.80,7.61
418feb2d-0819-472f-8ac8-4c9ca3858773,NewRichTextDocument1,2361,e528f903-f89e-4d74-ab0e-d52fb7becb92,24,1071,1071,4102,1432,4.59,1.63,1.99,8.22
418feb2d-0819-472f-8ac8-4c9ca3858773,NewRichTextDocument1,2362,d7346d60-a115-49d7-9fb6-04b6cdd65161,24,884,884,4057,1290,4.42,1.32,1.72,7.45
418feb2d-0819-472f-8ac8-4c9ca3858773,NewRichTextDocument1,2363,f26f013e-fd1f-47f4-bcf3-891dca97fe1d,24,936,936,3993,1306,4.39,1.41,1.77,7.57
418feb2d-0819-472f-8ac8-4c9ca3858773,NewRichTextDocument1,2364,4d9e2c16-a116-47d8-aae0-d58ef486d31c,24,865,865,4067,1280,4.40,1.27,1.68,7.35
418feb2d-0819-472f-8ac8-4c9ca3858773,NewRichTextDocument1,2365,9e4c5e4c-d05c-44e7-8090-60e2efa7f2a2,24,968,968,4230,1401,4.66,1.47,1.90,8.03
418feb2d-0819-472f-8ac8-4c9ca3858773,NewRichTextDocument1,2366,20fdedd0-082b-4c49-99aa-0a71e7df0276,24,1225,1225,4534,1684,5.00,1.77,2.21,8.98
418feb2d-0819-472f-8ac8-4c9ca3858773,NewRichTextDocument1,2367,ec9f98de-1aa7-4cee-a53c-8a2145f76d51,24,930,930,4163,1362,4.50,1.34,1.76,7.60
418feb2d-0819-472f-8ac8-4c9ca3858773,NewRichTextDocument1,2368,a2126ec9-1f74-4e75-93d4-300bb9e8b279,24,1020,1020,4369,1480,4.78,1.51,1.96,8.25
418feb2d-0819-472f-8ac8-4c9ca3858773,NewRichTextDocument1,2369,44ae38f3-2465-4786-a25f-9bea4d683ea8,24,989,989,4019,1350,4.42,1.46,1.81,7.69
418feb2d-0819-472f-8ac8-4c9ca3858773,NewRichTextDocument1,2370,25065140-671d-403c-acd2-5c2bef711699,24,861,861,3879,1223,4.22,1.28,1.63,7.13
418feb2d-0819-472f-8ac8-4c9ca3858773,NewRichTextDocument1,2371,8532f817-17d5-4b2e-951f-8c7cafd220b2,24,784,784,3820,1150,4.10,1.13,1.49,6.72
418feb2d-0819-472f-8ac8-4c9ca3858773,NewRichTextDocument1,2372,913607df-c8b1-471c-931f-c60b54bf4d90,24,1033,1033,4296,1466,4.73,1.54,1.96,8.23
418feb2d-0819-472f-8ac8-4c9ca3858773,NewRichTextDocument1,2373,848cff16-aadf-4553-baa6-077a68680d9e,24,924,924,4069,1321,4.42,1.34,1.73,7.49
418feb2d-0819-472f-8ac8-4c9ca3858773,NewRichTextDocument1,2374,40fc3a8d-4586-403f-9da3-94caa1401332,24,896,896,4070,1302,4.42,1.32,1.71,7.45
418feb2d-0819-472f-8ac8-4c9ca3858773,NewRichTextDocument1,2375,408dc6cf-4958-4cd8-ab31-ab47be9cad3c,24,1038,1038,4157,1426,4.60,1.55,1.93,8.08
418feb2d-0819-472f-8ac8-4c9ca3858773,NewRichTextDocument1,2376,46b0472c-23c9-4f16-bdb1-3ba819962874,24,919,919,3949,1280,4.33,1.37,1.72,7.43
418feb2d-0819-472f-8ac8-4c9ca3858773,NewRichTextDocument1,2377,30e3489e-dcb3-47a4-95b1-b09fd0fb59fa,24,821,821,3848,1182,4.15,1.19,1.54,6.88
418feb2d-0819-472f-8ac8-4c9ca3858773,NewRichTextDocument1,2378,77395176-296a-4dd6-9fd4-37ec8af1a404,24,859,859,3926,1234,4.26,1.27,1.63,7.16
418feb2d-0819-472f-8ac8-4c9ca3858773,NewRichTextDocument1,2379,aed6d255-a4c0-4f67-a5fa-013a01414859,24,897,897,3954,1267,4.32,1.33,1.70,7.35
418feb2d-0819-472f-8ac8-4c9ca3858773,NewRichTextDocument1,2380,b8ba20fc-0531-4b7e-af36-e35c0d9a8352,24,928,928,4072,1325,4.44,1.37,1.75,7.56
418feb2d-0819-472f-8ac8-4c9ca3858773,NewRichTextDocument1,2381,1012243f-fcc7-448e-8ded-989a11c05a9a,24,1651,1651,4720,2027,5.78,2.78,3.15,11.71
418feb2d-0819-472f-8ac8-4c9ca3858773,NewRichTextDocument1,2382,5f4484d4-3036-43d1-b742-a978bd0deffa,24,4186,4186,7167,4701,9.86,6.98,7.45,24.29
418feb2d-0819-472f-8ac8-4c9ca3858773,NewRichTextDocument1,2383,58a2b573-55d4-4471-a45a-83a662f5bdf3,24,1790,1790,4832,2151,5.81,2.84,3.19,11.84
418feb2d-0819-472f-8ac8-4c9ca3858773,NewRichTextDocument1,2384,5031ae8c-ad2f-4c9c-aebd-ff70211f64af,24,1185,1185,4228,1557,4.77,1.80,2.16,8.73
418feb2d-0819-472f-8ac8-4c9ca3858773,NewRichTextDocument1,2385,8729a18e-d157-4315-9613-8f273d66d053,24,1411,1411,4511,1802,5.16,2.13,2.51,9.79
418feb2d-0819-472f-8ac8-4c9ca3858773,NewRichTextDocument1,2386,8abc29d0-9ec1-4811-9346-2eee16fdddd7,24,1234,1234,4374,1632,4.94,1.88,2.27,9.09
418feb2d-0819-472f-8ac8-4c9ca3858773,NewRichTextDocument1,2387,f98089b3-21d7-4e59-bfd6-9cf0a979bc40,24,1616,1616,4869,2056,5.63,2.45,2.88,10.96
418feb2d-0819-472f-8ac8-4c9ca3858773,NewRichTextDocument1,2388,7f748be2-4fef-4d36-9f72-5dbc6a98b4fb,24,1076,1076,4130,1447,4.52,1.54,1.90,7.96
418feb2d-0819-472f-8ac8-4c9ca3858773,NewRichTextDocument1,2389,5c53e3c6-c76d-428a-973b-253e3b7a3145,24,958,958,3988,1319,4.41,1.45,1.80,7.66
418feb2d-0819-472f-8ac8-4c9ca3858773,NewRichTextDocument1,2390,33f2c23c-29c5-4b56-ade6-7abfcb0765cb,24,934,934,3904,1277,4.31,1.41,1.74,7.46
418feb2d-0819-472f-8ac8-4c9ca3858773,NewRichTextDocument1,2391,1dc2027a-d564-4345-802f-e0fea718d104,24,1340,1340,4588,1773,5.28,2.11,2.53,9.92
418feb2d-0819-472f-8ac8-4c9ca3858773,NewRichTextDocument1,2392,0b433e81-1579-48ad-a933-96d91d58e457,24,1257,1257,4370,1646,4.96,1.93,2.30,9.19
418feb2d-0819-472f-8ac8-4c9ca3858773,NewRichTextDocument1,2393,9492300e-d628-423b-90d9-1fff5fd6077e,24,1250,1250,4372,1638,5.00,1.95,2.33,9.27
418feb2d-0819-472f-8ac8-4c9ca3858773,NewRichTextDocument1,2394,149618a9-35ee-45a7-9bd9-5ad1d84eddfe,24,1018,1018,4097,1398,4.55,1.54,1.91,8.00
418feb2d-0819-472f-8ac8-4c9ca3858773,NewRichTextDocument1,2395,9cd5fc03-cb75-4f62-84bf-0a839568904a,24,733,733,3643,1058,3.89,1.05,1.37,6.31
418feb2d-0819-472f-8ac8-4c9ca3858773,NewRichTextDocument1,2396,79b655be-27a8-45c4-b5ee-c5adb5d0e19e,24,972,972,4040,1347,4.45,1.46,1.82,7.74
418feb2d-0819-472f-8ac8-4c9ca3858773,NewRichTextDocument1,2397,51d0b9fb-3774-47a5-866c-af62cce39f61,24,1118,1118,4091,1461,4.63,1.73,2.07,8.43
418feb2d-0819-472f-8ac8-4c9ca3858773,NewRichTextDocument1,2398,25edbdd6-f4f7-4583-87e5-71319fd6f12c,24,963,963,3963,1319,4.31,1.38,1.73,7.42
418feb2d-0819-472f-8ac8-4c9ca3858773,NewRichTextDocument1,2399,bebbd2d0-89d4-4e25-bc70-7debbfcf52a1,24,943,943,3971,1304,4.36,1.40,1.75,7.52
418feb2d-0819-472f-8ac8-4c9ca3858773,NewRichTextDocument1,2400,b4ec512f-04b8-41e4-a192-bcae6118a8a2,24,993,993,4082,1377,4.46,1.45,1.82,7.73
418feb2d-0819-472f-8ac8-4c9ca3858773,NewRichTextDocument1,2401,2d40ce64-d89d-467d-80ec-d158fabd79af,24,2222,2222,5660,2705,6.94,3.58,4.05,14.58
418feb2d-0819-472f-8ac8-4c9ca3858773,NewRichTextDocument1,2402,3c076bc4-51ff-4bdc-96c3-7ccba3dab13b,24,966,966,3994,1327,4.42,1.46,1.81,7.68
418feb2d-0819-472f-8ac8-4c9ca3858773,NewRichTextDocument1,2403,7a96772c-b0f8-45b4-9869-5a9cfc883fe6,24,955,955,3955,1307,4.36,1.43,1.78,7.57
418feb2d-0819-472f-8ac8-4c9ca3858773,NewRichTextDocument1,2404,63883639-b9de-4a92-bd34-4c7a75cb93b3,24,1005,1005,4006,1357,4.45,1.52,1.86,7.83
418feb2d-0819-472f-8ac8-4c9ca3858773,NewRichTextDocument1,2405,599accad-d984-4d9f-946f-3617d73b9a04,24,1199,1199,4252,1570,4.81,1.83,2.19,8.84
418feb2d-0819-472f-8ac8-4c9ca3858773,NewRichTextDocument1,2406,30a13e83-076e-4fd2-ac6a-8e7dfdb74aeb,24,1274,1274,4366,1658,4.97,1.95,2.33,9.25
418feb2d-0819-472f-8ac8-4c9ca3858773,NewRichTextDocument1,2407,d727cca2-b434-4062-84e1-c93f98ee91f5,24,1274,1274,4406,1673,5.03,1.98,2.36,9.37
418feb2d-0819-472f-8ac8-4c9ca3858773,NewRichTextDocument1,2408,ab752d95-1c83-4238-a82c-4eb7b484a5a0,24,936,936,3908,1279,4.31,1.41,1.74,7.46
418feb2d-0819-472f-8ac8-4c9ca3858773,NewRichTextDocument1,2409,d974c95c-858d-4701-a98f-cf91d7dffa9e,24,915,915,3984,1296,4.35,1.35,1.72,7.42
418feb2d-0819-472f-8ac8-4c9ca3858773,NewRichTextDocument1,2410,37232aec-2da2-483d-acac-af6ca8cfb8e2,24,944,944,4003,1314,4.40,1.41,1.77,7.57
418feb2d-0819-472f-8ac8-4c9ca3858773,NewRichTextDocument1,2411,8a8bec9b-9553-401f-aaa2-c88ecda71c65,24,965,965,4093,1364,4.49,1.44,1.82,7.75
418feb2d-0819-472f-8ac8-4c9ca3858773,NewRichTextDocument1,2412,9db6459a-9936-4856-9441-47b0b9a9a4fe,24,870,870,3859,1223,4.13,1.21,1.55,6.89
418feb2d-0819-472f-8ac8-4c9ca3858773,NewRichTextDocument1,2413,dc58800c-d73e-4df0-ba49-701f063183a8,24,1081,1081,4169,1460,4.67,1.66,2.03,8.35
418feb2d-0819-472f-8ac8-4c9ca3858773,NewRichTextDocument1,2414,64c6a35d-4110-412f-8a4c-71a47eb36367,24,1147,1147,4207,1517,4.76,1.77,2.13,8.66
418feb2d-0819-472f-8ac8-4c9ca3858773,NewRichTextDocument1,2415,3761b102-c3ec-403d-9fa6-69afb1b52a27,24,1008,1008,3951,1342,4.37,1.50,1.82,7.69
418feb2d-0819-472f-8ac8-4c9ca3858773,NewRichTextDocument1,2416,05226218-e54b-4799-96dc-8cf86e1b38fd,24,894,894,3942,1265,4.31,1.33,1.69,7.33
418feb2d-0819-472f-8ac8-4c9ca3858773,NewRichTextDocument1,2417,d35508e9-ad39-4360-88b3-ae8ed5d562c7,24,1340,1340,4532,1763,5.15,2.04,2.44,9.62
418feb2d-0819-472f-8ac8-4c9ca3858773,NewRichTextDocument1,2418,095ce731-9441-4dd6-89f4-cbc53f4bd015,24,1673,1673,4943,2119,5.68,2.49,2.92,11.09
418feb2d-0819-472f-8ac8-4c9ca3858773,NewRichTextDocument1,2419,b631a215-a4db-4344-a87f-bc70a139d8cd,24,1142,1142,4378,1572,4.88,1.72,2.14,8.73
418feb2d-0819-472f-8ac8-4c9ca3858773,NewRichTextDocument1,2420,a76fb01b-0d4b-44c1-b8e4-18b498d8ed1f,24,1245,1245,4434,1656,5.05,1.93,2.33,9.31
418feb2d-0819-472f-8ac8-4c9ca3858773,NewRichTextDocument1,2421,04b9b3d2-f3bf-4086-b8e9-cd8f3099b285,24,1087,1087,4257,1500,4.65,1.55,1.95,8.15
418feb2d-0819-472f-8ac8-4c9ca3858773,NewRichTextDocument1,2422,3fa6391f-d087-4b31-96f0-f4e8df66dac2,24,849,849,4050,1264,4.38,1.25,1.66,7.29
418feb2d-0819-472f-8ac8-4c9ca3858773,NewRichTextDocument1,2423,8b36a8a8-7d3e-4db4-b3be-142e61c06614,24,1105,1105,4165,1475,4.69,1.70,2.07,8.46
418feb2d-0819-472f-8ac8-4c9ca3858773,NewRichTextDocument1,2424,bd0e6c05-f6c7-4459-9575-f217572e5258,24,1073,1073,4085,1430,4.59,1.65,2.00,8.24
418feb2d-0819-472f-8ac8-4c9ca3858773,NewRichTextDocument1,2425,33eb0df5-a132-48c9-9223-e3b461578988,24,994,994,4140,1391,4.58,1.51,1.90,7.99
418feb2d-0819-472f-8ac8-4c9ca3858773,NewRichTextDocument1,2426,9a5c2faf-6196-416e-aa37-ae73e61d34f0,24,1058,1058,4313,1498,4.75,1.58,2.00,8.32
418feb2d-0819-472f-8ac8-4c9ca3858773,NewRichTextDocument1,2427,e4b09375-77e1-4456-b208-062b28bed0f7,24,904,904,3817,1229,4.21,1.37,1.68,7.26
418feb2d-0819-472f-8ac8-4c9ca3858773,NewRichTextDocument1,2428,98a2d2af-6bf3-43c5-854b-3ec9f5babe3b,24,1080,1080,4111,1441,4.65,1.69,2.05,8.39
418feb2d-0819-472f-8ac8-4c9ca3858773,NewRichTextDocument1,2429,94a12fae-2895-408f-bc71-a3f431808e71,24,1164,1164,4284,1552,4.87,1.82,2.20,8.90
418feb2d-0819-472f-8ac8-4c9ca3858773,NewRichTextDocument1,2430,0b7360d0-d614-40f6-a211-e647168dc43c,24,1124,1124,4329,1539,4.86,1.73,2.14,8.73
418feb2d-0819-472f-8ac8-4c9ca3858773,NewRichTextDocument1,2431,39d60501-a802-44b6-af18-e256fa55fc2a,24,737,737,3705,1080,3.97,1.08,1.41,6.46
418feb2d-0819-472f-8ac8-4c9ca3858773,NewRichTextDocument1,2432,2d1a3136-331f-4c29-ad6e-7986497b9fc5,24,924,924,3924,1276,4.32,1.39,1.73,7.44
418feb2d-0819-472f-8ac8-4c9ca3858773,NewRichTextDocument1,2433,35c028e7-597a-4c5b-bf87-08922538ea0a,24,906,906,3973,1281,4.31,1.32,1.68,7.31
418feb2d-0819-472f-8ac8-4c9ca3858773,NewRichTextDocument1,2434,92e3207c-3a53-44dd-86d7-9e952064c075,24,826,826,3875,1197,4.17,1.19,1.55,6.90
418feb2d-0819-472f-8ac8-4c9ca3858773,NewRichTextDocument1,2435,011050a6-fcc4-46ab-a7e7-500ad3e981b7,24,1542,1542,4831,1990,5.66,2.45,2.88,10.99
418feb2d-0819-472f-8ac8-4c9ca3858773,NewRichTextDocument1,2436,665f7ced-2b4c-4a52-b394-441e1009ae4d,24,1190,1190,4360,1603,4.91,1.82,2.22,8.94
418feb2d-0819-472f-8ac8-4c9ca3858773,NewRichTextDocument1,2437,470fe678-abdf-41c0-9907-5598043c5df0,24,823,823,3822,1175,4.13,1.20,1.54,6.87
418feb2d-0819-472f-8ac8-4c9ca3858773,NewRichTextDocument1,2438,0af84749-2cb8-4016-88e4-6ca41b6f328a,24,1093,1093,4212,1481,4.74,1.70,2.08,8.51
418feb2d-0819-472f-8ac8-4c9ca3858773,NewRichTextDocument1,2439,5466da47-ca42-4852-bb8e-fdb4dcf91cbf,24,1016,1016,4085,1391,4.57,1.58,1.94,8.09
418feb2d-0819-472f-8ac8-4c9ca3858773,NewRichTextDocument1,2440,699c3c7e-a556-48ed-b5fd-278bd93e8739,24,1053,1053,4326,1497,4.75,1.56,1.99,8.30
418feb2d-0819-472f-8ac8-4c9ca3858773,NewRichTextDocument1,2441,c7580cbf-1ccb-4b94-ae82-208d0e909963,24,1116,1116,4206,1495,4.73,1.72,2.09,8.54
418feb2d-0819-472f-8ac8-4c9ca3858773,NewRichTextDocument1,2442,4a85d29a-105f-43a7-95ca-c70a4e5d1b92,24,1107,1107,4227,1495,4.74,1.70,2.08,8.52
418feb2d-0819-472f-8ac8-4c9ca3858773,NewRichTextDocument1,2443,728d329c-c9ee-4129-99dd-8445bc261ac3,24,1276,1276,4542,1715,5.13,1.94,2.37,9.44
418feb2d-0819-472f-8ac8-4c9ca3858773,NewRichTextDocument1,2444,271dfd4c-8de2-4ab1-9228-35c59de07270,24,1143,1143,4331,1560,4.88,1.78,2.18,8.84
418feb2d-0819-472f-8ac8-4c9ca3858773,NewRichTextDocument1,2445,5b58881f-52dd-4fcd-863f-ce760541db17,24,1024,1024,4104,1404,4.57,1.56,1.93,8.06
418feb2d-0819-472f-8ac8-4c9ca3858773,NewRichTextDocument1,2446,acae6be0-93aa-4bb8-8fa5-0b009db9ae71,24,882,882,3852,1225,4.22,1.32,1.65,7.19
418feb2d-0819-472f-8ac8-4c9ca3858773,NewRichTextDocument1,2447,c5962591-e6d8-4184-97c7-dc10bc42bea7,24,1287,1287,4302,1644,4.92,1.98,2.32,9.22
418feb2d-0819-472f-8ac8-4c9ca3858773,NewRichTextDocument1,2448,ef886401-7415-440c-819d-77d627e0db46,24,1013,1013,4074,1383,4.55,1.56,1.92,8.02
418feb2d-0819-472f-8ac8-4c9ca3858773,NewRichTextDocument1,2449,edf12fda-0216-46dc-acc9-e69f3e28b444,24,897,897,3706,1197,4.12,1.38,1.67,7.17
418feb2d-0819-472f-8ac8-4c9ca3858773,NewRichTextDocument1,2450,b03b346f-3221-4f5c-bd8f-cfaff93fb775,24,1117,1117,4206,1627,4.75,1.74,2.24,8.73
418feb2d-0819-472f-8ac8-4c9ca3858773,NewRichTextDocument1,2451,96673358-eccc-4a17-9579-40fc75852bd0,24,1025,1025,4114,1415,4.55,1.54,1.92,8.01
418feb2d-0819-472f-8ac8-4c9ca3858773,NewRichTextDocument1,2452,74b01038-45b7-463c-a1ae-9b0f275be99a,24,1198,1198,4298,1582,4.89,1.86,2.24,8.99
418feb2d-0819-472f-8ac8-4c9ca3858773,NewRichTextDocument1,2453,d16938fb-01e3-4046-9eed-144eabfeab26,24,1031,1031,4130,1420,4.62,1.59,1.97,8.18
418feb2d-0819-472f-8ac8-4c9ca3858773,NewRichTextDocument1,2454,97caf9eb-2915-45bc-a33f-b2a80709a144,24,1353,1353,4370,1710,5.11,2.17,2.51,9.79
418feb2d-0819-472f-8ac8-4c9ca3858773,NewRichTextDocument1,2455,1f0163bd-8452-4b4f-83eb-e567296c2d37,24,1042,1042,4054,1399,4.58,1.64,1.98,8.20
418feb2d-0819-472f-8ac8-4c9ca3858773,NewRichTextDocument1,2456,d4696538-f47f-4c15-89b8-90711533e0c0,24,1080,1080,4131,1456,4.65,1.68,2.04,8.37
418feb2d-0819-472f-8ac8-4c9ca3858773,NewRichTextDocument1,2457,f0fa6e66-0ba2-46f8-87d3-1c0c12062c3b,24,913,913,3857,1247,4.27,1.39,1.72,7.38
418feb2d-0819-472f-8ac8-4c9ca3858773,NewRichTextDocument1,2458,a3ba4409-61a0-4ac1-9783-616902af93da,24,895,895,3923,1256,4.33,1.37,1.72,7.42
418feb2d-0819-472f-8ac8-4c9ca3858773,NewRichTextDocument1,2459,b9034f58-0176-4687-97b4-580d642ec708,24,1022,1022,4133,1411,4.58,1.54,1.92,8.03
418feb2d-0819-472f-8ac8-4c9ca3858773,NewRichTextDocument1,2460,87c45330-8965-46aa-97b9-f5b65824f02b,24,1287,1287,4467,1699,5.11,2.00,2.40,9.51
418feb2d-0819-472f-8ac8-4c9ca3858773,NewRichTextDocument1,2461,f7e09f41-76f4-497c-89ac-98873a5e7c4c,24,797,797,3823,1158,4.14,1.19,1.54,6.87
418feb2d-0819-472f-8ac8-4c9ca3858773,NewRichTextDocument1,2462,be97263b-742f-44ec-a841-65d3d60d3417,24,1328,1328,4433,1718,5.09,2.06,2.44,9.58
418feb2d-0819-472f-8ac8-4c9ca3858773,NewRichTextDocument1,2463,58d53aae-2572-4a30-92c7-43aed909ba90,24,954,954,3857,1280,4.32,1.49,1.81,7.62
418feb2d-0819-472f-8ac8-4c9ca3858773,NewRichTextDocument1,2464,41ab0bf2-089b-4197-a0e8-eea85abf485a,24,993,993,4023,1360,4.47,1.51,1.87,7.86
418feb2d-0819-472f-8ac8-4c9ca3858773,NewRichTextDocument1,2465,ecf1488e-ed9a-4114-93bc-5a1b5d4a84bb,24,1073,1073,4104,1434,4.61,1.65,2.00,8.26
418feb2d-0819-472f-8ac8-4c9ca3858773,NewRichTextDocument1,2466,4619b428-4b36-4bef-9701-f717f18463b5,24,1037,1037,3962,1367,4.44,1.58,1.91,7.93
418feb2d-0819-472f-8ac8-4c9ca3858773,NewRichTextDocument1,2467,450d2525-2d9f-4fa0-89d1-762fa64a9993,24,913,913,3884,1256,4.28,1.38,1.72,7.38
418feb2d-0819-472f-8ac8-4c9ca3858773,NewRichTextDocument1,2468,96cb7fa3-23fd-49ce-9cf3-2f15792d7bdc,24,1124,1124,4186,1494,4.72,1.73,2.10,8.55
418feb2d-0819-472f-8ac8-4c9ca3858773,NewRichTextDocument1,2469,3c95e8c7-41a8-42ca-826a-27372a10cc86,24,996,996,4025,1357,4.46,1.50,1.86,7.82
418feb2d-0819-472f-8ac8-4c9ca3858773,NewRichTextDocument1,2470,862e09bd-455e-4921-930c-5f9664e903f5,24,879,879,3936,1249,4.29,1.30,1.66,7.25
418feb2d-0819-472f-8ac8-4c9ca3858773,NewRichTextDocument1,2471,0a197aa9-c2be-452c-8bde-fbd3734ce4a4,24,858,858,3944,1237,4.32,1.31,1.68,7.30
418feb2d-0819-472f-8ac8-4c9ca3858773,NewRichTextDocument1,2472,7bb9bc4f-c026-4a86-8e9f-d001dc360610,24,900,900,3957,1270,4.34,1.35,1.71,7.40
418feb2d-0819-472f-8ac8-4c9ca3858773,NewRichTextDocument1,2473,26cee86b-153d-444d-87d3-93024d0d04ae,24,978,978,4037,1348,4.47,1.48,1.84,7.79
418feb2d-0819-472f-8ac8-4c9ca3858773,NewRichTextDocument1,2474,adc0bc45-6e13-456a-b159-931c8e5f3773,24,867,867,3866,1219,4.22,1.29,1.63,7.14
418feb2d-0819-472f-8ac8-4c9ca3858773,NewRichTextDocument1,2475,2b40fc2e-9484-47e2-ba90-faeb1ca2a2ef,24,955,955,3983,1316,4.41,1.45,1.80,7.66
418feb2d-0819-472f-8ac8-4c9ca3858773,NewRichTextDocument1,2476,123e37b3-3842-425f-b225-46bf67bd6a8e,24,957,957,4045,1336,4.46,1.45,1.82,7.72
418feb2d-0819-472f-8ac8-4c9ca3858773,NewRichTextDocument1,2477,97658f50-b84a-4473-ab45-9431a575f8e0,24,1125,1125,4109,1472,4.60,1.69,2.02,8.31
418feb2d-0819-472f-8ac8-4c9ca3858773,NewRichTextDocument1,2478,c36a5450-ad95-43d9-86b3-eebe52409963,24,920,920,3890,1268,4.33,1.43,1.77,7.53
418feb2d-0819-472f-8ac8-4c9ca3858773,NewRichTextDocument1,2479,c54108f0-13d0-4ef5-badf-148683f576a2,24,938,938,3966,1299,4.40,1.44,1.79,7.64
418feb2d-0819-472f-8ac8-4c9ca3858773,NewRichTextDocument1,2480,584bc603-d78d-4cce-9021-ec340a94ef84,24,1003,1003,4005,1355,4.48,1.55,1.89,7.92
418feb2d-0819-472f-8ac8-4c9ca3858773,NewRichTextDocument1,2481,fce70007-9709-4731-9e18-67e01e7d64dc,24,1209,1209,4378,1616,4.95,1.86,2.26,9.07
418feb2d-0819-472f-8ac8-4c9ca3858773,NewRichTextDocument1,2482,44499f02-55a8-4cc0-8238-f052d92b6029,24,993,993,4052,1363,4.51,1.52,1.88,7.91
418feb2d-0819-472f-8ac8-4c9ca3858773,NewRichTextDocument1,2483,1496780a-3b66-4fc3-8ddb-8fda34170387,24,959,959,4133,1365,4.58,1.48,1.88,7.94
418feb2d-0819-472f-8ac8-4c9ca3858773,NewRichTextDocument1,2484,7565f28c-304e-473e-b78e-1f0541441d38,24,877,877,4109,1301,4.47,1.32,1.73,7.53
418feb2d-0819-472f-8ac8-4c9ca3858773,NewRichTextDocument1,2485,9efc0287-0cce-4b8b-ba98-bdfaeb5edc16,24,867,867,3952,1246,4.32,1.30,1.67,7.30
418feb2d-0819-472f-8ac8-4c9ca3858773,NewRichTextDocument1,2486,67fd5ffd-b191-45a2-87ef-e4fbe3814b2f,24,1166,1166,4373,1581,4.97,1.84,2.25,9.07
418feb2d-0819-472f-8ac8-4c9ca3858773,NewRichTextDocument1,2487,0fb2b2ff-db0d-4898-bc62-94dd8d78a9c7,24,1017,1017,4063,1384,4.49,1.52,1.88,7.89
418feb2d-0819-472f-8ac8-4c9ca3858773,NewRichTextDocument1,2488,fb4b8e40-6090-4db3-af83-86c141dbc4aa,24,1092,1092,4182,1471,4.73,1.71,2.08,8.51
418feb2d-0819-472f-8ac8-4c9ca3858773,NewRichTextDocument1,2489,cd044e6d-008e-418b-a2e4-22de5fe24014,24,932,932,4020,1311,4.42,1.40,1.77,7.59
418feb2d-0819-472f-8ac8-4c9ca3858773,NewRichTextDocument1,2490,b8736327-6ac9-499c-8796-750dc7d56a82,24,894,894,4040,1291,4.36,1.29,1.67,7.32
418feb2d-0819-472f-8ac8-4c9ca3858773,NewRichTextDocument1,2491,9cc61166-426e-44ba-a43b-b3f16da0ca74,24,1095,1095,4328,1519,4.83,1.67,2.09,8.59
418feb2d-0819-472f-8ac8-4c9ca3858773,NewRichTextDocument1,2492,1f54efc3-d4e4-45f2-8a6f-33760fdbccfa,24,1147,1147,4123,1490,4.72,1.81,2.14,8.67
418feb2d-0819-472f-8ac8-4c9ca3858773,NewRichTextDocument1,2493,c01c4fbc-e1ed-4dcc-bae6-78bc9487eb76,24,1100,1100,4377,1544,4.83,1.63,2.06,8.51
418feb2d-0819-472f-8ac8-4c9ca3858773,NewRichTextDocument1,2494,88e10243-d12d-4ab6-887e-8ac1f743182c,24,906,906,3935,1267,4.32,1.36,1.71,7.39
418feb2d-0819-472f-8ac8-4c9ca3858773,NewRichTextDocument1,2495,866de34b-f90d-4c97-84aa-dcb0dce59c5c,24,811,811,3751,1145,4.08,1.21,1.53,6.82
418feb2d-0819-472f-8ac8-4c9ca3858773,NewRichTextDocument1,2496,e611757c-3cc1-441d-bd0f-8552f070787c,24,873,873,3958,1252,4.35,1.33,1.70,7.38
418feb2d-0819-472f-8ac8-4c9ca3858773,NewRichTextDocument1,2497,dd27fc5e-1e56-4f87-afc3-409713945238,24,907,907,4051,1304,4.45,1.38,1.77,7.60
418feb2d-0819-472f-8ac8-4c9ca3858773,NewRichTextDocument1,2498,c8fa9247-9989-4ff2-a85f-97453221cd9d,24,894,894,4067,1300,4.45,1.35,1.75,7.55
418feb2d-0819-472f-8ac8-4c9ca3858773,NewRichTextDocument1,2499,d2932cb7-13fe-4dbd-9f44-df103825b95e,24,1133,1133,4359,1557,4.87,1.72,2.13,8.71
418feb2d-0819-472f-8ac8-4c9ca3858773,NewRichTextDocument1,2500,d59b4bab-7986-4cb8-a0cf-99d5bff35c98,24,1119,1119,4362,1548,4.92,1.75,2.17,8.84
418feb2d-0819-472f-8ac8-4c9ca3858773,NewRichTextDocument1,2501,c5970a24-1c55-45bc-9552-ca4e518d6d8b,24,933,933,3990,1303,4.42,1.43,1.79,7.65
418feb2d-0819-472f-8ac8-4c9ca3858773,NewRichTextDocument1,2502,e232ed06-ccd0-4841-9aa9-242fe56d088c,24,1509,1509,4701,1920,5.55,2.44,2.84,10.83
418feb2d-0819-472f-8ac8-4c9ca3858773,NewRichTextDocument1,2503,58a9e3d5-998e-46c8-a04f-1502cd5ecf62,24,1143,1143,4349,1558,4.95,1.81,2.22,8.98
418feb2d-0819-472f-8ac8-4c9ca3858773,NewRichTextDocument1,2504,684d0c29-0f42-42bd-b658-fdacd1e049f5,24,1201,1201,4203,1553,4.87,1.93,2.28,9.08
418feb2d-0819-472f-8ac8-4c9ca3858773,NewRichTextDocument1,2505,ea1cb1db-b0ee-4815-9c8a-76da2f78f2b8,24,1196,1196,4374,1602,5.00,1.90,2.30,9.20
418feb2d-0819-472f-8ac8-4c9ca3858773,NewRichTextDocument1,2506,7356203e-6764-49a3-b88a-a4460bb92eec,24,1187,1187,4306,1575,4.93,1.88,2.26,9.08
418feb2d-0819-472f-8ac8-4c9ca3858773,NewRichTextDocument1,2507,7b10fef8-525f-46b2-bfe2-e20ac811d6ab,24,930,930,3987,1300,4.40,1.42,1.78,7.60
418feb2d-0819-472f-8ac8-4c9ca3858773,NewRichTextDocument1,2508,893e528f-13ba-4be0-a127-fbb32fa55e12,24,1522,1522,4648,1910,5.53,2.48,2.86,10.86
418feb2d-0819-472f-8ac8-4c9ca3858773,NewRichTextDocument1,2509,4188e74f-a094-4386-a07b-886649e43cdc,24,1094,1094,4182,1473,4.74,1.73,2.10,8.57
418feb2d-0819-472f-8ac8-4c9ca3858773,NewRichTextDocument1,2510,9df6f640-5809-458a-9d89-9d5dae51e0c9,24,1055,1055,4143,1434,4.67,1.65,2.02,8.34
418feb2d-0819-472f-8ac8-4c9ca3858773,NewRichTextDocument1,2511,7c59984b-47d5-41c3-8d2b-417c88d74aeb,24,950,950,4095,1347,4.53,1.46,1.84,7.83
418feb2d-0819-472f-8ac8-4c9ca3858773,NewRichTextDocument1,2512,fd636275-10d9-4399-abeb-c6b86b832d60,24,1121,1121,4201,1501,4.80,1.80,2.17,8.77
418feb2d-0819-472f-8ac8-4c9ca3858773,NewRichTextDocument1,2513,5bb94e50-0928-4e1c-8e74-c0f58022d6cd,24,2179,2179,4798,2815,6.32,3.77,4.39,14.48
418feb2d-0819-472f-8ac8-4c9ca3858773,NewRichTextDocument1,2514,da6185fb-538d-4e2b-a72a-c9ff1e48587f,24,4720,4720,7142,5018,10.67,8.31,8.60,27.59
418feb2d-0819-472f-8ac8-4c9ca3858773,NewRichTextDocument1,2515,5920cc3f-6bab-4b33-8e18-865ceb549ed3,24,7953,7953,10466,8271,16.65,14.20,14.50,45.35
418feb2d-0819-472f-8ac8-4c9ca3858773,NewRichTextDocument1,2516,da2ceefe-e5d3-4ad5-a947-346715e2c63f,24,7690,7690,10147,8116,16.11,13.71,14.13,43.95
418feb2d-0819-472f-8ac8-4c9ca3858773,NewRichTextDocument1,2517,75eefbab-bdde-480c-a626-db8ddbcfbd41,24,4385,4385,6801,4683,10.11,7.76,8.04,25.91
418feb2d-0819-472f-8ac8-4c9ca3858773,NewRichTextDocument1,2518,20761d91-f948-4c42-9dea-f0a712e27623,24,5167,5167,7579,5455,11.53,9.18,9.46,30.17
418feb2d-0819-472f-8ac8-4c9ca3858773,NewRichTextDocument1,2519,c6d18871-e905-4378-89b1-4566252f221f,24,4563,4563,6945,4841,10.39,8.06,8.34,26.79
418feb2d-0819-472f-8ac8-4c9ca3858773,NewRichTextDocument1,2520,1c1be2e5-f468-434c-9f1e-3cdd0e3893a3,24,4656,4656,7039,4932,10.55,8.22,8.49,27.26
418feb2d-0819-472f-8ac8-4c9ca3858773,NewRichTextDocument1,2521,a5138e9c-0061-41de-bff8-928282cf0eec,24,4637,4637,7017,5044,10.51,8.18,8.58,27.27
418feb2d-0819-472f-8ac8-4c9ca3858773,NewRichTextDocument1,2522,f8c97993-6b08-41fa-ada6-a0c8d2d19d97,24,5287,5287,7701,5573,11.73,9.37,9.65,30.75
418feb2d-0819-472f-8ac8-4c9ca3858773,NewRichTextDocument1,2523,0afda6a2-2281-4612-aaa6-28ce31848b19,24,3614,3614,5985,3759,8.69,6.38,6.52,21.59
418feb2d-0819-472f-8ac8-4c9ca3858773,NewRichTextDocument1,2524,291fb262-57a8-4c1d-a766-3487ab030f06,24,2976,2976,5392,3282,7.60,5.24,5.54,18.37
418feb2d-0819-472f-8ac8-4c9ca3858773,NewRichTextDocument1,2525,cf22f29c-ec22-4bd8-95b0-a8dc8a208b3e,24,4871,4871,7255,5282,10.95,8.62,9.02,28.58
418feb2d-0819-472f-8ac8-4c9ca3858773,NewRichTextDocument1,2526,e7661b31-b9b2-4e02-bc89-92539e852be8,24,4160,4160,6536,4436,9.70,7.38,7.65,24.73
418feb2d-0819-472f-8ac8-4c9ca3858773,NewRichTextDocument1,2527,a5f63fde-5d6f-4baa-8b60-396e5a5fe472,24,3842,3842,6233,4128,9.15,6.82,7.10,23.07
418feb2d-0819-472f-8ac8-4c9ca3858773,NewRichTextDocument1,2528,55fed566-8482-423f-9f5f-01c1e10bd550,24,3149,3149,5511,3425,7.86,5.56,5.83,19.25
418feb2d-0819-472f-8ac8-4c9ca3858773,NewRichTextDocument1,2529,a003bb20-7c83-46e7-b834-b24fb5d44bc2,24,2703,2703,5055,2983,7.03,4.74,5.01,16.78
418feb2d-0819-472f-8ac8-4c9ca3858773,NewRichTextDocument1,2530,d4b5cfa1-f562-41b3-b945-f87c7fb7d2b4,24,3640,3640,6089,3958,7.95,5.57,5.87,19.38
418feb2d-0819-472f-8ac8-4c9ca3858773,NewRichTextDocument1,2531,02ad966c-4d92-4ebb-9fd1-b7ec4c033e6f,24,5248,5248,7683,5413,10.42,8.04,8.20,26.66
418feb2d-0819-472f-8ac8-4c9ca3858773,NewRichTextDocument1,2532,72182a13-f029-4fc3-84f4-02ebc8deed12,24,5287,5287,7782,5482,10.89,8.46,8.64,27.99
418feb2d-0819-472f-8ac8-4c9ca3858773,NewRichTextDocument1,2533,68beaec9-c02c-4322-bdc9-2b0343c73e20,24,3978,3978,6411,4153,8.65,6.28,6.45,21.38
418feb2d-0819-472f-8ac8-4c9ca3858773,NewRichTextDocument1,2534,1414b64b-7172-4526-a57a-cd174db0a6ee,24,3195,3195,5597,3360,7.23,4.88,5.04,17.15
418feb2d-0819-472f-8ac8-4c9ca3858773,NewRichTextDocument1,2535,9872947b-ca02-40aa-b731-62ccecd16bee,24,3514,3514,5970,3702,7.70,5.31,5.49,18.50
418feb2d-0819-472f-8ac8-4c9ca3858773,NewRichTextDocument1,2536,52f74d24-5eab-4a85-ab19-4316209bf0c2,24,2696,2696,5111,2871,6.52,4.17,4.33,15.01
418feb2d-0819-472f-8ac8-4c9ca3858773,NewRichTextDocument1,2537,782600c9-4385-4a4e-8301-d04f2f678a17,24,4662,4662,7104,4837,9.25,6.87,7.04,23.15
418feb2d-0819-472f-8ac8-4c9ca3858773,NewRichTextDocument1,2538,d79d1df1-e8aa-4ac5-ab84-5e38f99c6e13,24,4264,4264,6702,4437,9.14,6.76,6.92,22.82
418feb2d-0819-472f-8ac8-4c9ca3858773,NewRichTextDocument1,2539,805f870e-ff4f-46d2-8991-cbe5574334ac,24,4080,4080,6456,4225,8.68,6.36,6.50,21.54
418feb2d-0819-472f-8ac8-4c9ca3858773,NewRichTextDocument1,2540,2f3df364-53a9-4816-819b-aab10c1e0459,24,5753,5753,8243,5942,10.90,8.47,8.65,28.02
418feb2d-0819-472f-8ac8-4c9ca3858773,NewRichTextDocument1,2541,8ae7532a-dde6-416a-88bb-863b66aded73,24,3432,3432,5847,3596,7.76,5.41,5.56,18.73
418feb2d-0819-472f-8ac8-4c9ca3858773,NewRichTextDocument1,2542,ba83b6e6-8c08-4937-bb74-c32d9a90d5f1,24,4563,4563,7027,4748,9.60,7.21,7.38,24.19
418feb2d-0819-472f-8ac8-4c9ca3858773,NewRichTextDocument1,2543,2e593de8-b0ac-44be-9fb9-292a1b2ffb1e,24,2982,2982,5491,3202,6.94,4.50,4.70,16.15
418feb2d-0819-472f-8ac8-4c9ca3858773,NewRichTextDocument1,2544,933fffa5-84f6-487c-b79e-68dd75475b8a,24,3981,3981,6444,4171,8.71,6.32,6.49,21.52
418feb2d-0819-472f-8ac8-4c9ca3858773,NewRichTextDocument1,2545,c9fe8f60-fc42-4794-923b-9775cafbc7a1,24,4719,4719,7261,4942,9.58,7.11,7.31,24.00
418feb2d-0819-472f-8ac8-4c9ca3858773,NewRichTextDocument1,2546,c479ce19-c1c2-4895-aa09-91bad058299a,24,4497,4497,6938,4672,9.45,7.08,7.24,23.77
418feb2d-0819-472f-8ac8-4c9ca3858773,NewRichTextDocument1,2547,b52081a6-dd65-4539-8018-a17907567bb4,24,10504,10504,13782,11185,21.17,18.05,18.63,57.85
418feb2d-0819-472f-8ac8-4c9ca3858773,NewRichTextDocument1,2548,bc6c946a-524a-4770-8fc3-b5185808e860,24,6953,6953,9941,7383,15.03,12.17,12.53,39.72
418feb2d-0819-472f-8ac8-4c9ca3858773,NewRichTextDocument1,2549,16bf6ca0-38fe-4305-b8db-b4ea6869dc24,5,494,494,1041,656,1.41,0.88,1.04,3.33
418feb2d-0819-472f-8ac8-4c9ca3858773,NewRichTextDocument1,2550,a3006920-e6c1-49ad-b9d6-b1ad6657556c,24,5754,5754,8820,6610,11.70,8.73,9.54,29.97
418feb2d-0819-472f-8ac8-4c9ca3858773,NewRichTextDocument1,2551,dcfb1627-6fad-447e-a675-f87d0aa7fe6a,24,7135,7135,10549,7758,13.76,10.46,11.03,35.25
418feb2d-0819-472f-8ac8-4c9ca3858773,NewRichTextDocument1,2552,0f6c4599-7e45-4e69-b574-33e5fca06a6f,24,9259,9259,12250,9656,18.13,15.23,15.60,48.96
418feb2d-0819-472f-8ac8-4c9ca3858773,NewRichTextDocument1,2553,4abb3630-6d52-47d0-8816-8d5319f32384,24,7303,7303,10230,7695,14.32,11.48,11.85,37.65
418feb2d-0819-472f-8ac8-4c9ca3858773,NewRichTextDocument1,2554,1a3ae7a2-ec0c-4897-a957-f360533d1c0b,24,4239,4239,6807,4469,9.53,7.03,7.25,23.81
418feb2d-0819-472f-8ac8-4c9ca3858773,NewRichTextDocument1,2555,a50f1887-548f-4698-9a80-ebb6e56bb2a8,24,5657,5657,8606,6071,11.45,8.60,8.97,29.02
418feb2d-0819-472f-8ac8-4c9ca3858773,NewRichTextDocument1,2556,0fed7516-0248-424c-a804-507005a19526,24,4730,4730,7542,5084,10.06,7.33,7.66,25.04
418feb2d-0819-472f-8ac8-4c9ca3858773,NewRichTextDocument1,2557,feea94be-e663-423a-9809-5454d60cddf4,24,4751,4751,7473,5058,10.06,7.41,7.70,25.18
418feb2d-0819-472f-8ac8-4c9ca3858773,NewRichTextDocument1,2558,0594ff93-f1f7-4369-8560-07d910e12b1c,24,4383,4383,6943,4619,9.85,7.36,7.58,24.79
418feb2d-0819-472f-8ac8-4c9ca3858773,NewRichTextDocument1,2559,edab26a7-5407-4001-b0dc-7ca10b08337c,24,3697,3697,6299,3956,8.42,5.89,6.13,20.45
418feb2d-0819-472f-8ac8-4c9ca3858773,NewRichTextDocument1,2560,a0cb3d13-0d67-4d1f-bd09-da2c52f1244f,24,3823,3823,6450,4089,8.64,6.09,6.34,21.07
418feb2d-0819-472f-8ac8-4c9ca3858773,NewRichTextDocument1,2561,eaa066a8-571f-4e3b-b22b-d5cd3741524a,24,4520,4520,7025,4725,10.13,7.69,7.88,25.71
418feb2d-0819-472f-8ac8-4c9ca3858773,NewRichTextDocument1,2562,58a88199-510e-4895-b7b0-db6f8a38d444,24,6847,6847,9693,7183,14.01,11.25,11.56,36.83
418feb2d-0819-472f-8ac8-4c9ca3858773,NewRichTextDocument1,2563,e7fd5f16-65ab-4776-bb3b-35623203d38d,24,3804,3804,6184,3954,8.88,6.55,6.70,22.13
418feb2d-0819-472f-8ac8-4c9ca3858773,NewRichTextDocument1,2564,e8b2702a-f549-4ced-b3b1-abd415790373,24,4443,4443,6905,4628,10.07,7.67,7.84,25.58
418feb2d-0819-472f-8ac8-4c9ca3858773,NewRichTextDocument1,2565,a28dc18c-0cc1-4342-8adb-05d262ffce79,24,6836,6836,9523,7117,14.18,11.57,11.83,37.57
418feb2d-0819-472f-8ac8-4c9ca3858773,NewRichTextDocument1,2566,24f8e004-2089-450b-901c-067cf65586e9,24,4582,4582,7127,4809,10.07,7.59,7.80,25.45
418feb2d-0819-472f-8ac8-4c9ca3858773,NewRichTextDocument1,2567,e878839a-4743-4873-81c5-6bf066b451d8,24,6575,6575,9128,6792,13.67,11.19,11.39,36.25
418feb2d-0819-472f-8ac8-4c9ca3858773,NewRichTextDocument1,2568,f91934c4-c76d-4355-9029-ffad818bffb1,24,3998,3998,6509,4215,9.23,6.79,6.99,23.02
418feb2d-0819-472f-8ac8-4c9ca3858773,NewRichTextDocument1,2569,8767a707-5fc4-4dac-80b9-36da5773964f,24,2239,2239,4676,2423,6.17,3.80,3.97,13.94
418feb2d-0819-472f-8ac8-4c9ca3858773,NewRichTextDocument1,2570,7c3feb96-c61d-47fd-93d2-1ceb20ad25dc,24,3535,3535,6002,3726,8.42,6.01,6.19,20.62
418feb2d-0819-472f-8ac8-4c9ca3858773,NewRichTextDocument1,2571,11559d36-c8f8-44d4-8145-af6b7c488140,24,6336,6336,9136,6677,12.93,10.21,10.53,33.67
418feb2d-0819-472f-8ac8-4c9ca3858773,NewRichTextDocument1,2572,c1782880-3ebc-4085-924a-3a257b017e00,24,3622,3622,6145,3838,8.49,6.04,6.24,20.77
418feb2d-0819-472f-8ac8-4c9ca3858773,NewRichTextDocument1,2573,64505e8f-4a2b-424c-b051-5d8ce8a4cea9,24,5295,5295,8181,5666,11.22,8.42,8.76,28.39
418feb2d-0819-472f-8ac8-4c9ca3858773,NewRichTextDocument1,2574,663f4f9a-b924-4516-b715-e34d180e815b,24,4161,4161,6739,4404,9.22,6.71,6.94,22.87
418feb2d-0819-472f-8ac8-4c9ca3858773,NewRichTextDocument1,2575,51f18de3-7c0b-48f6-b8a8-906f686061f5,24,4218,4218,6689,4408,9.48,7.07,7.25,23.81
418feb2d-0819-472f-8ac8-4c9ca3858773,NewRichTextDocument1,2576,e00aa4cf-1910-452f-b25e-2e5e4c821c99,24,2576,2576,5101,2808,6.75,4.30,4.51,15.57
418feb2d-0819-472f-8ac8-4c9ca3858773,NewRichTextDocument1,2577,29e0ea7f-9705-480c-8967-894b873606df,24,6616,6616,9179,6837,13.70,11.20,11.42,36.32
418feb2d-0819-472f-8ac8-4c9ca3858773,NewRichTextDocument1,2578,d51d4a21-330a-4438-a4bf-a79f445b18ba,24,5931,5931,8546,6181,12.59,10.05,10.28,32.92
418feb2d-0819-472f-8ac8-4c9ca3858773,NewRichTextDocument1,2579,a83c4745-3b24-4fc2-96f7-e9e9cf0ba2b6,24,5202,5202,8767,5767,11.98,8.51,9.05,29.54
418feb2d-0819-472f-8ac8-4c9ca3858773,NewRichTextDocument1,2580,a94134e7-6beb-49f4-8b16-fdcd238259e8,24,2396,2396,4797,2568,6.49,4.15,4.31,14.95
418feb2d-0819-472f-8ac8-4c9ca3858773,NewRichTextDocument1,2581,74425995-687e-4519-abbe-9f50b2c12eee,24,4445,4445,6927,4640,10.04,7.63,7.81,25.47
418feb2d-0819-472f-8ac8-4c9ca3858773,NewRichTextDocument1,2582,1964984f-d961-4eba-a8d4-b31ba2fec5fe,24,4653,4653,7300,4897,10.76,8.18,8.41,27.36
418feb2d-0819-472f-8ac8-4c9ca3858773,NewRichTextDocument1,2583,d122cc13-3aae-48ef-a07f-48f2c17cce8d,24,3620,3620,6257,3883,8.58,6.01,6.26,20.85
418feb2d-0819-472f-8ac8-4c9ca3858773,NewRichTextDocument1,2584,2e851309-1c0b-4f16-aea4-900a44779b14,24,4028,4028,6575,4252,9.27,6.79,7.00,23.06
418feb2d-0819-472f-8ac8-4c9ca3858773,NewRichTextDocument1,2585,2446ce2a-1406-4a77-9596-edfcea6abf32,24,5358,5358,7970,5593,11.46,8.92,9.14,29.53
418feb2d-0819-472f-8ac8-4c9ca3858773,NewRichTextDocument1,2586,0fe3ad76-ad6a-4a81-a0bb-ee5e9cc3d204,24,6755,6755,9539,7082,13.74,11.03,11.34,36.11
418feb2d-0819-472f-8ac8-4c9ca3858773,NewRichTextDocument1,2587,dca2a81e-f045-4f3d-8d80-4011236b63b5,24,9858,9858,12606,10146,19.49,16.82,17.09,53.40
418feb2d-0819-472f-8ac8-4c9ca3858773,NewRichTextDocument1,2588,fe0573cf-1c5e-45b5-93d8-6484549ef197,24,8679,8679,11431,8976,17.26,14.59,14.87,46.72
418feb2d-0819-472f-8ac8-4c9ca3858773,NewRichTextDocument1,2589,1b9de712-7ba3-4b82-abe7-5e3555032663,24,3441,3441,5960,3658,7.99,5.54,5.75,19.28
418feb2d-0819-472f-8ac8-4c9ca3858773,NewRichTextDocument1,2590,b0087b84-24f4-4a9a-b8b1-1e6c2a9451c3,24,7333,7333,10257,7720,14.80,11.97,12.32,39.10
418feb2d-0819-472f-8ac8-4c9ca3858773,NewRichTextDocument1,2591,1cb149f2-ab93-4b12-a24a-93d11969071a,24,14231,14231,20552,16194,22.84,16.92,18.58,58.34
418feb2d-0819-472f-8ac8-4c9ca3858773,NewRichTextDocument1,2592,a96f682a-216c-4e8d-8aef-5c729b235cc4,24,6254,6254,9141,6634,12.33,9.53,9.89,31.75
418feb2d-0819-472f-8ac8-4c9ca3858773,NewRichTextDocument1,2593,e86e3c9d-0e6b-4d9e-b3c8-956c0597c7b8,24,4699,4699,7164,4882,10.43,8.02,8.20,26.65
418feb2d-0819-472f-8ac8-4c9ca3858773,NewRichTextDocument1,2594,53e65f2b-5a12-4ad2-b748-a4667be3d715,24,5053,5053,7673,5296,11.09,8.54,8.77,28.39
418feb2d-0819-472f-8ac8-4c9ca3858773,NewRichTextDocument1,2595,87bcc8b2-743a-4f31-9782-9249cedaeee7,24,6256,6256,8879,6508,13.01,10.46,10.69,34.16
418feb2d-0819-472f-8ac8-4c9ca3858773,NewRichTextDocument1,2596,c24222a9-c72a-4f1a-acbf-ed8b1c7e263a,24,5018,5018,7856,5377,10.81,8.07,8.39,27.27
418feb2d-0819-472f-8ac8-4c9ca3858773,NewRichTextDocument1,2597,aca7bc01-4fce-4cbb-bf78-f291fdc75a30,24,4641,4641,7303,4912,10.12,7.53,7.78,25.43
418feb2d-0819-472f-8ac8-4c9ca3858773,NewRichTextDocument1,2598,104b2d44-7d93-472d-995e-ca92136f9e8f,24,3010,3010,5421,3180,7.49,5.14,5.30,17.93
418feb2d-0819-472f-8ac8-4c9ca3858773,NewRichTextDocument1,2599,cd2d2c18-b2f3-45af-8229-2ddd605358a8,24,3250,3250,5743,3595,7.92,5.50,5.82,19.24
418feb2d-0819-472f-8ac8-4c9ca3858773,NewRichTextDocument1,2600,d3ac42b9-2eb7-43de-9400-37b099aa8250,24,6897,6897,9414,7092,14.57,12.12,12.30,38.98
418feb2d-0819-472f-8ac8-4c9ca3858773,NewRichTextDocument1,2601,7b5f50b0-5e51-4c21-bb5b-078ca12e4671,24,5368,5368,7852,5560,11.83,9.41,9.59,30.82
418feb2d-0819-472f-8ac8-4c9ca3858773,NewRichTextDocument1,2602,d84670ee-a295-4b22-be11-021dcb0d54cf,24,4145,4145,6572,4315,9.58,7.21,7.37,24.16
418feb2d-0819-472f-8ac8-4c9ca3858773,NewRichTextDocument1,2603,dba10b57-b7f6-48aa-9102-1eadfd4638b3,24,2298,2298,4664,2453,6.19,3.88,4.03,14.11
418feb2d-0819-472f-8ac8-4c9ca3858773,NewRichTextDocument1,2604,e01aee03-5cf4-4c53-ae39-7aea766e9013,24,3258,3258,5792,3488,8.13,5.67,5.88,19.69
418feb2d-0819-472f-8ac8-4c9ca3858773,NewRichTextDocument1,2605,d6d794b8-973c-4c18-b9f0-56c45e84ab23,24,4648,4648,7185,4870,9.97,7.50,7.71,25.18
418feb2d-0819-472f-8ac8-4c9ca3858773,NewRichTextDocument1,2606,b596a2c0-cbb7-4c3c-a7e3-bdb9325a5d76,24,5618,5618,8118,5813,12.17,9.73,9.92,31.82
418feb2d-0819-472f-8ac8-4c9ca3858773,NewRichTextDocument1,2607,db48b674-3909-4ee6-81a7-29aed35c2a78,24,4524,4524,7181,4791,10.22,7.63,7.88,25.73
418feb2d-0819-472f-8ac8-4c9ca3858773,NewRichTextDocument1,2608,08ba07d0-6e9f-4bdb-a564-dbafef030e24,24,3902,3902,6471,4142,8.85,6.35,6.58,21.79
418feb2d-0819-472f-8ac8-4c9ca3858773,NewRichTextDocument1,2609,1c09d9d0-bd1f-4b83-bedb-eb0bff0cc8c8,24,2768,2768,5185,2943,7.12,4.77,4.93,16.82
418feb2d-0819-472f-8ac8-4c9ca3858773,NewRichTextDocument1,2610,9296bcf3-80c7-4d1a-b220-c21a32d76138,24,1742,1742,4096,1892,5.23,2.93,3.08,11.24
418feb2d-0819-472f-8ac8-4c9ca3858773,NewRichTextDocument1,2611,57e03611-3ea2-4c56-9800-d62dc024498c,24,2462,2462,4835,2617,6.49,4.17,4.32,14.98
418feb2d-0819-472f-8ac8-4c9ca3858773,NewRichTextDocument1,2612,42ddf6e3-26e6-42a4-a46c-cb0673c4437c,24,3069,3069,5521,3259,7.64,5.25,5.43,18.32
418feb2d-0819-472f-8ac8-4c9ca3858773,NewRichTextDocument1,2613,0a399979-b600-4989-995e-f0a1436ccacd,24,3897,3897,6341,4079,9.08,6.70,6.87,22.65
418feb2d-0819-472f-8ac8-4c9ca3858773,NewRichTextDocument1,2614,0fce7389-97ee-4c0e-94b5-b8453f1577c6,24,2347,2347,4749,2517,6.27,3.93,4.09,14.28
418feb2d-0819-472f-8ac8-4c9ca3858773,NewRichTextDocument1,2615,c1defefc-e9b8-438c-8a56-9b5074b95027,24,3610,3610,6018,3777,8.63,6.28,6.44,21.36
418feb2d-0819-472f-8ac8-4c9ca3858773,NewRichTextDocument1,2616,b2931818-d8b4-4c01-9141-7157b2ab436e,24,3818,3818,6228,3979,9.00,6.65,6.80,22.45
418feb2d-0819-472f-8ac8-4c9ca3858773,NewRichTextDocument1,2617,57d599bd-f622-406a-9397-82c00612e50f,24,3442,3442,5877,3610,8.32,5.94,6.11,20.37
418feb2d-0819-472f-8ac8-4c9ca3858773,NewRichTextDocument1,2618,c3c6521b-496c-45eb-84b5-a6a22ecab8f1,24,6561,6561,9082,6763,13.96,11.51,11.70,37.17
418feb2d-0819-472f-8ac8-4c9ca3858773,NewRichTextDocument1,2619,2b4c20d9-cbe4-48c9-98a1-c924873e256a,24,4978,4978,7446,5157,11.07,8.67,8.83,28.57
418feb2d-0819-472f-8ac8-4c9ca3858773,NewRichTextDocument1,2620,a36312ee-bb2c-4719-ab81-bd524232ef11,24,4385,4385,6895,4589,10.03,7.59,7.78,25.41
418feb2d-0819-472f-8ac8-4c9ca3858773,NewRichTextDocument1,2621,d6f130cd-57ae-4680-a8d0-7b14529fc761,24,6945,6945,9582,7190,14.73,12.17,12.40,39.30
418feb2d-0819-472f-8ac8-4c9ca3858773,NewRichTextDocument1,2622,5a232dde-648a-4608-8848-3b7d0693777d,24,6831,6831,9356,7033,14.42,11.96,12.15,38.54
418feb2d-0819-472f-8ac8-4c9ca3858773,NewRichTextDocument1,2623,ee2a0375-800f-4a29-8511-7e37becee074,24,7794,7794,10615,8130,15.53,12.79,13.11,41.43
418feb2d-0819-472f-8ac8-4c9ca3858773,NewRichTextDocument1,2624,231fb415-4254-4125-b5ff-689fd2ff62de,24,6523,6523,9469,6921,13.24,10.38,10.75,34.36
418feb2d-0819-472f-8ac8-4c9ca3858773,NewRichTextDocument1,2625,a2077276-a000-4cb4-86c0-8cced8c6ff16,24,3787,3787,6516,4096,8.39,5.74,6.03,20.15
418feb2d-0819-472f-8ac8-4c9ca3858773,NewRichTextDocument1,2626,eff8d56c-541d-43a4-9a32-c0bd4ec58c52,24,3221,3221,5726,3435,7.80,5.36,5.56,18.73
418feb2d-0819-472f-8ac8-4c9ca3858773,NewRichTextDocument1,2627,ebcae1d1-3c55-430c-95cc-938e3292478f,24,5766,5766,8695,6161,12.08,9.24,9.60,30.92
418feb2d-0819-472f-8ac8-4c9ca3858773,NewRichTextDocument1,2628,83ac9a9b-9cef-4ad0-9b42-f128fea840ae,24,5625,5625,8449,5974,12.14,9.40,9.72,31.25
418feb2d-0819-472f-8ac8-4c9ca3858773,NewRichTextDocument1,2629,3d9da072-1bc3-4cb4-9d46-9b4c9ec3109a,24,3178,3178,5682,3387,7.85,5.41,5.61,18.87
418feb2d-0819-472f-8ac8-4c9ca3858773,NewRichTextDocument1,2630,91c85928-bc49-4e41-af59-ec487249b1e2,24,3333,3333,5715,3488,8.12,5.80,5.95,19.87
418feb2d-0819-472f-8ac8-4c9ca3858773,NewRichTextDocument1,2631,6ebd59b0-48bc-42d0-8051-56f6f2c9db4c,24,8238,8238,11102,8593,16.53,13.76,14.08,44.38
418feb2d-0819-472f-8ac8-4c9ca3858773,NewRichTextDocument1,2632,198f4b55-4dc4-4da8-abfb-5e677d87c109,24,6399,6399,8898,6588,13.59,11.16,11.34,36.09
418feb2d-0819-472f-8ac8-4c9ca3858773,NewRichTextDocument1,2633,2dba4a0c-12c8-4d81-8dbf-2951e3f39ccd,24,3682,3682,6230,3913,8.49,6.00,6.23,20.72
418feb2d-0819-472f-8ac8-4c9ca3858773,NewRichTextDocument1,2634,985476ad-678b-4420-97de-0415d73747ac,24,6490,6490,9039,6709,13.89,11.42,11.62,36.93
418feb2d-0819-472f-8ac8-4c9ca3858773,NewRichTextDocument1,2635,67c09e7c-bb3e-40f2-83fa-50e286c82c46,24,9848,9848,12656,10164,20.01,17.29,17.57,54.87
418feb2d-0819-472f-8ac8-4c9ca3858773,NewRichTextDocument1,2636,6ee21d9a-edf2-4a74-9b4e-678df5292f18,24,9913,9913,12761,10237,20.20,17.44,17.73,55.38
418feb2d-0819-472f-8ac8-4c9ca3858773,NewRichTextDocument1,2637,a40d1b4b-11e9-46c7-b6f7-b56e925421bd,24,11157,11157,14041,11503,22.36,19.58,19.88,61.83
418feb2d-0819-472f-8ac8-4c9ca3858773,NewRichTextDocument1,2638,f04560f7-eeb5-492c-9e09-12c31729afdb,24,6065,6065,8657,6293,13.19,10.67,10.88,34.73
418feb2d-0819-472f-8ac8-4c9ca3858773,NewRichTextDocument1,2639,77d2547d-2370-4aea-ad57-d3f44905921d,24,4681,4681,7122,4858,10.51,8.13,8.30,26.94
418feb2d-0819-472f-8ac8-4c9ca3858773,NewRichTextDocument1,2640,bf034710-cf89-4f22-9ff8-1254a0439be4,24,3708,3708,6128,3878,8.80,6.44,6.61,21.85
418feb2d-0819-472f-8ac8-4c9ca3858773,NewRichTextDocument1,2641,ab5bc1bf-f029-423b-9248-f283883f0d4d,24,5140,5140,7620,5324,11.41,9.00,9.17,29.58
418feb2d-0819-472f-8ac8-4c9ca3858773,NewRichTextDocument1,2642,d5a592ef-b227-4327-b37c-1801a41199ed,24,9476,9476,12313,9948,19.09,16.35,16.78,52.22
418feb2d-0819-472f-8ac8-4c9ca3858773,NewRichTextDocument1,2643,a0aa7686-5b1e-4d28-aa3e-3e8a98e2ccf9,24,9351,9351,12222,9701,18.38,15.59,15.92,49.89
418feb2d-0819-472f-8ac8-4c9ca3858773,NewRichTextDocument1,2644,085d534f-0e5a-4468-a764-0153941bc2ae,24,14169,14169,17563,14715,27.43,24.17,24.64,76.24
418feb2d-0819-472f-8ac8-4c9ca3858773,NewRichTextDocument1,2645,1f7104c4-4cf5-4821-ae2a-a35622ceca6d,24,4917,4917,7641,5218,10.95,8.31,8.58,27.84
418feb2d-0819-472f-8ac8-4c9ca3858773,NewRichTextDocument1,2646,33a31798-cdff-4e68-9d50-e4f7cdccd4e7,24,4246,4246,6761,4463,9.78,7.33,7.53,24.64
418feb2d-0819-472f-8ac8-4c9ca3858773,NewRichTextDocument1,2647,aa23fa4c-c191-4f6d-9a0a-5acf90b89888,24,4198,4198,6800,4452,9.31,6.78,7.02,23.12
418feb2d-0819-472f-8ac8-4c9ca3858773,NewRichTextDocument1,2648,f5d02330-cb37-4001-bb9d-2971d3f31fc9,24,5999,5999,8653,6257,12.71,10.13,10.37,33.20
418feb2d-0819-472f-8ac8-4c9ca3858773,NewRichTextDocument1,2649,9fc5dfa6-2d84-4a14-831d-54102b4463b5,24,9180,9180,12148,9561,17.90,15.02,15.37,48.28
418feb2d-0819-472f-8ac8-4c9ca3858773,NewRichTextDocument1,2650,02bb2ea8-fdad-4fd4-bbe5-3f0d7e28f813,24,5003,5003,7675,5287,10.91,8.32,8.58,27.82
418feb2d-0819-472f-8ac8-4c9ca3858773,NewRichTextDocument1,2651,71802a88-74c6-48b6-8805-f5fb64a5adc7,24,6212,6212,8829,6450,13.11,10.57,10.79,34.47
418feb2d-0819-472f-8ac8-4c9ca3858773,NewRichTextDocument1,2652,a942d95f-592e-4adf-9c05-855d3b31b8f2,24,5095,5095,7703,5351,11.06,8.53,8.76,28.36
418feb2d-0819-472f-8ac8-4c9ca3858773,NewRichTextDocument1,2653,0ea08ccc-b780-4d42-8a84-2d779fa4bef0,24,4977,4977,7704,5284,10.43,7.79,8.07,26.29
418feb2d-0819-472f-8ac8-4c9ca3858773,NewRichTextDocument1,2654,5864b614-a833-4dcf-9e1c-dd4fe78663d9,24,4781,4781,7452,5065,10.47,7.87,8.13,26.47
418feb2d-0819-472f-8ac8-4c9ca3858773,NewRichTextDocument1,2655,4c92169b-3d50-4163-9ee1-743425d3b98f,24,2658,2658,5033,2813,6.77,4.46,4.61,15.83
418feb2d-0819-472f-8ac8-4c9ca3858773,NewRichTextDocument1,2656,18ff5eff-697d-4068-b262-a03b1de48bc6,24,6321,6321,8928,6553,13.45,10.92,11.13,35.50
418feb2d-0819-472f-8ac8-4c9ca3858773,NewRichTextDocument1,2657,bb849ec1-53a7-4d11-b153-1057cf58e837,24,6176,6176,8730,6386,13.23,10.74,10.94,34.92
418feb2d-0819-472f-8ac8-4c9ca3858773,NewRichTextDocument1,2658,3c4a3a4a-3666-400e-935a-0915b610907c,24,2604,2604,4999,2769,6.75,4.41,4.57,15.73
418feb2d-0819-472f-8ac8-4c9ca3858773,NewRichTextDocument1,2659,76d5727b-4dd0-4277-acd2-f07731b2e220,24,8443,8443,11149,8719,17.32,14.70,14.95,46.97
418feb2d-0819-472f-8ac8-4c9ca3858773,NewRichTextDocument1,2660,b1d1eebe-0cc7-47ea-bbea-fbe093570978,24,6537,6537,9150,6782,14.12,11.58,11.80,37.51
418feb2d-0819-472f-8ac8-4c9ca3858773,NewRichTextDocument1,2661,c1d17df0-0b31-40da-b50d-4b45f078630c,24,7343,7343,9935,7569,15.45,12.93,13.13,41.51
418feb2d-0819-472f-8ac8-4c9ca3858773,NewRichTextDocument1,2662,bcd82b36-d716-4765-86a4-2d30f999dfcd,24,6703,6703,9326,6953,14.21,11.66,11.89,37.76
418feb2d-0819-472f-8ac8-4c9ca3858773,NewRichTextDocument1,2663,4b8c065a-b9c1-416e-95bf-e75b79da75c0,24,6715,6715,9239,6915,13.99,11.53,11.72,37.23
418feb2d-0819-472f-8ac8-4c9ca3858773,NewRichTextDocument1,2664,3d9549a4-a42c-4f83-8690-8a95f2495203,24,6115,6115,8590,6297,13.07,10.65,10.83,34.54
418feb2d-0819-472f-8ac8-4c9ca3858773,NewRichTextDocument1,2665,2787f859-57fb-4dcb-a2cc-0ad92fd389ff,24,5988,5988,8420,6148,12.89,10.52,10.67,34.07
418feb2d-0819-472f-8ac8-4c9ca3858773,NewRichTextDocument1,2666,dd573476-bf2f-4fa5-b3a8-baae3f49f67f,24,9320,9320,12033,9597,18.00,15.37,15.62,48.99
418feb2d-0819-472f-8ac8-4c9ca3858773,NewRichTextDocument1,2667,d0bb5c77-2b82-4e20-8013-0e0c20cb0e56,24,9425,9425,12365,9805,19.08,16.25,16.58,51.90
418feb2d-0819-472f-8ac8-4c9ca3858773,NewRichTextDocument1,2668,0abb9f25-a92a-4dd4-b78a-98d56ecd298b,24,4716,4716,7219,4919,10.55,8.12,8.31,26.98
418feb2d-0819-472f-8ac8-4c9ca3858773,NewRichTextDocument1,2669,6d7ddd1a-774e-46b2-918f-a09ee04fce75,24,5619,5619,8117,5815,12.21,9.78,9.97,31.96
418feb2d-0819-472f-8ac8-4c9ca3858773,NewRichTextDocument1,2670,017e0e1b-90a3-4e79-b976-477956786d4c,24,7121,7121,9597,7298,14.96,12.54,12.71,40.21
418feb2d-0819-472f-8ac8-4c9ca3858773,NewRichTextDocument1,2671,665c2d43-dbd9-4024-af37-9973d46fc5fc,24,8008,8008,10689,8273,16.41,13.81,14.05,44.28
418feb2d-0819-472f-8ac8-4c9ca3858773,NewRichTextDocument1,2672,83f146a8-ca1c-47cd-91d4-9a7f2f977b71,24,4124,4124,6598,4321,9.54,7.13,7.32,23.99
418feb2d-0819-472f-8ac8-4c9ca3858773,NewRichTextDocument1,2673,3c4a39d8-f31e-4b88-8bba-15d3006112b4,24,6070,6070,8655,6305,13.15,10.64,10.85,34.64
418feb2d-0819-472f-8ac8-4c9ca3858773,NewRichTextDocument1,2674,ebed0bc2-84bf-41dd-99c1-0c3b35bc4a93,24,7827,7827,10514,8104,16.38,13.79,14.03,44.20
418feb2d-0819-472f-8ac8-4c9ca3858773,NewRichTextDocument1,2675,333b8f6a-bb22-46a2-a22c-1b4fba35f158,24,3310,3310,5843,3536,8.09,5.63,5.84,19.56
418feb2d-0819-472f-8ac8-4c9ca3858773,NewRichTextDocument1,2676,17853e70-942b-4a12-b797-7ebf59341a9d,24,6647,6647,9199,6864,14.08,11.60,11.80,37.49
418feb2d-0819-472f-8ac8-4c9ca3858773,NewRichTextDocument1,2677,21e57493-1b98-4f5b-857d-6558537a87be,24,6933,6933,9507,7158,14.68,12.18,12.39,39.25
418feb2d-0819-472f-8ac8-4c9ca3858773,NewRichTextDocument1,2678,594cf49d-02f5-49b5-b13e-3f8873cc427a,24,4867,4867,7481,5125,10.68,8.14,8.38,27.19
418feb2d-0819-472f-8ac8-4c9ca3858773,NewRichTextDocument1,2679,748f8070-f317-4cc6-8e93-8a7ab9d735d5,24,4601,4601,7095,4799,10.25,7.82,8.01,26.09
418feb2d-0819-472f-8ac8-4c9ca3858773,NewRichTextDocument1,2680,2baec34e-a905-4565-95b3-cace02f5a3d0,24,3059,3059,5456,3488,7.60,5.26,5.67,18.53
418feb2d-0819-472f-8ac8-4c9ca3858773,NewRichTextDocument1,2681,e2356e16-8bbc-48d4-9cbc-13637031d769,24,3827,3827,6201,3972,8.94,6.62,6.76,22.33
418feb2d-0819-472f-8ac8-4c9ca3858773,NewRichTextDocument1,2682,322aa5c8-b45e-4134-a9ce-c6d6d99f0839,24,4032,4032,6468,4207,9.29,6.91,7.08,23.27
418feb2d-0819-472f-8ac8-4c9ca3858773,NewRichTextDocument1,2683,88ae6fb9-15d0-4c23-9e73-c3cf333f459c,24,3229,3229,5750,3447,7.92,5.47,5.67,19.07
418feb2d-0819-472f-8ac8-4c9ca3858773,NewRichTextDocument1,2684,81f68ccc-e7a0-422b-8554-57fba9e944a0,24,6703,6703,9339,6941,14.22,11.66,11.88,37.76
418feb2d-0819-472f-8ac8-4c9ca3858773,NewRichTextDocument1,2685,0f058b92-925f-437c-852b-a2cf176ecbe7,24,8872,8872,11456,9088,18.07,15.56,15.76,49.39
418feb2d-0819-472f-8ac8-4c9ca3858773,NewRichTextDocument1,2686,69ef376d-af6d-4808-a317-7fb7be548b6f,24,9938,9938,12666,10214,20.16,17.52,17.76,55.43
418feb2d-0819-472f-8ac8-4c9ca3858773,NewRichTextDocument1,2687,e0506c7f-e6a6-4290-a05a-0a6a553696cb,24,5110,5110,7632,5320,11.21,8.76,8.95,28.92
418feb2d-0819-472f-8ac8-4c9ca3858773,NewRichTextDocument1,2688,1d48290e-955e-4ed0-8261-f9834bfd11ac,24,5534,5534,7977,5700,11.96,9.57,9.73,31.26
418feb2d-0819-472f-8ac8-4c9ca3858773,NewRichTextDocument1,2689,7b16a9e8-ad58-4276-b80f-6ec5d1b250f7,24,8201,8201,11273,8640,16.82,13.85,14.24,44.91
418feb2d-0819-472f-8ac8-4c9ca3858773,NewRichTextDocument1,2690,cb8ff696-50c6-4c3c-a067-b1c85b78505a,24,5440,5440,8015,5677,11.86,9.36,9.57,30.79
418feb2d-0819-472f-8ac8-4c9ca3858773,NewRichTextDocument1,2691,404cc453-75a4-47d7-bb65-a60f651dcc62,24,4742,4742,7305,4974,10.28,7.78,8.00,26.06
418feb2d-0819-472f-8ac8-4c9ca3858773,NewRichTextDocument1,2692,72fbe63f-3f24-4cbc-9b65-f871d99d8239,24,6469,6469,8939,6644,13.68,11.27,11.44,36.38
418feb2d-0819-472f-8ac8-4c9ca3858773,NewRichTextDocument1,2693,1990b82e-4c92-4adb-b38b-45639cd92581,24,8698,8698,11379,8967,17.73,15.14,15.38,48.25
418feb2d-0819-472f-8ac8-4c9ca3858773,NewRichTextDocument1,2694,726353dc-5528-4afe-b05a-9da1a5b1b10a,24,5696,5696,8293,5939,12.29,9.77,10.00,32.06
418feb2d-0819-472f-8ac8-4c9ca3858773,NewRichTextDocument1,2695,bb153531-4f33-4ca0-8756-661fd4ce9076,24,4411,4411,6944,4633,9.79,7.32,7.53,24.64
418feb2d-0819-472f-8ac8-4c9ca3858773,NewRichTextDocument1,2696,5ae33a66-4511-4419-ae69-bc74d917c9f1,24,4099,4099,6575,4293,9.25,6.84,7.03,23.12
418feb2d-0819-472f-8ac8-4c9ca3858773,NewRichTextDocument1,2697,e1f157f3-acdc-4c8e-ad76-468b6438435b,24,3128,3128,5558,3310,7.79,5.42,5.59,18.80
418feb2d-0819-472f-8ac8-4c9ca3858773,NewRichTextDocument1,2698,ec7037f5-2cd9-44ed-92a8-ec9526466f8a,24,7191,7191,9770,7418,14.99,12.49,12.69,40.17
418feb2d-0819-472f-8ac8-4c9ca3858773,NewRichTextDocument1,2699,6e98f970-2937-4481-bb05-d39bec238935,24,2914,2914,5352,3101,7.41,5.04,5.21,17.66
418feb2d-0819-472f-8ac8-4c9ca3858773,NewRichTextDocument1,2700,9c61d98c-ae3d-40ed-ba37-10035b897832,24,3247,3247,5830,3502,8.09,5.59,5.81,19.49
418feb2d-0819-472f-8ac8-4c9ca3858773,NewRichTextDocument1,2701,a1f82eff-a969-48e6-9354-7704b8100dfe,24,4733,4733,7327,4985,10.53,8.01,8.24,26.77
418feb2d-0819-472f-8ac8-4c9ca3858773,NewRichTextDocument1,2702,35d9d099-d78b-41f1-8be6-dba21a8326c0,24,3024,3024,5473,3208,7.49,5.11,5.28,17.88
418feb2d-0819-472f-8ac8-4c9ca3858773,NewRichTextDocument1,2703,e3dfa574-d68a-43f4-8c73-6f02d71edbe6,24,7945,7945,10691,8377,16.48,13.83,14.22,44.53
418feb2d-0819-472f-8ac8-4c9ca3858773,NewRichTextDocument1,2704,1980098b-43ce-40cd-9891-e693e7bb0768,24,6306,6306,8742,6466,13.25,10.88,11.03,35.16
418feb2d-0819-472f-8ac8-4c9ca3858773,NewRichTextDocument1,2705,490d1a8f-a88d-4b92-b8b4-15b3c8a16483,24,6451,6451,8959,6648,13.68,11.24,11.42,36.34
418feb2d-0819-472f-8ac8-4c9ca3858773,NewRichTextDocument1,2706,dc8796cd-25ef-4bc7-98bc-3dc027370d56,24,6516,6516,9106,6745,13.76,11.25,11.46,36.47
418feb2d-0819-472f-8ac8-4c9ca3858773,NewRichTextDocument1,2707,fe33accf-adae-4af6-9312-4170a7113ff4,24,6629,6629,9392,6900,14.30,11.61,11.87,37.77
418feb2d-0819-472f-8ac8-4c9ca3858773,NewRichTextDocument1,2708,fa5ee4c0-0bd7-4cb9-bd1a-44a3f921e5c8,24,9106,9106,11890,9407,18.56,15.86,16.14,50.56
418feb2d-0819-472f-8ac8-4c9ca3858773,NewRichTextDocument1,2709,15d6c3bc-87ca-422a-be65-ea5e718631f9,24,10092,10092,13407,10641,19.64,16.44,16.94,53.03
418feb2d-0819-472f-8ac8-4c9ca3858773,NewRichTextDocument1,2710,feab35c4-a9a6-4d2c-95a8-1d8147730d52,24,5077,5077,7996,5475,10.37,7.54,7.91,25.82
418feb2d-0819-472f-8ac8-4c9ca3858773,NewRichTextDocument1,2711,b8308b4f-1e03-4d46-8106-615e686b5b3f,24,6409,6409,8926,6605,13.60,11.14,11.33,36.07
418feb2d-0819-472f-8ac8-4c9ca3858773,NewRichTextDocument1,2712,32d4313e-dad1-48b1-84cd-e20c1f959e18,24,6362,6362,9983,7086,12.48,9.03,9.65,31.16
418feb2d-0819-472f-8ac8-4c9ca3858773,NewRichTextDocument1,2713,7cadbc7e-00a6-47ce-9d19-9e7f2c9c1b78,24,12585,12585,16847,13573,23.59,19.56,20.40,63.55
418feb2d-0819-472f-8ac8-4c9ca3858773,NewRichTextDocument1,2714,6519699e-e243-4ab0-b4e8-503d4d4940af,24,8579,8579,11175,8794,17.64,15.12,15.32,48.08
418feb2d-0819-472f-8ac8-4c9ca3858773,NewRichTextDocument1,2715,71bb9b05-b09f-44b3-b4a9-0667bb30f332,24,4824,4824,7478,5095,10.62,8.05,8.29,26.96
418feb2d-0819-472f-8ac8-4c9ca3858773,NewRichTextDocument1,2716,bd3aa9ac-c3f0-4e9b-b685-0eb97c66bc9d,24,7435,7435,9980,7638,15.17,12.70,12.89,40.75
418feb2d-0819-472f-8ac8-4c9ca3858773,NewRichTextDocument1,2717,329e3ecd-05d6-4baa-8d13-8baeb9712329,24,5518,5518,8148,5761,12.09,9.54,9.76,31.39
418feb2d-0819-472f-8ac8-4c9ca3858773,NewRichTextDocument1,2718,34af4f28-ebde-43e3-8928-2af83cce6f90,24,4821,4821,7593,5150,10.42,7.73,8.04,26.20
418feb2d-0819-472f-8ac8-4c9ca3858773,NewRichTextDocument1,2719,d4f3b4ef-4887-40f4-88da-dd78a6f82339,24,3341,3341,5885,3570,8.13,5.66,5.87,19.66
418feb2d-0819-472f-8ac8-4c9ca3858773,NewRichTextDocument1,2720,b67e6c43-0bd9-4b7f-8666-6a6a24dab4dc,24,4952,4952,7418,5139,10.86,8.46,8.63,27.95
418feb2d-0819-472f-8ac8-4c9ca3858773,NewRichTextDocument1,2721,81382715-d913-4462-995c-98a11a89d40b,24,10088,10088,12639,10274,20.30,17.81,17.99,56.10
418feb2d-0819-472f-8ac8-4c9ca3858773,NewRichTextDocument1,2722,bc469569-cbef-4d2b-8d86-63678dac93c9,24,4203,4203,6671,4393,9.68,7.28,7.45,24.41
418feb2d-0819-472f-8ac8-4c9ca3858773,NewRichTextDocument1,2723,5ec3ce04-0967-4d6d-b9a5-4f0b581c6798,24,5884,5884,8465,6121,12.75,10.25,10.46,33.46
418feb2d-0819-472f-8ac8-4c9ca3858773,NewRichTextDocument1,2724,63608006-c0f9-49d8-b47a-3e19db5927dd,24,4845,4845,7290,5022,10.77,8.39,8.56,27.71
418feb2d-0819-472f-8ac8-4c9ca3858773,NewRichTextDocument1,2725,de7603c7-79bb-4277-bde4-ae3d28171ba7,24,5920,5920,8400,6107,12.64,10.23,10.40,33.28
418feb2d-0819-472f-8ac8-4c9ca3858773,NewRichTextDocument1,2726,8a3fde43-3856-4f82-a38a-54d4e0db63c0,24,7516,7516,10142,7760,15.37,12.82,13.05,41.24
418feb2d-0819-472f-8ac8-4c9ca3858773,NewRichTextDocument1,2727,e3422590-f76a-4621-ac2d-12263ea766a2,24,4630,4630,7271,4905,10.40,7.84,8.09,26.33
418feb2d-0819-472f-8ac8-4c9ca3858773,NewRichTextDocument1,2728,43cc883f-9f27-4b7c-a101-d7cdc27bbda7,24,5496,5496,8059,5724,11.82,9.32,9.54,30.68
418feb2d-0819-472f-8ac8-4c9ca3858773,NewRichTextDocument1,2729,47703dc3-9582-4908-bdda-b8eeddd06bcc,24,4350,4350,6862,4559,9.82,7.37,7.57,24.75
418feb2d-0819-472f-8ac8-4c9ca3858773,NewRichTextDocument1,2730,cee5c9a1-fcac-4652-af5d-5b8b7b662167,24,6643,6643,9062,6928,14.05,11.69,11.97,37.72
418feb2d-0819-472f-8ac8-4c9ca3858773,NewRichTextDocument1,2731,79847dda-4df3-4efe-bfa1-e0dd8395f3ad,24,5627,5627,8252,5889,12.37,9.83,10.06,32.27
418feb2d-0819-472f-8ac8-4c9ca3858773,NewRichTextDocument1,2732,582a93ab-8753-4868-95a3-b922a79c32f2,24,6411,6411,9058,6680,13.56,11.00,11.24,35.80
418feb2d-0819-472f-8ac8-4c9ca3858773,NewRichTextDocument1,2733,e9ca7843-6377-4cb8-8b64-3fa5e949d2c2,24,6132,6132,8768,6386,13.24,10.68,10.91,34.82
418feb2d-0819-472f-8ac8-4c9ca3858773,NewRichTextDocument1,2734,a8441fc0-55e5-4f09-b412-8b41f6e38f62,24,7383,7383,9963,7596,15.30,12.79,12.99,41.08
418feb2d-0819-472f-8ac8-4c9ca3858773,NewRichTextDocument1,2735,a03dd807-b6c8-4b50-ba5b-06bf03c62476,24,8417,8417,11396,8799,17.23,14.34,14.69,46.27
418feb2d-0819-472f-8ac8-4c9ca3858773,NewRichTextDocument1,2736,db7741bd-ede4-4025-969e-8e72b7e5c8b0,24,9120,9120,11738,9352,18.57,16.03,16.24,50.84
418feb2d-0819-472f-8ac8-4c9ca3858773,NewRichTextDocument1,2737,feb4f05f-abb9-4dd8-91aa-192edc359f8f,24,13187,13187,16237,13596,25.45,22.50,22.87,70.82
418feb2d-0819-472f-8ac8-4c9ca3858773,NewRichTextDocument1,2738,e21380ae-8d4b-43e4-9e3d-32a6834ccb29,24,11365,11365,14301,11726,22.75,19.92,20.23,62.90
418feb2d-0819-472f-8ac8-4c9ca3858773,NewRichTextDocument1,2739,bec788d3-6003-4e7d-9171-a1cc8d4926b3,24,8372,8372,10952,8589,17.11,14.60,14.80,46.51
418feb2d-0819-472f-8ac8-4c9ca3858773,NewRichTextDocument1,2740,77d60668-8029-4754-9b93-d747380c72cb,24,6197,6197,8734,6409,13.20,10.74,10.93,34.87
418feb2d-0819-472f-8ac8-4c9ca3858773,NewRichTextDocument1,2741,dea85a58-1768-4d8a-9a49-eef933ebac8a,24,2483,2483,4981,2685,6.60,4.17,4.36,15.14
418feb2d-0819-472f-8ac8-4c9ca3858773,NewRichTextDocument1,2742,2c1a7e6c-7c5b-4610-b2b1-d0922f8244fc,24,4829,4829,7382,5057,10.75,8.27,8.48,27.49
418feb2d-0819-472f-8ac8-4c9ca3858773,NewRichTextDocument1,2743,f10bceca-9cd8-44a3-b648-e8f33b6d9a5d,24,2797,2797,5174,2952,7.11,4.79,4.94,16.85
418feb2d-0819-472f-8ac8-4c9ca3858773,NewRichTextDocument1,2744,150ac01b-00e1-476b-9429-ecc0170eccff,24,6239,6239,8823,6476,13.15,10.64,10.86,34.66
418feb2d-0819-472f-8ac8-4c9ca3858773,NewRichTextDocument1,2745,95f3f081-d85d-4bac-bba5-65b5173b7b79,24,10133,10133,12807,10387,20.40,17.81,18.04,56.26
418feb2d-0819-472f-8ac8-4c9ca3858773,NewRichTextDocument1,2746,bd0ed347-0d03-42dc-be9d-aa32f7deb9fc,24,7575,7575,10256,7840,15.89,13.29,13.53,42.71
418feb2d-0819-472f-8ac8-4c9ca3858773,NewRichTextDocument1,2747,e436cbb6-4a48-43a7-8f51-da2c5ba91131,24,7719,7719,10285,7938,16.03,13.54,13.74,43.31
418feb2d-0819-472f-8ac8-4c9ca3858773,NewRichTextDocument1,2748,7ea40256-47d7-4d7a-b20e-51a813831f2b,24,6173,6173,8758,6404,13.29,10.77,10.99,35.05
418feb2d-0819-472f-8ac8-4c9ca3858773,NewRichTextDocument1,2749,630930f5-1297-4550-bd73-6b832991b3d7,24,5562,5562,8260,5855,11.79,9.17,9.44,30.39
418feb2d-0819-472f-8ac8-4c9ca3858773,NewRichTextDocument1,2750,4e5fb600-f498-4e1e-8c4d-ca0f8f73a223,24,5489,5489,7997,5689,11.86,9.42,9.60,30.88
418feb2d-0819-472f-8ac8-4c9ca3858773,NewRichTextDocument1,2751,1fd53842-69f7-4412-89a4-f9741a5ca5a4,24,5546,5546,8083,5763,12.08,9.61,9.81,31.50
418feb2d-0819-472f-8ac8-4c9ca3858773,NewRichTextDocument1,2752,3caae955-a3b4-4792-8f51-8444195a859d,24,3644,3644,6131,3843,8.64,6.22,6.41,21.27
418feb2d-0819-472f-8ac8-4c9ca3858773,NewRichTextDocument1,2753,3500fd93-34b7-4242-bb90-d94c0de26ca1,24,3764,3764,6332,3997,8.93,6.43,6.65,22.00
418feb2d-0819-472f-8ac8-4c9ca3858773,NewRichTextDocument1,2754,496eb7b2-8987-4394-99d9-86ee166411c4,24,7832,7832,10516,8099,16.26,13.66,13.90,43.82
418feb2d-0819-472f-8ac8-4c9ca3858773,NewRichTextDocument1,2755,066cab30-9b6a-4021-bf77-139eb1e127b1,24,15362,15362,18136,15758,29.38,26.68,27.05,83.11
418feb2d-0819-472f-8ac8-4c9ca3858773,NewRichTextDocument1,2756,4955d48b-b307-4842-8cbb-692704a0c5c4,24,7156,7156,9784,7396,15.04,12.49,12.71,40.23
418feb2d-0819-472f-8ac8-4c9ca3858773,NewRichTextDocument1,2757,a6124716-62e1-4474-95d7-d8990c7037a3,24,5873,5873,8383,6069,12.70,10.26,10.44,33.39
418feb2d-0819-472f-8ac8-4c9ca3858773,NewRichTextDocument1,2758,e0d391fe-f3d4-4348-8a00-db76059449bb,24,4552,4552,6946,4704,10.24,7.90,8.05,26.18
418feb2d-0819-472f-8ac8-4c9ca3858773,NewRichTextDocument1,2759,5c3f29fc-51a1-4d98-811c-583157c521e1,24,3881,3881,6273,4036,9.01,6.68,6.83,22.52
418feb2d-0819-472f-8ac8-4c9ca3858773,NewRichTextDocument1,2760,2b6a410e-de90-4334-afec-a5f63f8438b6,24,8248,8248,10882,8495,16.97,14.41,14.63,46.01
418feb2d-0819-472f-8ac8-4c9ca3858773,NewRichTextDocument1,2761,6eebfc15-133b-437f-9221-f8ece68d5d8a,24,6570,6570,9030,6742,13.90,11.50,11.66,37.06
418feb2d-0819-472f-8ac8-4c9ca3858773,NewRichTextDocument1,2762,65d4141a-e2de-42e2-b1a9-b8ec3ad38487,24,5160,5160,7610,5335,11.38,9.00,9.16,29.55
418feb2d-0819-472f-8ac8-4c9ca3858773,NewRichTextDocument1,2763,5df8e487-f2d7-4fd6-b208-787bb48c0589,24,7005,7005,9572,7227,14.68,12.19,12.39,39.26
418feb2d-0819-472f-8ac8-4c9ca3858773,NewRichTextDocument1,2764,9824db4d-ca6b-4bc6-8dc6-7e41024cb754,24,7962,7962,10502,8150,16.39,13.92,14.09,44.40
418feb2d-0819-472f-8ac8-4c9ca3858773,NewRichTextDocument1,2765,3035e27e-636c-43d8-8a05-62070ec8a4a4,24,5801,5801,8411,6045,12.63,10.10,10.32,33.06
418feb2d-0819-472f-8ac8-4c9ca3858773,NewRichTextDocument1,2766,fe0f8cb6-d3f7-4b6e-9097-af766721d963,24,6820,6820,9434,7061,14.36,11.83,12.05,38.24
418feb2d-0819-472f-8ac8-4c9ca3858773,NewRichTextDocument1,2767,b59eee0f-1832-42b5-b395-a7244a7c8b1e,24,3714,3714,6290,3948,8.93,6.42,6.64,21.99
418feb2d-0819-472f-8ac8-4c9ca3858773,NewRichTextDocument1,2768,3a9e5a04-357d-42c9-942c-2b1294e8d3da,24,4549,4549,7168,4810,10.30,7.76,8.00,26.06
418feb2d-0819-472f-8ac8-4c9ca3858773,NewRichTextDocument1,2769,3a25a7d0-68b2-4ea9-a0cf-700ac77ca0f8,24,3142,3142,5522,3297,7.66,5.34,5.49,18.49
418feb2d-0819-472f-8ac8-4c9ca3858773,NewRichTextDocument1,2770,5b29d9a4-b84f-4b5b-af4b-6ba2895b8239,24,4987,4987,7406,5147,10.96,8.60,8.76,28.32
418feb2d-0819-472f-8ac8-4c9ca3858773,NewRichTextDocument1,2771,d13b65f0-4264-44b5-b507-fc8c476e6751,24,5417,5417,7924,5617,11.91,9.48,9.66,31.05
418feb2d-0819-472f-8ac8-4c9ca3858773,NewRichTextDocument1,2772,12ce946d-1ede-425a-94ee-0506927b6f02,24,4432,4432,6909,4629,10.10,7.69,7.88,25.67
418feb2d-0819-472f-8ac8-4c9ca3858773,NewRichTextDocument1,2773,f79305d5-9ab2-4c2f-8753-2844d43f15e3,24,2655,2655,5120,2855,6.88,4.48,4.67,16.03
418feb2d-0819-472f-8ac8-4c9ca3858773,NewRichTextDocument1,2774,fbd895fd-e716-4eaf-ab47-4e7fcebf2011,24,4225,4225,6736,4430,9.71,7.26,7.45,24.42
418feb2d-0819-472f-8ac8-4c9ca3858773,NewRichTextDocument1,2775,a32d748b-8b75-4641-bb9b-9c8d144a5ba9,24,2967,2967,5504,3184,7.52,5.05,5.25,17.83
418feb2d-0819-472f-8ac8-4c9ca3858773,NewRichTextDocument1,2776,b4b0508e-c23a-4b54-a89a-4387221b5cb5,24,7567,7567,10066,7877,15.75,13.31,13.61,42.67
418feb2d-0819-472f-8ac8-4c9ca3858773,NewRichTextDocument1,2777,dda47327-50a2-484a-8d09-9261226a4475,24,16181,16181,19126,16503,31.06,28.21,28.50,87.77
418feb2d-0819-472f-8ac8-4c9ca3858773,NewRichTextDocument1,2778,bd9e34f9-ac1c-487b-ade4-492a7c37f91c,24,6762,6762,9349,6994,14.12,11.61,11.82,37.56
418feb2d-0819-472f-8ac8-4c9ca3858773,NewRichTextDocument1,2779,2af0b4f1-9b3b-40f1-ba9b-6186f8133bab,24,4817,4817,7324,5014,10.60,8.15,8.34,27.09
418feb2d-0819-472f-8ac8-4c9ca3858773,NewRichTextDocument1,2780,3a139fa9-a6a3-4544-bea8-457d96388587,24,2999,2999,5579,3255,7.38,4.88,5.11,17.37
418feb2d-0819-472f-8ac8-4c9ca3858773,NewRichTextDocument1,2781,f3e72d99-d6c4-44c3-b969-2e716cc12ddc,24,5881,5881,8608,6173,12.64,10.00,10.26,32.90
418feb2d-0819-472f-8ac8-4c9ca3858773,NewRichTextDocument1,2782,d5b4f80b-bd08-4c7c-939b-006afd201339,24,7903,7903,10722,8242,15.90,13.17,13.48,42.56
418feb2d-0819-472f-8ac8-4c9ca3858773,NewRichTextDocument1,2783,afe3c435-3be8-4f62-9488-6e81445b7dc6,24,10642,10642,13249,10859,20.95,18.42,18.61,57.98
418feb2d-0819-472f-8ac8-4c9ca3858773,NewRichTextDocument1,2784,ff52a174-027b-4fa6-91e6-3c0dba73e02a,24,5278,5278,7820,5500,11.59,9.12,9.32,30.03
418feb2d-0819-472f-8ac8-4c9ca3858773,NewRichTextDocument1,2785,06fd3783-bd63-40fc-93fb-f155d38faf46,24,7369,7369,9981,7611,15.30,12.76,12.98,41.04
418feb2d-0819-472f-8ac8-4c9ca3858773,NewRichTextDocument1,2786,bf312d32-aea2-4b19-829c-57512d7b34d0,24,7476,7476,9958,7651,15.36,12.94,13.11,41.41
418feb2d-0819-472f-8ac8-4c9ca3858773,NewRichTextDocument1,2787,b5dd15a6-e5bf-4c5e-a966-2c7ce5f1766c,24,10125,10125,13095,10515,20.36,17.50,17.84,55.70
418feb2d-0819-472f-8ac8-4c9ca3858773,NewRichTextDocument1,2788,0497248a-a15f-459a-85cb-352be5edc2f9,24,7415,7415,10312,7793,14.99,12.18,12.53,39.69
418feb2d-0819-472f-8ac8-4c9ca3858773,NewRichTextDocument1,2789,4cfa6fdf-5e21-4642-b728-12493d59883b,24,5619,5619,8218,5866,12.04,9.52,9.74,31.30
418feb2d-0819-472f-8ac8-4c9ca3858773,NewRichTextDocument1,2790,9f7bd523-5153-47aa-934b-6e6a91cfcd8b,24,5016,5016,7726,5323,11.13,8.51,8.78,28.42
418feb2d-0819-472f-8ac8-4c9ca3858773,NewRichTextDocument1,2791,32c50b51-2203-4904-a242-a61290d6e82a,24,3719,3719,6404,4008,9.01,6.41,6.67,22.10
418feb2d-0819-472f-8ac8-4c9ca3858773,NewRichTextDocument1,2792,8cc9c591-b2f6-4000-bbee-855547e0e38a,24,3151,3151,5674,3364,7.77,5.32,5.51,18.60
418feb2d-0819-472f-8ac8-4c9ca3858773,NewRichTextDocument1,2793,6c29ef9a-1245-413f-b0a2-b6929040a230,24,3032,3032,5464,3212,7.54,5.18,5.34,18.06
418feb2d-0819-472f-8ac8-4c9ca3858773,NewRichTextDocument1,2794,2105386d-ffbc-418c-999f-2f06f3017ad8,24,4082,4082,6606,4304,9.57,7.12,7.32,24.01
418feb2d-0819-472f-8ac8-4c9ca3858773,NewRichTextDocument1,2795,11c54970-ce13-4e26-ba0a-d75a4cdd8110,24,4899,4899,7446,5124,10.80,8.33,8.54,27.67
418feb2d-0819-472f-8ac8-4c9ca3858773,NewRichTextDocument1,2796,78ebddd7-a7a1-4841-9fa8-26ec8bc885e7,24,2645,2645,5050,2817,6.81,4.47,4.63,15.91
418feb2d-0819-472f-8ac8-4c9ca3858773,NewRichTextDocument1,2797,3a6c314e-e486-4be8-9ca1-22325db3e869,24,3427,3427,5822,3587,8.16,5.83,5.98,19.96
418feb2d-0819-472f-8ac8-4c9ca3858773,NewRichTextDocument1,2798,0ad25f32-a13a-477a-be13-74a8d8a84edd,24,3914,3914,6356,4096,9.11,6.73,6.90,22.75
418feb2d-0819-472f-8ac8-4c9ca3858773,NewRichTextDocument1,2799,fab1abc6-eaa3-414d-bc34-ea69c65cf28e,24,6130,6130,8734,6377,13.23,10.71,10.93,34.87
418feb2d-0819-472f-8ac8-4c9ca3858773,NewRichTextDocument1,2800,77c06c42-433e-4d5a-bc3a-d8b29bb1ed12,24,4467,4467,6908,4644,10.04,7.66,7.83,25.52
418feb2d-0819-472f-8ac8-4c9ca3858773,NewRichTextDocument1,2801,3dcbba82-c3ee-4ca8-b9e2-4f20111f4304,24,4365,4365,6847,4554,9.80,7.38,7.56,24.73
418feb2d-0819-472f-8ac8-4c9ca3858773,NewRichTextDocument1,2802,4fe06338-6e16-4054-8cae-a353db69b6a5,24,4987,4987,7457,5173,10.97,8.57,8.74,28.29
418feb2d-0819-472f-8ac8-4c9ca3858773,NewRichTextDocument1,2803,a648de98-66eb-4a55-be68-2360a2021383,24,4309,4309,6736,4479,9.67,7.31,7.47,24.45
418feb2d-0819-472f-8ac8-4c9ca3858773,NewRichTextDocument1,2804,2774f94b-15d3-4cb2-89a9-8610ed636eb6,24,3341,3341,5745,3508,8.05,5.71,5.87,19.64
418feb2d-0819-472f-8ac8-4c9ca3858773,NewRichTextDocument1,2805,194f00dc-761a-48c5-8a83-36be6f484fdc,24,7321,7321,9871,7798,15.19,12.71,13.17,41.06
418feb2d-0819-472f-8ac8-4c9ca3858773,NewRichTextDocument1,2806,b36a04aa-3e06-4d23-ac79-f0408fba8a0b,24,11107,11107,14030,11470,21.63,18.80,19.13,59.56
418feb2d-0819-472f-8ac8-4c9ca3858773,NewRichTextDocument1,2807,ca693ab8-0035-48ae-8d95-7af667aa3c13,24,8279,8279,10835,8485,17.04,14.55,14.74,46.33
418feb2d-0819-472f-8ac8-4c9ca3858773,NewRichTextDocument1,2808,bdb98bd8-4a11-44b0-b55b-8f855d6a85d8,24,7801,7801,11091,8367,15.61,12.45,12.95,41.00
418feb2d-0819-472f-8ac8-4c9ca3858773,NewRichTextDocument1,2809,ef0923b2-45be-4dd1-8a37-eb31e4e64873,24,6712,6712,9623,7098,13.83,11.01,11.36,36.20
418feb2d-0819-472f-8ac8-4c9ca3858773,NewRichTextDocument1,2810,b094dc48-baa8-4188-a2c3-b56f273b5e5c,24,6801,6801,9441,7044,14.43,11.86,12.09,38.39
418feb2d-0819-472f-8ac8-4c9ca3858773,NewRichTextDocument1,2811,a51fc8a4-aacf-4364-a115-e3ce44c3181d,24,9512,9512,12485,9899,18.82,15.94,16.29,51.05
418feb2d-0819-472f-8ac8-4c9ca3858773,NewRichTextDocument1,2812,d0582bb3-59da-4ff1-9589-685c5faa3010,24,5741,5741,8396,6006,12.43,9.85,10.09,32.37
418feb2d-0819-472f-8ac8-4c9ca3858773,NewRichTextDocument1,2813,09ad2c46-14d7-486c-8b7b-6607fc36e927,24,11160,11160,13852,11408,21.93,19.31,19.54,60.78
418feb2d-0819-472f-8ac8-4c9ca3858773,NewRichTextDocument1,2814,4b5a81b3-27db-43f8-8718-1ad7ee4b37ce,24,13355,13355,16115,13627,25.96,23.29,23.53,72.79
418feb2d-0819-472f-8ac8-4c9ca3858773,NewRichTextDocument1,2815,d1f7564f-6967-44ed-846f-b6216005c78b,24,13807,13807,16619,14101,26.58,23.84,24.12,74.54
418feb2d-0819-472f-8ac8-4c9ca3858773,NewRichTextDocument1,2816,ad8311f6-8e32-4bcb-9971-b792720339cb,24,14864,14864,17764,15190,28.68,25.87,26.16,80.71
418feb2d-0819-472f-8ac8-4c9ca3858773,NewRichTextDocument1,2817,ad6d9e71-fe3a-41fd-ab2c-a9989f3229f5,24,6273,6273,8738,6450,13.39,10.99,11.15,35.52
418feb2d-0819-472f-8ac8-4c9ca3858773,NewRichTextDocument1,2818,9fce637a-3ded-4e44-b28d-ae99a4792282,24,6101,6101,8586,6288,13.12,10.70,10.88,34.70
418feb2d-0819-472f-8ac8-4c9ca3858773,NewRichTextDocument1,2819,29c3b2fc-a250-46f6-a5d9-6b26328a8712,24,8811,8811,11391,9028,17.93,15.42,15.62,48.97
418feb2d-0819-472f-8ac8-4c9ca3858773,NewRichTextDocument1,2820,db7bfed3-b273-4b02-9c66-6e23e3bf2c89,24,14076,14076,16703,14276,27.34,24.78,24.97,77.09
418feb2d-0819-472f-8ac8-4c9ca3858773,NewRichTextDocument1,2821,574a3802-3dd5-4d5d-bae6-9b6a3c462553,24,9545,9545,12332,9855,19.41,16.72,16.99,53.12
418feb2d-0819-472f-8ac8-4c9ca3858773,NewRichTextDocument1,2822,9f62f3fa-173e-4913-a511-299cf5b97c92,24,8935,8935,11779,9397,18.02,15.26,15.69,48.97
418feb2d-0819-472f-8ac8-4c9ca3858773,NewRichTextDocument1,2823,62f9e046-ee8f-4abd-b2d5-6a6763a31a42,24,3412,3412,5847,3586,8.08,5.70,5.87,19.66
418feb2d-0819-472f-8ac8-4c9ca3858773,NewRichTextDocument1,2824,bc20affb-b724-494a-8dcd-80dec4816bf0,24,4322,4322,6833,4532,9.84,7.40,7.59,24.83
418feb2d-0819-472f-8ac8-4c9ca3858773,NewRichTextDocument1,2825,e05f91a7-6c6e-41d6-82e0-8cc09cdaa077,24,2472,2472,4844,2627,6.49,4.17,4.32,14.98
418feb2d-0819-472f-8ac8-4c9ca3858773,NewRichTextDocument1,2826,a9403254-2e96-4a4b-bd38-f60a4ca165b4,24,8142,8142,10744,8368,16.83,14.30,14.51,45.64
418feb2d-0819-472f-8ac8-4c9ca3858773,NewRichTextDocument1,2827,513e603a-f77d-44b0-ad0c-2cdd22f9ce5b,24,8649,8649,11388,8932,17.54,14.88,15.14,47.57
418feb2d-0819-472f-8ac8-4c9ca3858773,NewRichTextDocument1,2828,31ee17fb-071d-4db2-829f-db4fa09b96f9,24,6629,6629,9181,6840,14.09,11.61,11.80,37.50
418feb2d-0819-472f-8ac8-4c9ca3858773,NewRichTextDocument1,2829,90e99d90-420e-4e92-aeb9-d06ee91da528,24,10403,10403,13032,10742,21.02,18.46,18.78,58.26
418feb2d-0819-472f-8ac8-4c9ca3858773,NewRichTextDocument1,2830,04c34c74-9e5f-4ea0-8013-fd351efc6463,24,7004,7004,9580,7225,14.73,12.22,12.43,39.38
418feb2d-0819-472f-8ac8-4c9ca3858773,NewRichTextDocument1,2831,d3465d0a-ff62-490e-8915-106a1527f7e3,24,3150,3150,5521,3300,7.66,5.34,5.49,18.49
418feb2d-0819-472f-8ac8-4c9ca3858773,NewRichTextDocument1,2832,426a566a-cad3-4aa2-b714-632fced43747,24,3879,3879,6350,4070,9.15,6.74,6.92,22.81
418feb2d-0819-472f-8ac8-4c9ca3858773,NewRichTextDocument1,2833,c5248765-687d-4190-a788-5dda7073a4ff,24,5303,5303,7747,5475,11.65,9.27,9.43,30.36
418feb2d-0819-472f-8ac8-4c9ca3858773,NewRichTextDocument1,2834,c404af8f-d19f-4d5b-8693-18004207c85f,24,5251,5251,7684,5416,11.50,9.13,9.29,29.92
418feb2d-0819-472f-8ac8-4c9ca3858773,NewRichTextDocument1,2835,bb8899ee-03aa-41de-aff8-9836773f67cb,24,4321,4321,6749,4491,9.86,7.50,7.66,25.01
418feb2d-0819-472f-8ac8-4c9ca3858773,NewRichTextDocument1,2836,b54a645c-b52a-4e61-98b4-7880cfc4d7ee,24,5706,5706,8154,5876,12.38,10.00,10.16,32.54
418feb2d-0819-472f-8ac8-4c9ca3858773,NewRichTextDocument1,2837,04893a2e-1c2d-456c-95b0-e6b83fd46455,24,7190,7190,9690,7371,15.02,12.59,12.76,40.37
418feb2d-0819-472f-8ac8-4c9ca3858773,NewRichTextDocument1,2838,e72d3d65-f046-4ffb-a400-f7396b6ea330,24,7169,7169,9758,7399,14.96,12.44,12.65,40.05
418feb2d-0819-472f-8ac8-4c9ca3858773,NewRichTextDocument1,2839,ba7944ea-e102-4fc3-a1f0-7fb1b437b385,24,9470,9470,12485,9880,18.38,15.45,15.83,49.66
418feb2d-0819-472f-8ac8-4c9ca3858773,NewRichTextDocument1,2840,decc9a06-cd91-4e5f-8be5-9557352ebed3,24,7473,7473,10715,8018,14.84,11.72,12.21,38.76
418feb2d-0819-472f-8ac8-4c9ca3858773,NewRichTextDocument1,2841,2827548c-3266-44ac-8590-66908c1f54a9,24,8635,8635,11282,8867,17.75,15.17,15.39,48.30
418feb2d-0819-472f-8ac8-4c9ca3858773,NewRichTextDocument1,2842,48794d8f-a0a0-4c82-8068-30d1afc39560,24,4365,4365,6843,4548,9.91,7.49,7.67,25.06
418feb2d-0819-472f-8ac8-4c9ca3858773,NewRichTextDocument1,2843,9d6f7306-c2b1-4283-b5a9-45631038f6fb,24,10721,10721,13341,10943,21.33,18.79,18.99,59.11
418feb2d-0819-472f-8ac8-4c9ca3858773,NewRichTextDocument1,2844,0b8fad88-b0a1-4384-9da4-0f9ef0760e33,24,3488,3488,5881,3650,8.35,6.01,6.17,20.53
418feb2d-0819-472f-8ac8-4c9ca3858773,NewRichTextDocument1,2845,2fc3d65d-fbf2-477e-8415-903b60b791e6,24,7241,7241,9989,7533,15.00,12.34,12.60,39.94
418feb2d-0819-472f-8ac8-4c9ca3858773,NewRichTextDocument1,2846,5b85b5fd-43f4-47c4-bf41-c5f6b39ecee0,24,3108,3108,5506,3275,7.63,5.30,5.46,18.39
418feb2d-0819-472f-8ac8-4c9ca3858773,NewRichTextDocument1,2847,af529ba8-e111-4b49-b3f8-ca6943812756,24,4237,4237,6675,4412,9.66,7.28,7.45,24.38
418feb2d-0819-472f-8ac8-4c9ca3858773,NewRichTextDocument1,2848,d9a4373f-7884-441d-befa-f14064bf7159,24,6472,6472,9147,6752,13.86,11.27,11.52,36.66
418feb2d-0819-472f-8ac8-4c9ca3858773,NewRichTextDocument1,2849,194efc57-5c9b-413a-8498-4762af3fd4e7,24,3367,3367,5741,3517,8.05,5.73,5.88,19.65
418feb2d-0819-472f-8ac8-4c9ca3858773,NewRichTextDocument1,2850,ef4810b1-336a-49c7-8911-ef236719e28f,24,5009,5009,7495,5200,11.12,8.70,8.88,28.69
418feb2d-0819-472f-8ac8-4c9ca3858773,NewRichTextDocument1,2851,13f41cda-c6ac-4ecb-b814-fa88177dcce3,24,2715,2715,5089,2870,6.96,4.64,4.79,16.38
418feb2d-0819-472f-8ac8-4c9ca3858773,NewRichTextDocument1,2852,e4454c8b-4f31-4569-bc97-91d279ed0087,24,6642,6642,9230,6873,14.10,11.59,11.80,37.49
418feb2d-0819-472f-8ac8-4c9ca3858773,NewRichTextDocument1,2853,63669bf9-25bf-429c-b25e-ac53f27cf033,24,7131,7131,9673,7336,14.93,12.46,12.65,40.04
418feb2d-0819-472f-8ac8-4c9ca3858773,NewRichTextDocument1,2854,9338e404-c63c-4edd-a01d-e8f8c4362bb5,24,10360,10360,13252,10711,20.40,17.60,17.92,55.91
418feb2d-0819-472f-8ac8-4c9ca3858773,NewRichTextDocument1,2855,f3c5d9af-ebcc-418c-ad8e-5bbf28a68a61,24,6245,6245,9137,6585,13.17,10.36,10.68,34.21
418feb2d-0819-472f-8ac8-4c9ca3858773,NewRichTextDocument1,2856,0ae12ab6-56e8-49a4-97d0-b795ea619bc0,24,2421,2421,5005,2678,6.07,3.55,3.80,13.43
418feb2d-0819-472f-8ac8-4c9ca3858773,NewRichTextDocument1,2857,5b97e43f-9a2e-458b-a062-da476129b78f,24,6441,6441,9264,6789,13.50,10.77,11.08,35.36
418feb2d-0819-472f-8ac8-4c9ca3858773,NewRichTextDocument1,2858,c654c275-c96a-49a6-9643-486d2760c27a,24,6470,6470,8977,6655,13.81,11.36,11.54,36.71
418feb2d-0819-472f-8ac8-4c9ca3858773,NewRichTextDocument1,2859,292ebf43-27da-4766-803f-45aa9728bfbb,24,10192,10192,12818,10394,20.55,17.99,18.18,56.72
418feb2d-0819-472f-8ac8-4c9ca3858773,NewRichTextDocument1,2860,969443ae-d792-4ea7-ab4c-87a3461479fd,24,3878,3878,6358,4074,9.15,6.74,6.92,22.81
418feb2d-0819-472f-8ac8-4c9ca3858773,NewRichTextDocument1,2861,d388b6b7-c060-4658-8e79-866b9381ab88,24,4143,4143,6637,4330,9.55,7.12,7.30,23.97
418feb2d-0819-472f-8ac8-4c9ca3858773,NewRichTextDocument1,2862,72ff0b8d-27b3-48eb-a8ce-cc3bb878464a,24,5527,5527,7992,5709,12.03,9.63,9.80,31.45
418feb2d-0819-472f-8ac8-4c9ca3858773,NewRichTextDocument1,2863,089622a8-846b-449a-b534-7001e8f9d8da,24,4463,4463,6896,4633,10.04,7.67,7.83,25.54
418feb2d-0819-472f-8ac8-4c9ca3858773,NewRichTextDocument1,2864,e1668cb2-123b-4b53-954c-ce79a749b1b3,24,5328,5328,7768,5502,11.72,9.34,9.51,30.56
418feb2d-0819-472f-8ac8-4c9ca3858773,NewRichTextDocument1,2865,e4c0eefd-e70d-4dad-b751-b68b44f7aa93,24,6473,6473,9130,6745,13.66,11.09,11.33,36.08
418feb2d-0819-472f-8ac8-4c9ca3858773,NewRichTextDocument1,2866,9680152a-f492-4c5e-9157-a8c30902456e,24,6548,6548,9168,6786,13.76,11.21,11.43,36.41
418feb2d-0819-472f-8ac8-4c9ca3858773,NewRichTextDocument1,2867,10367260-bb95-494d-9f67-74f2bca05fb5,24,9624,9624,12620,10016,18.99,16.09,16.44,51.52
418feb2d-0819-472f-8ac8-4c9ca3858773,NewRichTextDocument1,2868,0ee8721a-e2ca-4344-9248-2f3738973e04,24,5548,5548,8300,5864,11.67,8.99,9.29,29.95
418feb2d-0819-472f-8ac8-4c9ca3858773,NewRichTextDocument1,2869,552f3597-50e4-4b82-9e44-2b17e5082298,24,4375,4375,6926,4607,9.98,7.50,7.72,25.20
418feb2d-0819-472f-8ac8-4c9ca3858773,NewRichTextDocument1,2870,cc2bde3b-b33d-4d6c-8f6c-287c60cf90bb,24,8033,8033,11109,8453,16.77,13.79,14.17,44.73
418feb2d-0819-472f-8ac8-4c9ca3858773,NewRichTextDocument1,2871,0d57969c-be7d-4954-abde-d1774f81d56f,24,5022,5022,7779,5343,10.69,8.01,8.31,27.00
418feb2d-0819-472f-8ac8-4c9ca3858773,NewRichTextDocument1,2872,45952a22-6f0f-416f-8653-2f82823f43e8,24,4499,4499,7235,4818,9.86,7.21,7.50,24.58
418feb2d-0819-472f-8ac8-4c9ca3858773,NewRichTextDocument1,2873,e340972d-1c05-4a65-b705-f787cda212ad,24,6683,6683,9320,6927,14.25,11.68,11.91,37.84
418feb2d-0819-472f-8ac8-4c9ca3858773,NewRichTextDocument1,2874,cba73ee4-b185-4fae-b505-e69a003a1256,24,3812,3812,6264,3997,8.81,6.42,6.59,21.82
418feb2d-0819-472f-8ac8-4c9ca3858773,NewRichTextDocument1,2875,2c3b7175-2c28-4521-8089-b4940d09fc0f,24,4933,4933,7349,5093,10.97,8.61,8.76,28.34
418feb2d-0819-472f-8ac8-4c9ca3858773,NewRichTextDocument1,2876,3cedc229-3c00-4ede-b4a8-247223f121f1,24,4739,4739,7202,4926,10.69,8.29,8.46,27.44
418feb2d-0819-472f-8ac8-4c9ca3858773,NewRichTextDocument1,2877,23f7087b-2a10-49aa-8a00-62550a2b3900,24,9389,9389,11948,9593,19.04,16.56,16.75,52.35
418feb2d-0819-472f-8ac8-4c9ca3858773,NewRichTextDocument1,2878,c51a5a8f-242b-4abc-a364-f7018d8f591e,24,5757,5757,8446,6035,12.16,9.54,9.80,31.50
418feb2d-0819-472f-8ac8-4c9ca3858773,NewRichTextDocument1,2879,ffea04bd-e76d-4431-9e31-e822f921be1b,24,7336,7336,9961,7582,15.22,12.67,12.90,40.79
418feb2d-0819-472f-8ac8-4c9ca3858773,NewRichTextDocument1,2880,d6c8e306-dd49-47dc-be56-96124a331399,24,5903,5903,8576,6170,12.47,9.87,10.12,32.46
418feb2d-0819-472f-8ac8-4c9ca3858773,NewRichTextDocument1,2881,6fce4602-9fc9-4689-8235-27fdb794c6d9,24,9320,9320,11919,9542,18.90,16.38,16.58,51.86
418feb2d-0819-472f-8ac8-4c9ca3858773,NewRichTextDocument1,2882,0e7cf788-7ac6-4ad9-9787-9cb9358bf660,24,6615,6615,9245,6872,14.09,11.54,11.77,37.40
418feb2d-0819-472f-8ac8-4c9ca3858773,NewRichTextDocument1,2883,0cc8c89c-6136-4d42-8be6-a44f67327130,24,8374,8374,12393,9272,16.06,12.24,13.01,41.30
418feb2d-0819-472f-8ac8-4c9ca3858773,NewRichTextDocument1,2884,c3be83d2-52c1-4865-bcb9-3a42ddfc108c,24,10278,10278,12902,10630,20.85,18.30,18.64,57.79
418feb2d-0819-472f-8ac8-4c9ca3858773,NewRichTextDocument1,2885,72b2c104-d3eb-402f-a4a0-46560b1302d2,24,15311,15311,18107,15575,29.75,27.03,27.28,84.07
418feb2d-0819-472f-8ac8-4c9ca3858773,NewRichTextDocument1,2886,b18fc987-4adb-4092-a140-581f142858af,24,8179,8179,10851,8439,16.91,14.31,14.55,45.77
418feb2d-0819-472f-8ac8-4c9ca3858773,NewRichTextDocument1,2887,5669d324-73bf-4c98-b51f-cbbebcf850f4,24,10888,10888,14004,11349,21.04,18.04,18.45,57.53
418feb2d-0819-472f-8ac8-4c9ca3858773,NewRichTextDocument1,2888,3da0b462-7611-49bc-a500-7a6a1e851bf1,24,6960,6960,10073,7445,13.66,10.66,11.09,35.41
418feb2d-0819-472f-8ac8-4c9ca3858773,NewRichTextDocument1,2889,84fc7f27-8f67-4925-b452-85a213056763,24,4727,4727,7402,5016,10.33,7.73,8.00,26.06
418feb2d-0819-472f-8ac8-4c9ca3858773,NewRichTextDocument1,2890,a3f428dd-ce96-4121-9a53-e06c7569e917,24,2106,2106,4523,2288,5.94,3.59,3.76,13.29
418feb2d-0819-472f-8ac8-4c9ca3858773,NewRichTextDocument1,2891,563510ac-395a-4779-aa3b-59be4c92896e,24,7520,7520,10592,7925,16.11,13.14,13.51,42.76
418feb2d-0819-472f-8ac8-4c9ca3858773,NewRichTextDocument1,2892,f61f7929-8e17-4cb9-8277-8f85a166bf34,24,5569,5569,8303,5882,11.95,9.30,9.58,30.83
418feb2d-0819-472f-8ac8-4c9ca3858773,NewRichTextDocument1,2893,8cc5ac5a-a112-4ca9-8d0c-074fa5ebc8c8,24,9506,9506,12336,9826,18.85,16.10,16.40,51.34
418feb2d-0819-472f-8ac8-4c9ca3858773,NewRichTextDocument1,2894,6ccce656-9889-42e1-b079-8aca815947f8,24,6533,6533,8991,6705,13.83,11.43,11.60,36.86
418feb2d-0819-472f-8ac8-4c9ca3858773,NewRichTextDocument1,2895,48aa4a32-6c04-4f63-bfcb-bc3edcb3fe59,24,4593,4593,7006,4755,10.24,7.89,8.04,26.17
418feb2d-0819-472f-8ac8-4c9ca3858773,NewRichTextDocument1,2896,f5f38337-9819-44c1-beef-0b83493687d2,24,5546,5546,7992,5718,12.01,9.63,9.79,31.42
418feb2d-0819-472f-8ac8-4c9ca3858773,NewRichTextDocument1,2897,8dff8103-d95a-493f-9718-7693672965d7,24,4623,4623,7204,4864,10.38,7.88,8.10,26.36
418feb2d-0819-472f-8ac8-4c9ca3858773,NewRichTextDocument1,2898,0390e939-aea1-4b53-9772-cd931038f0e6,24,4857,4857,7333,5047,10.76,8.35,8.53,27.63
418feb2d-0819-472f-8ac8-4c9ca3858773,NewRichTextDocument1,2899,10a08e38-c3b0-4a72-8055-63542057db34,24,3757,3757,6199,3937,8.86,6.48,6.65,22.00
418feb2d-0819-472f-8ac8-4c9ca3858773,NewRichTextDocument1,2900,21daa9c3-efd0-49d8-a41e-63eb5b97d932,24,2115,2115,4560,2306,6.01,3.63,3.81,13.46
418feb2d-0819-472f-8ac8-4c9ca3858773,NewRichTextDocument1,2901,8a21a6c8-5275-4649-bfe3-5bbd5305e6b3,24,4595,4595,7107,4799,10.42,7.98,8.17,26.57
418feb2d-0819-472f-8ac8-4c9ca3858773,NewRichTextDocument1,2902,cd85d60c-9abf-45f8-ad31-8ce41a216c3d,24,4653,4653,7104,4835,10.43,8.04,8.21,26.68
418feb2d-0819-472f-8ac8-4c9ca3858773,NewRichTextDocument1,2903,7b55de4c-729a-4f76-b50f-15f623a2b2e1,24,4030,4030,6414,4182,9.34,7.01,7.16,23.50
418feb2d-0819-472f-8ac8-4c9ca3858773,NewRichTextDocument1,2904,4827b0ee-b6d6-47ff-85e5-2d9253727153,24,13079,13079,16297,13567,25.11,22.00,22.44,69.54
418feb2d-0819-472f-8ac8-4c9ca3858773,NewRichTextDocument1,2905,ddd9bb99-4628-428e-884c-b17fd17e1669,24,4517,4517,7069,4749,10.17,7.69,7.90,25.76
418feb2d-0819-472f-8ac8-4c9ca3858773,NewRichTextDocument1,2906,979a481c-8fba-4a09-8195-041f65d2f219,24,3587,3587,5985,3749,8.58,6.24,6.40,21.22
418feb2d-0819-472f-8ac8-4c9ca3858773,NewRichTextDocument1,2907,c546c833-89b3-46ea-997a-05b7467c142e,24,5056,5056,7475,5218,11.17,8.81,8.97,28.95
418feb2d-0819-472f-8ac8-4c9ca3858773,NewRichTextDocument1,2908,cad60a64-8236-4876-991f-a24751b73fef,24,4417,4417,6968,4647,10.16,7.69,7.89,25.74
418feb2d-0819-472f-8ac8-4c9ca3858773,NewRichTextDocument1,2909,30fd9b4e-b772-4a98-b7ab-f7545ea73189,24,8201,8201,10816,8437,16.92,14.38,14.60,45.91
418feb2d-0819-472f-8ac8-4c9ca3858773,NewRichTextDocument1,2910,4317d798-a2dd-45b0-9931-b3a05bb4e587,24,5282,5282,7882,5533,11.64,9.12,9.35,30.12
418feb2d-0819-472f-8ac8-4c9ca3858773,NewRichTextDocument1,2911,101fed38-ca69-40ec-b64c-5e09ff82e722,24,8647,8647,11525,9007,17.49,14.71,15.03,47.23
418feb2d-0819-472f-8ac8-4c9ca3858773,NewRichTextDocument1,2912,900e3f56-df09-4213-867b-62ac3569ce8d,24,6047,6047,8760,6336,13.05,10.41,10.68,34.14
418feb2d-0819-472f-8ac8-4c9ca3858773,NewRichTextDocument1,2913,c49cbcd3-a567-40ba-adee-77ef858f761e,24,13178,13178,16068,13505,25.67,22.87,23.17,71.72
418feb2d-0819-472f-8ac8-4c9ca3858773,NewRichTextDocument1,2914,f0cc1a33-b0b3-4d68-a70b-008784dd5f4d,24,5763,5763,8310,5979,12.56,10.09,10.29,32.94
418feb2d-0819-472f-8ac8-4c9ca3858773,NewRichTextDocument1,2915,498c780b-b8ee-4064-bf68-e7b0afdaf63c,24,5163,5163,8047,5546,10.62,7.82,8.18,26.61
418feb2d-0819-472f-8ac8-4c9ca3858773,NewRichTextDocument1,2916,43102900-bb8a-437f-87e4-4bec262b305a,24,8113,8113,11931,8932,14.88,11.23,11.95,38.06
418feb2d-0819-472f-8ac8-4c9ca3858773,NewRichTextDocument1,2917,9927d766-4fc2-4f7c-9b55-9fc4a8697ff5,24,6429,6429,9932,7103,12.64,9.28,9.88,31.81
418feb2d-0819-472f-8ac8-4c9ca3858773,NewRichTextDocument1,2918,f7159f8a-5220-40b8-81cd-882c487d3ad5,24,7857,7857,11087,8383,14.86,11.72,12.21,38.79
418feb2d-0819-472f-8ac8-4c9ca3858773,NewRichTextDocument1,2919,9e302ec8-5bba-4120-bf2d-46ab79cb38f9,24,4999,4999,7438,5170,10.98,8.60,8.77,28.36
418feb2d-0819-472f-8ac8-4c9ca3858773,NewRichTextDocument1,2920,e3b0e0df-adc3-4d22-b339-22cf88ef2e13,24,5929,5929,8379,6101,12.62,10.23,10.39,33.24
418feb2d-0819-472f-8ac8-4c9ca3858773,NewRichTextDocument1,2921,ccc34c8b-163a-4b6f-9211-253208ea4b3c,24,5970,5970,8475,6167,12.87,10.44,10.62,33.93
418feb2d-0819-472f-8ac8-4c9ca3858773,NewRichTextDocument1,2922,9b5a081f-c2f4-4ec5-87f9-e4a1adff548f,24,9503,9503,12269,9803,19.34,16.67,16.93,52.93
418feb2d-0819-472f-8ac8-4c9ca3858773,NewRichTextDocument1,2923,ac367468-482e-41b0-a594-f0b92572c9be,24,8924,8924,11457,9110,18.02,15.55,15.73,49.31
418feb2d-0819-472f-8ac8-4c9ca3858773,NewRichTextDocument1,2924,06fdf63c-d10d-44bd-8b2e-356cc91b11f8,24,7594,7594,10357,7904,15.14,12.46,12.75,40.34
418feb2d-0819-472f-8ac8-4c9ca3858773,NewRichTextDocument1,2925,ee5c1b84-0e2f-4d1c-9723-c3d85d0780bb,24,5625,5625,8442,5969,11.47,8.73,9.06,29.26
418feb2d-0819-472f-8ac8-4c9ca3858773,NewRichTextDocument1,2926,b8ad8ee1-11a4-41c4-9b45-35a1fa87d170,24,7029,7029,10118,7763,13.94,10.95,11.64,36.54
418feb2d-0819-472f-8ac8-4c9ca3858773,NewRichTextDocument1,2927,cb96a5af-6d37-4c7e-91f9-a2df0ce602e6,24,8145,8145,11033,8503,16.78,13.98,14.31,45.07
418feb2d-0819-472f-8ac8-4c9ca3858773,NewRichTextDocument1,2928,5ea146c1-4f7a-4819-93cc-4385b38c062b,24,7414,7414,11182,8213,13.39,9.77,10.49,33.65
418feb2d-0819-472f-8ac8-4c9ca3858773,NewRichTextDocument1,2929,30b054a9-0296-481f-a56d-c9827a03936e,24,9505,9505,12138,9742,19.16,16.60,16.82,52.58
418feb2d-0819-472f-8ac8-4c9ca3858773,NewRichTextDocument1,2930,6aebc8c5-6931-4247-9193-0396c4acfba1,24,3887,3887,6300,4054,9.03,6.68,6.84,22.55
418feb2d-0819-472f-8ac8-4c9ca3858773,NewRichTextDocument1,2931,e9ee6931-49f5-4750-ab1f-4ade70855371,24,5336,5336,7959,5597,11.47,8.92,9.16,29.56
418feb2d-0819-472f-8ac8-4c9ca3858773,NewRichTextDocument1,2932,f93a3715-1765-4060-a68a-258c333694d8,24,9646,9646,12179,9833,19.39,16.92,17.10,53.41
418feb2d-0819-472f-8ac8-4c9ca3858773,NewRichTextDocument1,2933,c492a23d-6905-4298-8b9c-312113934d69,24,9197,9197,11954,9499,18.76,16.09,16.36,51.21
418feb2d-0819-472f-8ac8-4c9ca3858773,NewRichTextDocument1,2934,39b8db24-a130-4814-89e3-8875b66714b1,24,5188,5188,7731,5402,11.46,8.99,9.19,29.64
418feb2d-0819-472f-8ac8-4c9ca3858773,NewRichTextDocument1,2935,540bd46c-12c3-44ae-a1c6-9b4778186714,24,9901,9901,12589,10162,19.71,17.10,17.34,54.16
418feb2d-0819-472f-8ac8-4c9ca3858773,NewRichTextDocument1,2936,1bfbb11a-c04c-4288-b721-6f53673f4482,24,3945,3945,6536,4197,8.88,6.36,6.60,21.83
418feb2d-0819-472f-8ac8-4c9ca3858773,NewRichTextDocument1,2937,9af3bda0-3945-4638-ab3e-4c48bcef3d9c,24,9125,9125,11797,9373,18.45,15.85,16.08,50.39
418feb2d-0819-472f-8ac8-4c9ca3858773,NewRichTextDocument1,2938,638cb421-7282-44fb-b707-ab06418cf843,24,4492,4492,6921,4662,10.10,7.73,7.89,25.72
418feb2d-0819-472f-8ac8-4c9ca3858773,NewRichTextDocument1,2939,b11bf890-df51-4876-9706-730b66d9a307,24,8377,8377,10996,8611,17.04,14.50,14.71,46.25
418feb2d-0819-472f-8ac8-4c9ca3858773,NewRichTextDocument1,2940,7b5c6184-4cd8-4e2d-8229-c9d0ff4903ef,24,7107,7107,9674,7329,14.83,12.33,12.54,39.70
418feb2d-0819-472f-8ac8-4c9ca3858773,NewRichTextDocument1,2941,9b10fb87-7fec-4f07-90ae-06d8f1265a7d,24,4678,4678,7189,4876,10.54,8.10,8.28,26.92
418feb2d-0819-472f-8ac8-4c9ca3858773,NewRichTextDocument1,2942,93d17a1c-2ff1-4e2f-9358-1cc90a92c1bf,24,4399,4399,6966,4634,10.02,7.53,7.75,25.30
418feb2d-0819-472f-8ac8-4c9ca3858773,NewRichTextDocument1,2943,4430cc86-52bb-46d1-9c81-5da121c47362,24,4485,4485,7013,4701,10.17,7.71,7.91,25.80
418feb2d-0819-472f-8ac8-4c9ca3858773,NewRichTextDocument1,2944,919afcfb-6c7e-472f-a622-899a01aa1f91,24,5031,5031,7540,5230,11.19,8.75,8.94,28.88
418feb2d-0819-472f-8ac8-4c9ca3858773,NewRichTextDocument1,2945,b771c0be-3ebb-479c-a8ea-6db788ed5495,24,5636,5636,8279,6023,12.40,9.84,10.20,32.44
418feb2d-0819-472f-8ac8-4c9ca3858773,NewRichTextDocument1,2946,4931a33f-8e7b-480b-86f2-31dfdffc21a7,24,12472,12472,15426,12834,24.43,21.57,21.90,67.90
418feb2d-0819-472f-8ac8-4c9ca3858773,NewRichTextDocument1,2947,5953f753-15b2-488e-a499-2030dc51adc6,24,7105,7105,9667,7322,14.87,12.38,12.58,39.83
418feb2d-0819-472f-8ac8-4c9ca3858773,NewRichTextDocument1,2948,1273a792-6085-417e-b3f2-d356d017880c,24,7684,7684,10199,7878,15.93,13.48,13.66,43.08
418feb2d-0819-472f-8ac8-4c9ca3858773,NewRichTextDocument1,2949,4a945f74-750d-4963-9029-c38265d74d39,24,5111,5111,7620,5318,11.34,8.90,9.09,29.33
418feb2d-0819-472f-8ac8-4c9ca3858773,NewRichTextDocument1,2950,dbef6150-9710-4179-afa6-62ba6a1f84e3,24,10669,10669,13381,10932,21.45,18.81,19.05,59.32
418feb2d-0819-472f-8ac8-4c9ca3858773,NewRichTextDocument1,2951,0e9f769f-398b-44f5-9ffa-f6e52a100da9,24,9512,9512,12798,10067,18.66,15.50,15.99,50.15
418feb2d-0819-472f-8ac8-4c9ca3858773,NewRichTextDocument1,2952,1b5f5d56-120f-4cfc-8259-229bdff885d2,24,8478,8478,11403,8855,16.88,14.04,14.39,45.32
418feb2d-0819-472f-8ac8-4c9ca3858773,NewRichTextDocument1,2953,cfa90909-6c97-4072-9724-87653adde7f8,24,8746,8746,11364,8979,17.56,15.01,15.23,47.79
418feb2d-0819-472f-8ac8-4c9ca3858773,NewRichTextDocument1,2954,1984360a-67df-45bc-b50a-790f1bad1b75,24,6277,6277,8892,6524,13.10,10.56,10.79,34.45
418feb2d-0819-472f-8ac8-4c9ca3858773,NewRichTextDocument1,2955,1b0e0ab5-b23a-4423-a7a3-e8c018773c76,24,7476,7476,9931,7638,15.57,13.17,13.33,42.07
418feb2d-0819-472f-8ac8-4c9ca3858773,NewRichTextDocument1,2956,2d78dd4a-1e7a-4cd2-a5a4-619712f337e2,24,7311,7311,9830,7510,15.29,12.84,13.02,41.15
418feb2d-0819-472f-8ac8-4c9ca3858773,NewRichTextDocument1,2957,d0d42d5e-09d9-4b17-a52b-73a597135c53,24,8075,8075,10634,8287,16.65,14.17,14.36,45.18
418feb2d-0819-472f-8ac8-4c9ca3858773,NewRichTextDocument1,2958,06410189-d5f9-487f-8e85-524ef849ee52,24,4887,4887,7394,5093,10.89,8.45,8.64,27.98
418feb2d-0819-472f-8ac8-4c9ca3858773,NewRichTextDocument1,2959,ec352bed-2997-4c3d-93fa-c05c3ce73d5c,24,7347,7347,9845,7669,15.46,13.03,13.34,41.83
418feb2d-0819-472f-8ac8-4c9ca3858773,NewRichTextDocument1,2960,06b539a6-d264-4222-a9fc-eece16f359fa,24,8292,8292,10973,8522,17.18,14.56,14.79,46.52
418feb2d-0819-472f-8ac8-4c9ca3858773,NewRichTextDocument1,2961,15df80e2-f2e3-45ee-a621-7dbc76132fac,24,8783,8783,11274,8951,17.94,15.51,15.67,49.11
418feb2d-0819-472f-8ac8-4c9ca3858773,NewRichTextDocument1,2962,6863b181-fe4d-403d-9a8f-e006f28eea73,24,4459,4459,6946,4646,10.14,7.71,7.89,25.75
418feb2d-0819-472f-8ac8-4c9ca3858773,NewRichTextDocument1,2963,e53eadd2-4b97-47b8-a4f7-e69ebb78b7ea,24,3509,3509,5938,3683,8.42,6.05,6.22,20.69
418feb2d-0819-472f-8ac8-4c9ca3858773,NewRichTextDocument1,2964,5b8d99a5-9f34-4861-9685-ccd4e8d73fed,24,5586,5586,8048,5756,12.08,9.68,9.85,31.61
418feb2d-0819-472f-8ac8-4c9ca3858773,NewRichTextDocument1,2965,8a5cb090-afab-4515-89cc-0103ec357d32,24,5453,5453,7976,5659,11.93,9.47,9.67,31.07
418feb2d-0819-472f-8ac8-4c9ca3858773,NewRichTextDocument1,2966,ee611e60-adb8-4bd4-a135-ad5e734ba346,24,3828,3828,6398,4071,8.74,6.24,6.47,21.45
418feb2d-0819-472f-8ac8-4c9ca3858773,NewRichTextDocument1,2967,13f066ee-cbb8-42b0-a0f0-4dc637eeb603,24,4211,4211,6664,4398,9.60,7.21,7.39,24.21
418feb2d-0819-472f-8ac8-4c9ca3858773,NewRichTextDocument1,2968,aa683148-84bb-4a2c-b53b-5d62cbb9f5aa,24,4594,4594,7312,4901,9.81,7.16,7.45,24.42
418feb2d-0819-472f-8ac8-4c9ca3858773,NewRichTextDocument1,2969,3ab269af-3c50-40f4-be77-198adace6650,24,3993,3993,6490,4200,9.03,6.59,6.79,22.41
418feb2d-0819-472f-8ac8-4c9ca3858773,NewRichTextDocument1,2970,fbe91f79-ed6c-466d-a36f-d16cc190eb83,24,3512,3512,5939,3687,8.37,6.00,6.17,20.54
418feb2d-0819-472f-8ac8-4c9ca3858773,NewRichTextDocument1,2971,26e43e5b-8ad3-404a-8b1e-5d0f4a403af7,24,5316,5316,7858,5538,11.76,9.30,9.50,30.56
418feb2d-0819-472f-8ac8-4c9ca3858773,NewRichTextDocument1,2972,1e2b95dc-d64c-4b0f-8676-cd14bb9c1b69,24,8357,8357,10831,8524,17.08,14.67,14.83,46.59
418feb2d-0819-472f-8ac8-4c9ca3858773,NewRichTextDocument1,2973,7fc95fbc-3f63-49f8-8fae-d554726aa0e4,24,7775,7775,10452,8047,16.05,13.45,13.70,43.20
418feb2d-0819-472f-8ac8-4c9ca3858773,NewRichTextDocument1,2974,77d91501-e443-439d-898e-6be528fae385,24,5792,5792,8491,6085,12.36,9.74,10.01,32.11
418feb2d-0819-472f-8ac8-4c9ca3858773,NewRichTextDocument1,2975,8f26c6e0-34d5-4f0d-8fd6-c02f979ae26e,24,8184,8184,11276,8655,16.06,13.09,13.50,42.65
418feb2d-0819-472f-8ac8-4c9ca3858773,NewRichTextDocument1,2976,ca0cd6e6-e529-45ab-a9f7-274685665882,24,6911,6911,9648,7211,14.43,11.77,12.05,38.24
418feb2d-0819-472f-8ac8-4c9ca3858773,NewRichTextDocument1,2977,7abecba0-977f-43af-99dc-951052d76c27,24,7341,7341,9812,7646,15.39,12.98,13.28,41.65
418feb2d-0819-472f-8ac8-4c9ca3858773,NewRichTextDocument1,2978,401a4462-5ea7-4363-8b36-c312860849d9,24,7826,7826,10564,8122,16.38,13.74,14.00,44.12
418feb2d-0819-472f-8ac8-4c9ca3858773,NewRichTextDocument1,2979,f4105b19-8c3f-4c55-a12d-4f6b229b1fff,24,4860,4860,7254,5012,10.76,8.43,8.57,27.76
418feb2d-0819-472f-8ac8-4c9ca3858773,NewRichTextDocument1,2980,babbaf1d-d386-4692-9fba-d920d473797f,24,5645,5645,8133,5831,12.36,9.93,10.11,32.39
418feb2d-0819-472f-8ac8-4c9ca3858773,NewRichTextDocument1,2981,555287ef-a485-43d9-8790-b4a6a147e9b7,24,10810,10810,13902,11194,21.72,18.71,19.07,59.51
418feb2d-0819-472f-8ac8-4c9ca3858773,NewRichTextDocument1,2982,02ec4965-48e7-48a1-b4d8-084cd1f5f350,24,5685,5685,8152,5867,12.41,10.01,10.18,32.60
418feb2d-0819-472f-8ac8-4c9ca3858773,NewRichTextDocument1,2983,bf113630-11c9-490e-af71-696694da50c6,24,4709,4709,7119,4871,10.60,8.25,8.40,27.24
418feb2d-0819-472f-8ac8-4c9ca3858773,NewRichTextDocument1,2984,97c29b85-877f-4923-b8a7-49fad0c006a2,24,3658,3658,6086,3835,8.68,6.31,6.48,21.47
418feb2d-0819-472f-8ac8-4c9ca3858773,NewRichTextDocument1,2985,e66dddf1-ff61-4fb7-b4b0-748c4d613115,24,2654,2654,5108,2849,6.87,4.48,4.66,16.02
418feb2d-0819-472f-8ac8-4c9ca3858773,NewRichTextDocument1,2986,2d525cb3-9669-4cb3-8641-3fb39dcf98df,24,3510,3510,5950,3692,8.29,5.91,6.08,20.27
418feb2d-0819-472f-8ac8-4c9ca3858773,NewRichTextDocument1,2987,3cf5fcf2-e648-4d72-9689-a838bb78105c,24,6109,6109,8614,6305,13.03,10.59,10.78,34.41
418feb2d-0819-472f-8ac8-4c9ca3858773,NewRichTextDocument1,2988,80ac26c1-1a15-4932-b5d5-10f1cc4050f5,24,7091,7091,9716,7340,14.85,12.30,12.53,39.67
418feb2d-0819-472f-8ac8-4c9ca3858773,NewRichTextDocument1,2989,bc4103d5-f05b-4737-847e-e273b277827f,24,8557,8557,11106,8761,17.52,15.04,15.23,47.79
418feb2d-0819-472f-8ac8-4c9ca3858773,NewRichTextDocument1,2990,99c16296-9d7c-450e-88f1-36c79134fd6f,24,8725,8725,11416,8994,17.78,15.17,15.41,48.36
418feb2d-0819-472f-8ac8-4c9ca3858773,NewRichTextDocument1,2991,9a742221-c795-4aca-8628-060c6a2c61ac,24,9095,9095,11631,9289,18.48,16.01,16.19,50.69
418feb2d-0819-472f-8ac8-4c9ca3858773,NewRichTextDocument1,2992,773c10a3-f8dc-4016-a46e-c43e31fb7a9d,24,4684,4684,7186,4891,10.54,8.11,8.30,26.96
418feb2d-0819-472f-8ac8-4c9ca3858773,NewRichTextDocument1,2993,3177bfc3-04ed-4dcc-a4e4-91a5e39089de,24,4474,4474,6895,4641,10.09,7.73,7.89,25.70
418feb2d-0819-472f-8ac8-4c9ca3858773,NewRichTextDocument1,2994,e416ff78-4721-490f-bbbe-63060debd22f,24,5209,5209,7692,5399,11.47,9.05,9.23,29.75
418feb2d-0819-472f-8ac8-4c9ca3858773,NewRichTextDocument1,2995,70cd69ed-af87-4537-b981-bfd5fc178e14,24,3957,3957,6431,4146,9.26,6.85,7.03,23.13
418feb2d-0819-472f-8ac8-4c9ca3858773,NewRichTextDocument1,2996,017ed46b-cb0a-46f8-bd34-ff5189def0c0,24,2873,2873,5468,3134,7.40,4.88,5.12,17.39
418feb2d-0819-472f-8ac8-4c9ca3858773,NewRichTextDocument1,2997,364bd7b3-66a7-423f-a777-abb2a2afb23b,24,4517,4517,7177,4790,10.45,7.88,8.12,26.45
418feb2d-0819-472f-8ac8-4c9ca3858773,NewRichTextDocument1,2998,c25e6b91-7f0e-4b90-bef3-13d8cccb237f,24,3480,3480,6025,3705,8.37,5.90,6.11,20.37
418feb2d-0819-472f-8ac8-4c9ca3858773,NewRichTextDocument1,2999,19ebf320-20af-4aab-a96c-d7bb2512d086,24,6625,6625,9277,6892,14.07,11.50,11.74,37.31
418feb2d-0819-472f-8ac8-4c9ca3858773,NewRichTextDocument1,3000,0314e0ce-5002-4b6b-98ea-62c6ea631680,24,6480,6480,9114,6857,13.98,11.42,11.78,37.18
418feb2d-0819-472f-8ac8-4c9ca3858773,NewRichTextDocument1,3001,f496b08b-cf7b-4212-9367-3caf740fbf6d,24,7968,7968,11040,8339,17.15,14.16,14.51,45.82
418feb2d-0819-472f-8ac8-4c9ca3858773,NewRichTextDocument1,3002,8a5d2267-6367-40e8-8d57-8d3974528785,24,8257,8257,11206,8573,17.51,14.63,14.94,47.07
418feb2d-0819-472f-8ac8-4c9ca3858773,NewRichTextDocument1,3003,2113131f-3d1c-4e03-b296-75ec8a1c999f,24,9107,9107,11625,9289,18.51,16.06,16.23,50.81
418feb2d-0819-472f-8ac8-4c9ca3858773,NewRichTextDocument1,3004,b82c5f33-df98-465a-8046-e47aede07bcb,24,4044,4044,6559,4261,9.42,6.97,7.17,23.56
418feb2d-0819-472f-8ac8-4c9ca3858773,NewRichTextDocument1,3005,c2765628-c7da-49c5-abca-293c739196e4,24,4635,4635,7183,4849,10.33,7.85,8.05,26.23
418feb2d-0819-472f-8ac8-4c9ca3858773,NewRichTextDocument1,3006,f900beee-8f15-4ff9-97ef-cd299945831b,24,8330,8330,11213,8666,17.38,14.59,14.89,46.86
418feb2d-0819-472f-8ac8-4c9ca3858773,NewRichTextDocument1,3007,54d52f00-3fea-4b49-aa9d-3136626a68ae,24,7851,7851,10499,8096,16.28,13.71,13.93,43.92
418feb2d-0819-472f-8ac8-4c9ca3858773,NewRichTextDocument1,3008,8a3346f3-de07-474d-8f43-7a9110496045,24,4621,4621,7164,4840,10.39,7.92,8.12,26.43
418feb2d-0819-472f-8ac8-4c9ca3858773,NewRichTextDocument1,3009,1fd9feac-a3e9-41c1-b158-b95ea7569bb3,24,4546,4546,6967,4713,10.15,7.79,7.95,25.88
418feb2d-0819-472f-8ac8-4c9ca3858773,NewRichTextDocument1,3010,a83f02e6-62bd-43aa-8da4-1e1eab93d25f,24,9573,9573,12177,9783,19.34,16.80,17.00,53.14
418feb2d-0819-472f-8ac8-4c9ca3858773,NewRichTextDocument1,3011,43c46461-ace5-4073-8b89-0d795e631187,24,4451,4451,6933,4646,10.16,7.75,7.93,25.84
418feb2d-0819-472f-8ac8-4c9ca3858773,NewRichTextDocument1,3012,e57cf5fd-57ca-4652-9b9a-e50e3610a2f5,24,5464,5464,7879,5621,11.89,9.54,9.69,31.11
418feb2d-0819-472f-8ac8-4c9ca3858773,NewRichTextDocument1,3013,d07b0df9-6182-4c59-b396-224f41979271,24,6124,6124,8675,6346,13.10,10.62,10.82,34.54
418feb2d-0819-472f-8ac8-4c9ca3858773,NewRichTextDocument1,3014,8e4eeae5-8ed5-4499-bb1d-f806bd9aff3f,24,6110,6110,8673,6337,12.92,10.43,10.64,33.99
418feb2d-0819-472f-8ac8-4c9ca3858773,NewRichTextDocument1,3015,053a5b83-b6e9-4ab5-a6a5-76c8cee19ca4,24,5815,5815,8445,6073,12.34,9.79,10.03,32.16
418feb2d-0819-472f-8ac8-4c9ca3858773,NewRichTextDocument1,3016,9638f359-e03f-4fc6-9267-6c3efb5a1e2b,24,4846,4846,7359,5051,10.79,8.34,8.54,27.67
418feb2d-0819-472f-8ac8-4c9ca3858773,NewRichTextDocument1,3017,6b490c12-0d2e-4990-a502-6c750eee5fc0,24,5765,5765,8331,5995,12.41,9.92,10.13,32.45
418feb2d-0819-472f-8ac8-4c9ca3858773,NewRichTextDocument1,3018,136146f1-c2a0-42b2-b37a-26d71a952d5c,24,7239,7239,9816,7460,15.00,12.50,12.70,40.20
418feb2d-0819-472f-8ac8-4c9ca3858773,NewRichTextDocument1,3019,79019a95-6a13-4d2d-a4df-6edce2db6685,24,3445,3445,5892,3630,8.23,5.85,6.02,20.09
418feb2d-0819-472f-8ac8-4c9ca3858773,NewRichTextDocument1,3020,85a37b7f-adcf-47b1-a658-a2238ae04437,24,7560,7560,10205,7813,15.69,13.12,13.36,42.17
418feb2d-0819-472f-8ac8-4c9ca3858773,NewRichTextDocument1,3021,16eb5951-89ce-49a2-9add-73e5e310449d,24,13827,13827,16580,14064,27.14,24.46,24.69,76.29
418feb2d-0819-472f-8ac8-4c9ca3858773,NewRichTextDocument1,3022,a0458a34-3e16-493c-9242-0e9dc8d22b01,24,8198,8198,10835,8428,17.11,14.54,14.75,46.40
418feb2d-0819-472f-8ac8-4c9ca3858773,NewRichTextDocument1,3023,4363b9f1-d725-484a-8176-6e73ec9b6981,24,9499,9499,12013,9676,19.34,16.89,17.06,53.29
418feb2d-0819-472f-8ac8-4c9ca3858773,NewRichTextDocument1,3024,cebf00c4-7d13-4027-b884-38b805cd8fd7,24,6766,6766,9348,6992,14.55,12.04,12.25,38.84
418feb2d-0819-472f-8ac8-4c9ca3858773,NewRichTextDocument1,3025,e1deffba-9da5-4cb6-b61a-af0a7d58ad37,24,8555,8555,11032,8722,17.66,15.24,15.40,48.30
418feb2d-0819-472f-8ac8-4c9ca3858773,NewRichTextDocument1,3026,74e4c950-fa9c-4946-9fec-01466bbe5342,24,6430,6430,8888,6596,13.84,11.44,11.60,36.89
418feb2d-0819-472f-8ac8-4c9ca3858773,NewRichTextDocument1,3027,28b744b2-c77c-4780-8be3-4d4ac29e7de8,24,6166,6166,8598,6326,13.31,10.94,11.09,35.33
418feb2d-0819-472f-8ac8-4c9ca3858773,NewRichTextDocument1,3028,4c1bdd3b-3982-43a4-a46f-bfb3fbd064f9,24,8747,8747,11280,8939,18.06,15.59,15.77,49.42
418feb2d-0819-472f-8ac8-4c9ca3858773,NewRichTextDocument1,3029,0530190b-d745-4bdc-9553-a556f1559427,24,11661,11661,14421,11924,23.45,20.77,21.02,65.24
418feb2d-0819-472f-8ac8-4c9ca3858773,NewRichTextDocument1,3030,3950d063-2b8d-487a-a3f8-097e25c7146e,24,5211,5211,7786,5435,11.73,9.22,9.43,30.39
418feb2d-0819-472f-8ac8-4c9ca3858773,NewRichTextDocument1,3031,e79fc3fa-8247-4558-a34c-2cdd9803fa73,24,7234,7234,9714,7411,15.32,12.90,13.07,41.28
418feb2d-0819-472f-8ac8-4c9ca3858773,NewRichTextDocument1,3032,21d191f9-271d-4305-9970-a09353365487,24,2187,2187,5394,2902,6.65,3.54,4.21,14.40
418feb2d-0819-472f-8ac8-4c9ca3858773,NewRichTextDocument1,3033,966c4767-ccfe-4fb2-b862-f0dd48ae45b1,24,4134,4134,7208,4520,9.89,6.89,7.26,24.05
418feb2d-0819-472f-8ac8-4c9ca3858773,NewRichTextDocument1,3034,75e3515f-fea7-4003-ac00-415db496a31b,24,1963,1963,5233,2433,6.08,2.90,3.34,12.32
418feb2d-0819-472f-8ac8-4c9ca3858773,NewRichTextDocument1,3035,b56f258b-d6b1-4819-86c6-746646b1e18e,24,1394,1394,4450,1765,5.22,2.24,2.60,10.05
418feb2d-0819-472f-8ac8-4c9ca3858773,NewRichTextDocument1,3036,633e5e27-8cb2-4a4c-8661-dd3e40154abb,24,2667,2667,5901,3120,7.27,4.12,4.55,15.93
418feb2d-0819-472f-8ac8-4c9ca3858773,NewRichTextDocument1,3037,292bf3b3-16bf-49de-9380-14ece9d9108d,24,3355,3355,6820,3910,8.34,4.97,5.50,18.80
418feb2d-0819-472f-8ac8-4c9ca3858773,NewRichTextDocument1,3038,d79e8cc3-57c8-487a-b292-17da69962516,24,4183,4183,7442,4627,10.05,6.87,7.30,24.22
418feb2d-0819-472f-8ac8-4c9ca3858773,NewRichTextDocument1,3039,d3da6e7b-4a6c-4e47-8670-f99f98d35559,24,3760,3760,6677,4129,8.67,5.83,6.18,20.67
418feb2d-0819-472f-8ac8-4c9ca3858773,NewRichTextDocument1,3040,f50d8882-3aaf-4676-a1e8-f282fc8b5270,24,2922,2922,6239,3389,7.96,4.74,5.18,17.88
418feb2d-0819-472f-8ac8-4c9ca3858773,NewRichTextDocument1,3041,96a3d62a-7e65-4202-a962-783f9c2d073d,24,3007,3007,6200,3460,7.77,4.67,5.10,17.54
418feb2d-0819-472f-8ac8-4c9ca3858773,NewRichTextDocument1,3042,acce6098-f20a-4c51-951a-71f97e7e73dd,24,1079,1079,4111,1440,4.65,1.69,2.04,8.38
418feb2d-0819-472f-8ac8-4c9ca3858773,NewRichTextDocument1,3043,c85e2055-22de-4ef7-8e7c-517d2159f2cd,24,2788,2788,5759,3154,7.42,4.53,4.87,16.82
418feb2d-0819-472f-8ac8-4c9ca3858773,NewRichTextDocument1,3044,7ebd6aa3-2c5e-42b8-8eb5-2e4532726b56,24,1784,1784,4916,2178,5.84,2.78,3.17,11.79
418feb2d-0819-472f-8ac8-4c9ca3858773,NewRichTextDocument1,3045,9033b18e-6f94-4587-b107-4722f0a18f9d,24,4255,4255,7496,4731,10.00,6.85,7.30,24.14
418feb2d-0819-472f-8ac8-4c9ca3858773,NewRichTextDocument1,3046,7cb058b9-b97f-4487-85c5-5723b709e1a7,24,3418,3418,6379,3760,8.64,5.75,6.08,20.47
418feb2d-0819-472f-8ac8-4c9ca3858773,NewRichTextDocument1,3047,68d9ecc2-5f44-4c29-b529-401e4d54eb6c,24,1640,1640,4563,1965,5.54,2.69,3.00,11.23
418feb2d-0819-472f-8ac8-4c9ca3858773,NewRichTextDocument1,3048,faab9844-d693-47c4-91f9-6078850eaa0a,24,1454,1454,4521,1824,5.33,2.33,2.70,10.36
418feb2d-0819-472f-8ac8-4c9ca3858773,NewRichTextDocument1,3049,7dde5c72-44d3-4291-b405-14b64ffb4870,24,1825,1825,4851,2188,5.91,2.95,3.30,12.16
418feb2d-0819-472f-8ac8-4c9ca3858773,NewRichTextDocument1,3050,8c5158df-ce42-42af-bf83-0cc0b93190d4,24,1857,1857,4882,2220,5.95,3.00,3.35,12.30
418feb2d-0819-472f-8ac8-4c9ca3858773,NewRichTextDocument1,3051,24767eec-1304-4ba8-be05-b174589265fb,24,3529,3529,6320,3840,8.54,5.83,6.12,20.50
418feb2d-0819-472f-8ac8-4c9ca3858773,NewRichTextDocument1,3052,1550f14e-eb94-4a2b-9dd5-fb76b570dd53,24,2313,2313,5099,2599,6.63,3.91,4.19,14.72
418feb2d-0819-472f-8ac8-4c9ca3858773,NewRichTextDocument1,3053,9892a418-19d5-434b-a977-f54b32f422f1,24,907,907,3945,1272,4.34,1.37,1.73,7.43
418feb2d-0819-472f-8ac8-4c9ca3858773,NewRichTextDocument1,3054,e9396edd-66d3-4af7-892e-dadbda9fd3b6,24,1688,1688,4737,2054,5.76,2.78,3.14,11.68
418feb2d-0819-472f-8ac8-4c9ca3858773,NewRichTextDocument1,3055,ab51d608-3384-4764-8a42-16d49a13c2d6,24,1937,1937,5207,2388,6.26,3.08,3.51,12.86
418feb2d-0819-472f-8ac8-4c9ca3858773,NewRichTextDocument1,3056,e393c9fd-244c-4fff-b7ac-8fd6f1a8f91a,24,2867,2867,5863,3212,7.83,4.90,5.24,17.96
418feb2d-0819-472f-8ac8-4c9ca3858773,NewRichTextDocument1,3057,178f5d63-df34-44f6-a46c-0251ed99c373,24,2928,2928,6017,3304,7.91,4.89,5.26,18.07
418feb2d-0819-472f-8ac8-4c9ca3858773,NewRichTextDocument1,3058,0b5556fb-b9a3-435d-b5d7-ade3002ac887,24,4892,4892,7872,5222,11.38,8.47,8.79,28.63
418feb2d-0819-472f-8ac8-4c9ca3858773,NewRichTextDocument1,3059,05ba664f-7ee8-4148-a645-bba81da7bba8,24,1466,1466,4425,1805,5.25,2.36,2.69,10.31
418feb2d-0819-472f-8ac8-4c9ca3858773,NewRichTextDocument1,3060,4397e2be-3043-4efd-9b2d-c64a8db7f531,24,1636,1636,4676,1997,5.62,2.65,3.00,11.27
418feb2d-0819-472f-8ac8-4c9ca3858773,NewRichTextDocument1,3061,c6512cc0-5e0b-45e2-a18f-57b99d9679bd,24,1344,1344,4303,1689,4.99,2.11,2.44,9.54
418feb2d-0819-472f-8ac8-4c9ca3858773,NewRichTextDocument1,3062,000b18b0-6bd9-4291-a03a-730e5a94877b,24,1306,1306,4428,1694,5.11,2.07,2.44,9.62
418feb2d-0819-472f-8ac8-4c9ca3858773,NewRichTextDocument1,3063,ecddf8b1-3f64-4cee-b150-2936a744b42e,24,2014,2014,5095,2395,6.27,3.26,3.63,13.17
418feb2d-0819-472f-8ac8-4c9ca3858773,NewRichTextDocument1,3064,13b81613-bbb1-4866-8e05-60de76c80156,24,2643,2643,5688,3005,7.46,4.49,4.84,16.78
418feb2d-0819-472f-8ac8-4c9ca3858773,NewRichTextDocument1,3065,766634cb-65d9-4730-92b8-23fcfeeb6406,24,1309,1309,4440,1702,5.13,2.08,2.46,9.67
418feb2d-0819-472f-8ac8-4c9ca3858773,NewRichTextDocument1,3066,e2bca858-d33b-4a9e-87e7-19d38a66ac8f,24,1460,1460,4432,1804,5.24,2.34,2.67,10.25
418feb2d-0819-472f-8ac8-4c9ca3858773,NewRichTextDocument1,3067,995b3aa1-133a-4c1d-be71-5671dd0100ba,24,1174,1174,4090,1499,4.72,1.87,2.19,8.79
418feb2d-0819-472f-8ac8-4c9ca3858773,NewRichTextDocument1,3068,edf64fa8-58bb-4090-8bbd-caca07e16683,24,1317,1317,4109,1607,4.91,2.19,2.47,9.57
418feb2d-0819-472f-8ac8-4c9ca3858773,NewRichTextDocument1,3069,f522b95d-fcd8-4d88-aa49-d223279983c8,24,1987,1987,4742,2270,6.05,3.36,3.63,13.05
418feb2d-0819-472f-8ac8-4c9ca3858773,NewRichTextDocument1,3070,827f670c-affb-40e7-81f8-69d83738562f,24,1322,1322,3777,1509,4.58,2.18,2.36,9.13
418feb2d-0819-472f-8ac8-4c9ca3858773,NewRichTextDocument1,3071,3608858a-e9f6-423e-99b1-dc88177c4dbf,24,1055,1055,4173,1443,4.73,1.69,2.07,8.49
418feb2d-0819-472f-8ac8-4c9ca3858773,NewRichTextDocument1,3072,5661bfeb-85b9-4657-a6a4-2d334754b5cf,24,1214,1214,4325,1603,4.99,1.95,2.33,9.28
418feb2d-0819-472f-8ac8-4c9ca3858773,NewRichTextDocument1,3073,e2db8d82-b9a8-4607-bbdb-d4494e29ca01,24,995,995,4112,1383,4.58,1.53,1.91,8.03
418feb2d-0819-472f-8ac8-4c9ca3858773,NewRichTextDocument1,3074,cc671133-6bea-45ae-9099-234fdd29d957,24,1031,1031,4005,1374,4.54,1.63,1.97,8.13
418feb2d-0819-472f-8ac8-4c9ca3858773,NewRichTextDocument1,3075,eac07905-f446-48d5-a40f-ed57a22fe4a8,24,1263,1263,4365,1652,5.02,2.00,2.38,9.40
418feb2d-0819-472f-8ac8-4c9ca3858773,NewRichTextDocument1,3076,f154f7d8-b06a-4339-8ead-4de2d08de447,24,1209,1209,4184,1552,4.85,1.95,2.28,9.08
418feb2d-0819-472f-8ac8-4c9ca3858773,NewRichTextDocument1,3077,6d3424ea-b981-494f-b4ff-fa396c4c53b8,24,1173,1173,4208,1540,4.86,1.90,2.26,9.03
418feb2d-0819-472f-8ac8-4c9ca3858773,NewRichTextDocument1,3078,09b5a2a5-831b-4783-9b15-ca97b20f13bf,24,982,982,4021,1348,4.51,1.55,1.90,7.96
418feb2d-0819-472f-8ac8-4c9ca3858773,NewRichTextDocument1,3079,05b4f1b4-dec0-4d52-9df0-8d8f6cdc28c2,24,796,796,3765,1139,4.06,1.16,1.49,6.71
418feb2d-0819-472f-8ac8-4c9ca3858773,NewRichTextDocument1,3080,c6b97769-468a-4c38-8276-84431c9285a0,24,1256,1256,4224,1600,4.95,2.05,2.39,9.39
418feb2d-0819-472f-8ac8-4c9ca3858773,NewRichTextDocument1,3081,2fe2411a-e90c-4e3a-a262-ee4b66edf3f7,24,1756,1756,4885,2150,5.92,2.86,3.25,12.03
418feb2d-0819-472f-8ac8-4c9ca3858773,NewRichTextDocument1,3082,b4a2a70a-85d2-4182-84dc-7211fbcf139b,24,1407,1407,4531,1795,5.34,2.29,2.67,10.31
418feb2d-0819-472f-8ac8-4c9ca3858773,NewRichTextDocument1,3083,11235a27-ef38-490f-97e3-f98c5d1f9856,24,1604,1604,4676,1974,5.64,2.64,3.00,11.29
418feb2d-0819-472f-8ac8-4c9ca3858773,NewRichTextDocument1,3084,5e3d14f1-dda8-4c66-8221-c78d888ca7f1,24,2397,2397,5656,2857,7.24,4.07,4.50,15.81
418feb2d-0819-472f-8ac8-4c9ca3858773,NewRichTextDocument1,3085,694cb22c-a36b-4957-9897-88269c4f4cb3,24,1811,1811,4847,2179,5.97,3.01,3.36,12.34
418feb2d-0819-472f-8ac8-4c9ca3858773,NewRichTextDocument1,3086,9ef19a22-2ed8-46ed-bf83-a55ee3bb89e4,24,1331,1331,4426,1716,5.18,2.16,2.53,9.87
418feb2d-0819-472f-8ac8-4c9ca3858773,NewRichTextDocument1,3087,1d27e19b-c019-473f-a650-ec8ea13ae588,24,1394,1394,4376,1743,5.10,2.19,2.53,9.83
418feb2d-0819-472f-8ac8-4c9ca3858773,NewRichTextDocument1,3088,f6076283-cde9-4a9a-a170-b958c46e51e6,24,2933,2933,5861,3289,7.68,4.84,5.17,17.69
418feb2d-0819-472f-8ac8-4c9ca3858773,NewRichTextDocument1,3089,527cd492-9afe-4248-8913-d25fe2a4e2e7,24,1721,1721,4473,2009,5.47,2.79,3.06,11.32
418feb2d-0819-472f-8ac8-4c9ca3858773,NewRichTextDocument1,3090,7f896112-2dfa-444b-86ea-176296b0f83d,24,1964,1964,5126,2361,6.34,3.25,3.64,13.22
418feb2d-0819-472f-8ac8-4c9ca3858773,NewRichTextDocument1,3091,432d1795-1c5e-4e58-b768-b67087153e0e,24,4163,4163,6851,4413,9.72,7.10,7.34,24.16
418feb2d-0819-472f-8ac8-4c9ca3858773,NewRichTextDocument1,3092,b57a4289-e22c-4bf1-be26-7f2973ffa364,24,1731,1731,4215,1945,5.22,2.81,3.01,11.04
418feb2d-0819-472f-8ac8-4c9ca3858773,NewRichTextDocument1,3093,f3baf815-83ae-41b9-81ed-46a377812704,24,2881,2881,6713,3492,8.46,4.72,5.32,18.50
418feb2d-0819-472f-8ac8-4c9ca3858773,NewRichTextDocument1,3094,bda252b1-5e01-4aa5-a60f-fb54e1413b47,24,1427,1427,4609,1833,5.36,2.25,2.64,10.25
418feb2d-0819-472f-8ac8-4c9ca3858773,NewRichTextDocument1,3095,4d01c4c0-03a7-4efb-b9fc-fca5794c144f,24,1437,1437,4718,1891,5.34,2.14,2.58,10.05
418feb2d-0819-472f-8ac8-4c9ca3858773,NewRichTextDocument1,3096,34267c70-2c1a-4ebf-863c-3ddb318d20cc,24,851,851,3920,1226,4.26,1.26,1.63,7.16
418feb2d-0819-472f-8ac8-4c9ca3858773,NewRichTextDocument1,3097,f13fb3a2-ca67-4f2f-a64f-40de95ce77a8,24,918,918,3951,1279,4.34,1.37,1.73,7.44
418feb2d-0819-472f-8ac8-4c9ca3858773,NewRichTextDocument1,3098,cdf657f4-1d3f-4666-af6c-fe17d30fdb0d,24,1078,1078,4224,1475,4.71,1.63,2.02,8.36
418feb2d-0819-472f-8ac8-4c9ca3858773,NewRichTextDocument1,3099,248a7a40-9c1a-48a6-a238-525177f5fc1c,24,1593,1593,4768,2000,5.70,2.60,2.99,11.29
418feb2d-0819-472f-8ac8-4c9ca3858773,NewRichTextDocument1,3100,fae7556a-feb5-4d06-9e02-381c0b82313b,24,1674,1674,5108,2184,5.57,2.22,2.71,10.51
418feb2d-0819-472f-8ac8-4c9ca3858773,NewRichTextDocument1,3101,15a486c1-f15b-46e9-8549-be41abd1d582,24,1342,1342,4656,1790,5.30,2.07,2.51,9.88
418feb2d-0819-472f-8ac8-4c9ca3858773,NewRichTextDocument1,3102,81ad91a1-5137-4264-832a-a80ce8871fb4,24,1488,1488,4633,1886,5.40,2.33,2.72,10.44
418feb2d-0819-472f-8ac8-4c9ca3858773,NewRichTextDocument1,3103,6a9a44cf-2761-42b9-a954-8348c54117e5,24,1048,1048,4137,1427,4.64,1.63,2.00,8.26
418feb2d-0819-472f-8ac8-4c9ca3858773,NewRichTextDocument1,3104,f4b1be47-342f-4c13-be42-aacb0977b320,24,1345,1345,4633,1788,5.32,2.11,2.54,9.97
418feb2d-0819-472f-8ac8-4c9ca3858773,NewRichTextDocument1,3105,546529c8-bc38-4afd-92b2-b65dc3a5142f,24,826,826,3856,1187,4.20,1.24,1.59,7.04
418feb2d-0819-472f-8ac8-4c9ca3858773,NewRichTextDocument1,3106,2f996694-03c4-4429-b89f-489515877ba4,24,1211,1211,4437,1640,4.96,1.81,2.23,9.01
418feb2d-0819-472f-8ac8-4c9ca3858773,NewRichTextDocument1,3107,f5201d5e-0abd-42aa-9480-6d84aee9ef8a,24,1097,1097,4274,1503,4.80,1.70,2.09,8.59
418feb2d-0819-472f-8ac8-4c9ca3858773,NewRichTextDocument1,3108,badd1740-73af-4f98-a38d-716e118038fc,24,1369,1369,4347,1712,5.12,2.21,2.55,9.88
418feb2d-0819-472f-8ac8-4c9ca3858773,NewRichTextDocument1,3109,736725a3-fe00-45b1-870c-cfa470beeb48,24,1598,1598,4754,1995,5.70,2.62,3.01,11.33
418feb2d-0819-472f-8ac8-4c9ca3858773,NewRichTextDocument1,3110,4524f4da-d651-4345-8a83-7f32dd3330c4,24,1134,1134,4165,1495,4.75,1.79,2.14,8.67
418feb2d-0819-472f-8ac8-4c9ca3858773,NewRichTextDocument1,3111,bfebb219-0f6d-4c8a-ba7f-eb75599061be,24,1545,1545,4700,1948,5.55,2.47,2.86,10.88
418feb2d-0819-472f-8ac8-4c9ca3858773,NewRichTextDocument1,3112,f1d1e17b-53f0-4763-958b-a1c9390cf5e8,24,1549,1549,4607,1920,5.54,2.55,2.91,11.00
418feb2d-0819-472f-8ac8-4c9ca3858773,NewRichTextDocument1,3113,d6ccf906-7549-4462-b192-f24a1e9274ec,24,1295,1295,4164,1607,4.89,2.09,2.40,9.38
418feb2d-0819-472f-8ac8-4c9ca3858773,NewRichTextDocument1,3114,d0ebd369-7b79-404e-8350-e43c5cdf74a2,24,1035,1035,4096,1405,4.57,1.58,1.94,8.10
418feb2d-0819-472f-8ac8-4c9ca3858773,NewRichTextDocument1,3115,8eac3830-3f94-4b9b-bb75-9108b2bede8e,24,1932,1932,5054,2321,6.27,3.22,3.60,13.09
418feb2d-0819-472f-8ac8-4c9ca3858773,NewRichTextDocument1,3116,9e59343a-a2b3-4b2c-9855-4dbf48c094ed,24,1505,1505,4485,1848,5.38,2.47,2.81,10.66
418feb2d-0819-472f-8ac8-4c9ca3858773,NewRichTextDocument1,3117,efcd9cba-e2d4-4c74-898c-13346e91009d,24,4001,4001,7127,4399,9.88,6.83,7.21,23.93
418feb2d-0819-472f-8ac8-4c9ca3858773,NewRichTextDocument1,3118,6f3fea7c-9ae4-4be3-9c98-1adb09a040c8,24,2969,2969,5574,3203,7.55,5.01,5.23,17.79
418feb2d-0819-472f-8ac8-4c9ca3858773,NewRichTextDocument1,3119,af6d601e-771e-443d-aace-6fa9458bacb3,24,1717,1717,4592,2029,5.61,2.80,3.11,11.52
418feb2d-0819-472f-8ac8-4c9ca3858773,NewRichTextDocument1,3120,87f4cb60-05f7-48eb-a2d7-b5fc405c16f5,24,4045,4045,7040,4515,9.84,6.92,7.37,24.13
418feb2d-0819-472f-8ac8-4c9ca3858773,NewRichTextDocument1,3121,793cf994-9cc0-4d19-9217-4c3c19a1131c,24,3905,3905,6813,4270,9.48,6.65,7.00,23.13
418feb2d-0819-472f-8ac8-4c9ca3858773,NewRichTextDocument1,3122,0f075cf7-3d34-4bf9-98fb-414d95ac232d,24,1490,1490,4959,2009,5.70,2.32,2.82,10.84
418feb2d-0819-472f-8ac8-4c9ca3858773,NewRichTextDocument1,3123,fdd4b6aa-0857-44d5-9cd9-247463badfa3,24,1535,1535,4544,1887,5.48,2.54,2.89,10.92
418feb2d-0819-472f-8ac8-4c9ca3858773,NewRichTextDocument1,3124,7595cfd5-2e82-45c8-9e86-6d63d95eed48,24,1962,1962,4973,2320,6.16,3.22,3.57,12.95
418feb2d-0819-472f-8ac8-4c9ca3858773,NewRichTextDocument1,3125,1ab11c03-fab7-4ee8-a4a3-c56e546b139e,24,1080,1080,4121,1445,4.69,1.72,2.08,8.49
418feb2d-0819-472f-8ac8-4c9ca3858773,NewRichTextDocument1,3126,8b2f5b7c-eee2-41ad-a08e-e9fcbf0c90a7,24,1678,1678,4854,2097,5.83,2.73,3.14,11.69
418feb2d-0819-472f-8ac8-4c9ca3858773,NewRichTextDocument1,3127,2fb36e03-1d43-438d-af07-66974ad3752b,24,1199,1199,4233,1566,4.89,1.93,2.28,9.10
418feb2d-0819-472f-8ac8-4c9ca3858773,NewRichTextDocument1,3128,5492f91e-5b80-4c40-84f1-44cb51aba63b,24,1745,1745,5081,2214,6.00,2.74,3.20,11.93
418feb2d-0819-472f-8ac8-4c9ca3858773,NewRichTextDocument1,3129,be7e6964-2d8b-4e7b-bdf1-1d0b4f4d721f,24,1013,1013,4080,1390,4.50,1.50,1.87,7.87
418feb2d-0819-472f-8ac8-4c9ca3858773,NewRichTextDocument1,3130,b2f32500-3804-4ab2-a011-fbe80685f987,24,1057,1057,4066,1413,4.54,1.60,1.95,8.08
418feb2d-0819-472f-8ac8-4c9ca3858773,NewRichTextDocument1,3131,50ba4126-f652-437d-b771-e4b78d942eb3,24,1739,1739,4857,2128,5.92,2.88,3.26,12.05
418feb2d-0819-472f-8ac8-4c9ca3858773,NewRichTextDocument1,3132,00fd8b51-fd86-4dcd-a034-68d12d09bf31,24,921,921,4027,1316,4.45,1.42,1.80,7.67
418feb2d-0819-472f-8ac8-4c9ca3858773,NewRichTextDocument1,3133,33fc831c-0870-4673-851d-b1d8e21ff72a,24,1558,1558,4548,1905,5.39,2.47,2.81,10.67
418feb2d-0819-472f-8ac8-4c9ca3858773,NewRichTextDocument1,3134,d534fa0a-e5fc-464a-b0cf-e09dced8d160,24,1090,1090,3957,1402,4.53,1.73,2.03,8.29
418feb2d-0819-472f-8ac8-4c9ca3858773,NewRichTextDocument1,3135,5a9bbf86-51a2-4b52-93b3-cba6b30aa125,24,2000,2000,5044,2361,6.32,3.34,3.70,13.36
418feb2d-0819-472f-8ac8-4c9ca3858773,NewRichTextDocument1,3136,e236ed50-6957-4461-85f0-c1898d71a6bb,24,1664,1664,4644,2007,5.62,2.71,3.05,11.39
418feb2d-0819-472f-8ac8-4c9ca3858773,NewRichTextDocument1,3137,9349b455-e446-4659-8d02-19a0d1f668ad,24,1425,1425,4519,1804,5.24,2.22,2.59,10.05
418feb2d-0819-472f-8ac8-4c9ca3858773,NewRichTextDocument1,3138,a8375172-225f-4c7f-a4ec-d6b43a637969,24,3246,3246,6264,3611,8.26,5.31,5.67,19.24
418feb2d-0819-472f-8ac8-4c9ca3858773,NewRichTextDocument1,3139,93367715-4c76-4dcd-a636-44c99254c6f5,24,1536,1536,4708,1941,5.56,2.46,2.86,10.88
418feb2d-0819-472f-8ac8-4c9ca3858773,NewRichTextDocument1,3140,cdbef369-5b25-4f64-be45-7d64baccaf0f,24,2781,2781,5935,3180,7.77,4.69,5.08,17.53
418feb2d-0819-472f-8ac8-4c9ca3858773,NewRichTextDocument1,3141,5854ff81-6ad4-4645-abba-1c8893a2b444,24,2807,2807,6118,3262,7.85,4.62,5.06,17.54
418feb2d-0819-472f-8ac8-4c9ca3858773,NewRichTextDocument1,3142,2d8437f9-ff4e-43da-a9be-d8f00941b709,24,2074,2074,5120,2435,6.42,3.45,3.80,13.67
418feb2d-0819-472f-8ac8-4c9ca3858773,NewRichTextDocument1,3143,57be338b-5709-46cc-bc28-5ddab77c904b,24,2596,2596,5886,3053,7.45,4.25,4.68,16.38
418feb2d-0819-472f-8ac8-4c9ca3858773,NewRichTextDocument1,3144,2675422c-ce02-4531-b5eb-a1e9406aca71,24,1014,1014,4044,1375,4.55,1.59,1.94,8.09
418feb2d-0819-472f-8ac8-4c9ca3858773,NewRichTextDocument1,3145,07a93f85-69d5-488d-aadd-3b03a018c4c5,24,984,984,4081,1368,4.53,1.50,1.88,7.90
418feb2d-0819-472f-8ac8-4c9ca3858773,NewRichTextDocument1,3146,7e493711-2e8b-46c2-99cb-3b7e0ac5aa75,24,1956,1956,5060,2335,6.26,3.23,3.60,13.09
418feb2d-0819-472f-8ac8-4c9ca3858773,NewRichTextDocument1,3147,bd68349e-b347-4db1-aefa-5c652bcf86bf,24,1964,1964,4862,2280,6.14,3.31,3.62,13.08
418feb2d-0819-472f-8ac8-4c9ca3858773,NewRichTextDocument1,3148,a4eca59b-320a-4a59-a337-b301a5ad31bd,24,1203,1203,4382,1615,4.98,1.88,2.28,9.15
418feb2d-0819-472f-8ac8-4c9ca3858773,NewRichTextDocument1,3149,e8f39af0-4f0a-4900-a832-6e7cc97f71cc,24,1654,1654,4802,2062,5.70,2.63,3.02,11.35
418feb2d-0819-472f-8ac8-4c9ca3858773,NewRichTextDocument1,3150,1510d95e-c84e-41ce-955b-3f406e9de688,24,1441,1441,4518,1822,5.31,2.31,2.68,10.30
418feb2d-0819-472f-8ac8-4c9ca3858773,NewRichTextDocument1,3151,9c4e743e-df1e-447a-98c5-c5941b55d917,24,1191,1191,4611,1674,5.12,1.78,2.25,9.14
418feb2d-0819-472f-8ac8-4c9ca3858773,NewRichTextDocument1,3152,91632bcf-8e1a-4e07-8f63-4adbf76e8362,24,1114,1114,4252,1512,4.83,1.77,2.15,8.75
418feb2d-0819-472f-8ac8-4c9ca3858773,NewRichTextDocument1,3153,4ed4e8e1-00b1-4525-81d2-2c3b960da115,24,1454,1454,4636,1860,5.43,2.32,2.72,10.46
418feb2d-0819-472f-8ac8-4c9ca3858773,NewRichTextDocument1,3154,d0e0a45f-738b-41be-9255-5c6b0513c1bd,24,2358,2358,5442,2746,6.94,3.93,4.30,15.17
418feb2d-0819-472f-8ac8-4c9ca3858773,NewRichTextDocument1,3155,bd5b2be9-aa40-47e5-8bbd-7a25d2aae2b8,24,2177,2177,5283,2562,6.66,3.63,4.00,14.30
418feb2d-0819-472f-8ac8-4c9ca3858773,NewRichTextDocument1,3156,0a357322-e714-4a6a-8ebd-d22492031309,24,1297,1297,4331,1658,5.07,2.11,2.46,9.64
418feb2d-0819-472f-8ac8-4c9ca3858773,NewRichTextDocument1,3157,39a4abf2-4afa-4ee9-af61-ef2383883c9e,24,1154,1154,4216,1524,4.82,1.83,2.19,8.85
418feb2d-0819-472f-8ac8-4c9ca3858773,NewRichTextDocument1,3158,1255f829-57a5-4b6d-97ca-3d4647a72eb8,24,1187,1187,4162,1530,4.81,1.90,2.24,8.95
418feb2d-0819-472f-8ac8-4c9ca3858773,NewRichTextDocument1,3159,0d1f791c-0377-43b9-96e9-0f4cfa977a74,24,1027,1027,4232,1442,4.70,1.57,1.98,8.25
418feb2d-0819-472f-8ac8-4c9ca3858773,NewRichTextDocument1,3160,49872836-6fd6-493c-ba1e-9fdba93678c4,24,2161,2161,4830,2405,6.26,3.65,3.89,13.80
418feb2d-0819-472f-8ac8-4c9ca3858773,NewRichTextDocument1,3161,bc6add96-7296-4b6f-b90a-47a825244871,24,1450,1450,4401,1784,5.26,2.38,2.70,10.33
418feb2d-0819-472f-8ac8-4c9ca3858773,NewRichTextDocument1,3162,ce040af8-19f8-4b23-b27f-40d94a72aefd,24,1114,1114,4271,1516,4.87,1.78,2.18,8.83
418feb2d-0819-472f-8ac8-4c9ca3858773,NewRichTextDocument1,3163,10bfb0e3-78d3-498d-8820-7920c4b4ff86,24,1629,1629,4671,2002,5.58,2.61,2.97,11.17
418feb2d-0819-472f-8ac8-4c9ca3858773,NewRichTextDocument1,3164,82c10bc6-d8f9-4e28-b83e-223004d659ce,24,910,910,3930,1272,4.29,1.34,1.69,7.32
418feb2d-0819-472f-8ac8-4c9ca3858773,NewRichTextDocument1,3165,fe067ea5-cd98-4cf4-823f-1fd94a03fe6b,24,975,975,4063,1360,4.47,1.46,1.83,7.77
418feb2d-0819-472f-8ac8-4c9ca3858773,NewRichTextDocument1,3166,aa082671-1689-40d8-b2fa-49f809a0e70e,24,1104,1104,4165,1474,4.66,1.67,2.03,8.35
418feb2d-0819-472f-8ac8-4c9ca3858773,NewRichTextDocument1,3167,28462f43-ebe6-4827-9b90-b947d9410adf,24,1141,1141,4136,1494,4.67,1.74,2.08,8.49
418feb2d-0819-472f-8ac8-4c9ca3858773,NewRichTextDocument1,3168,c777feec-ad72-45ce-8482-7ce8cb4747f1,24,911,911,3880,1254,4.25,1.35,1.68,7.27
418feb2d-0819-472f-8ac8-4c9ca3858773,NewRichTextDocument1,3169,9633e02e-2a22-4364-adde-195a3a328e4e,24,1001,1001,4117,1389,4.54,1.50,1.88,7.92
418feb2d-0819-472f-8ac8-4c9ca3858773,NewRichTextDocument1,3170,363a1423-8087-4494-8563-def7edcdb658,24,862,862,3871,1219,4.23,1.29,1.64,7.16
418feb2d-0819-472f-8ac8-4c9ca3858773,NewRichTextDocument1,3171,02e81db1-275f-4809-85aa-0926aacbedfe,24,1049,1049,4255,1464,4.71,1.58,1.99,8.28
418feb2d-0819-472f-8ac8-4c9ca3858773,NewRichTextDocument1,3172,43321d5f-4fa5-428f-b36b-96cbf3aad4a2,24,901,901,3902,1253,4.25,1.32,1.66,7.23
418feb2d-0819-472f-8ac8-4c9ca3858773,NewRichTextDocument1,3173,ccb07924-6901-4e47-af39-e76d1b5f1828,24,1035,1035,4076,1407,4.54,1.57,1.93,8.04
418feb2d-0819-472f-8ac8-4c9ca3858773,NewRichTextDocument1,3174,b2c7f7df-765a-4ad7-bb96-968013fdea9b,24,1190,1190,4243,1561,4.74,1.76,2.12,8.62
418feb2d-0819-472f-8ac8-4c9ca3858773,NewRichTextDocument1,3175,e75e61a1-5473-446a-bfe3-bd9b83ed1319,24,1367,1367,4393,1729,5.21,2.26,2.61,10.09
418feb2d-0819-472f-8ac8-4c9ca3858773,NewRichTextDocument1,3176,e99d7f53-9166-48f6-8d35-c439b85b3189,24,1761,1761,4766,2257,5.82,2.89,3.37,12.08
418feb2d-0819-472f-8ac8-4c9ca3858773,NewRichTextDocument1,3177,3c30cdff-c82b-460d-8831-22dd79239598,24,1137,1137,4226,1516,4.78,1.77,2.14,8.69
418feb2d-0819-472f-8ac8-4c9ca3858773,NewRichTextDocument1,3178,efeb08e5-f6f8-4a4d-9552-bd0c442506bf,24,1073,1073,4104,1434,4.63,1.67,2.02,8.32
418feb2d-0819-472f-8ac8-4c9ca3858773,NewRichTextDocument1,3179,cdfa4e10-820e-4187-b765-8644e4dd68db,24,959,959,3988,1320,4.41,1.46,1.81,7.68
418feb2d-0819-472f-8ac8-4c9ca3858773,NewRichTextDocument1,3180,520b4374-adfd-4581-9235-a76e9b02ea5b,24,1139,1139,4384,1580,4.89,1.72,2.15,8.76
418feb2d-0819-472f-8ac8-4c9ca3858773,NewRichTextDocument1,3181,5d8ad7c6-cf1b-4b9c-91c2-2f962d939174,24,1052,1052,3997,1386,4.52,1.64,1.97,8.12
418feb2d-0819-472f-8ac8-4c9ca3858773,NewRichTextDocument1,3182,0609e988-a63a-4a23-bb47-a9ff7a49c892,24,1100,1100,4181,1480,4.71,1.70,2.07,8.48
418feb2d-0819-472f-8ac8-4c9ca3858773,NewRichTextDocument1,3183,f3de1027-1765-4d8b-aaed-9d5bf5e92d32,24,788,788,3786,1140,4.08,1.15,1.50,6.73
418feb2d-0819-472f-8ac8-4c9ca3858773,NewRichTextDocument1,3184,dc377de4-4717-4d69-81b1-62b9c5e3e3b5,24,1016,1016,4036,1378,4.50,1.55,1.90,7.96
418feb2d-0819-472f-8ac8-4c9ca3858773,NewRichTextDocument1,3185,dd23062a-7482-481b-a5eb-9f6abd1fb878,24,965,965,4053,1344,4.47,1.45,1.82,7.75
418feb2d-0819-472f-8ac8-4c9ca3858773,NewRichTextDocument1,3186,d2b07d36-8ce7-4def-9edc-1cbe6c51634a,24,910,910,4027,1298,4.41,1.36,1.74,7.51
418feb2d-0819-472f-8ac8-4c9ca3858773,NewRichTextDocument1,3187,2017ce57-cf5f-4ba0-b500-f849f5f165aa,24,916,916,4166,1349,4.52,1.35,1.77,7.63
418feb2d-0819-472f-8ac8-4c9ca3858773,NewRichTextDocument1,3188,769c29d7-a687-4918-bb76-2caa8252c9a6,24,952,952,4166,1382,4.47,1.34,1.75,7.56
418feb2d-0819-472f-8ac8-4c9ca3858773,NewRichTextDocument1,3189,146a3ceb-470b-435b-a016-f01c2766e4ec,24,1225,1225,4260,1586,4.85,1.88,2.24,8.97
418feb2d-0819-472f-8ac8-4c9ca3858773,NewRichTextDocument1,3190,f32463ad-7e3c-4592-9c53-e7c10cb011c6,24,1137,1137,4284,1534,4.83,1.76,2.14,8.73
418feb2d-0819-472f-8ac8-4c9ca3858773,NewRichTextDocument1,3191,a7d926e9-caf4-450e-aed1-1de4d01f077e,24,984,984,4120,1382,4.47,1.41,1.80,7.68
418feb2d-0819-472f-8ac8-4c9ca3858773,NewRichTextDocument1,3192,f44e7a7d-df13-4438-ad80-5fc26fe8cdd9,24,1019,1019,4020,1371,4.45,1.52,1.86,7.82
418feb2d-0819-472f-8ac8-4c9ca3858773,NewRichTextDocument1,3193,7b1f0280-3620-42fb-81a9-f18fedba2eb2,24,901,901,3872,1244,4.23,1.33,1.66,7.21
418feb2d-0819-472f-8ac8-4c9ca3858773,NewRichTextDocument1,3194,1c4ec061-e7fe-4b96-8a2e-b998c91dcee8,24,1158,1158,4260,1548,4.73,1.71,2.08,8.52
418feb2d-0819-472f-8ac8-4c9ca3858773,NewRichTextDocument1,3195,e05371fb-2633-48ef-8011-036db00834f8,24,911,911,3912,1263,4.22,1.29,1.63,7.13
418feb2d-0819-472f-8ac8-4c9ca3858773,NewRichTextDocument1,3196,c514989f-082a-45c5-bee5-a37ad69af9f1,24,1432,1432,4594,1834,5.32,2.23,2.62,10.17
418feb2d-0819-472f-8ac8-4c9ca3858773,NewRichTextDocument1,3197,2b17cb5b-8fe8-488f-9837-531730209cab,24,965,965,3966,1317,4.40,1.47,1.81,7.68
418feb2d-0819-472f-8ac8-4c9ca3858773,NewRichTextDocument1,3198,b6fd214c-863e-4a4a-8d4f-9bfc09e68958,24,1017,1017,4097,1397,4.53,1.52,1.89,7.94
418feb2d-0819-472f-8ac8-4c9ca3858773,NewRichTextDocument1,3199,569f8133-b772-46ba-94bc-000b849d899b,24,887,887,4002,1275,4.37,1.33,1.70,7.40
418feb2d-0819-472f-8ac8-4c9ca3858773,NewRichTextDocument1,3200,b40f52cd-8b45-4512-8b5b-37c32542df75,24,910,910,3920,1272,4.27,1.33,1.68,7.28
418feb2d-0819-472f-8ac8-4c9ca3858773,NewRichTextDocument1,3201,8c1ff1de-a870-4056-a085-1e11d84a2a8c,24,826,826,3853,1187,4.16,1.21,1.56,6.93
418feb2d-0819-472f-8ac8-4c9ca3858773,NewRichTextDocument1,3202,b12c54e8-4e97-4a26-8ce2-a5be9c7a508b,24,817,817,3814,1169,4.12,1.20,1.54,6.86
418feb2d-0819-472f-8ac8-4c9ca3858773,NewRichTextDocument1,3203,5fff2c70-ae04-4604-8d8b-a2fbcccf3f95,24,811,811,3993,1222,4.29,1.18,1.58,7.05
418feb2d-0819-472f-8ac8-4c9ca3858773,NewRichTextDocument1,3204,50a7f265-889c-4930-9be7-aad4a645d7ae,24,921,921,4095,1327,4.44,1.34,1.74,7.52
418feb2d-0819-472f-8ac8-4c9ca3858773,NewRichTextDocument1,3205,e424717a-5263-4ae2-9632-6a91ed1af903,24,947,947,4091,1344,4.47,1.40,1.79,7.66
418feb2d-0819-472f-8ac8-4c9ca3858773,NewRichTextDocument1,3206,652d389b-0618-45c8-b57a-6c6777da1fc6,24,986,986,3940,1325,4.35,1.47,1.80,7.63
418feb2d-0819-472f-8ac8-4c9ca3858773,NewRichTextDocument1,3207,3c2eb56c-cfc8-4007-b6e7-43d22f0e7ab4,24,1071,1071,4161,1450,4.65,1.63,2.00,8.28
418feb2d-0819-472f-8ac8-4c9ca3858773,NewRichTextDocument1,3208,70bf867a-7a86-4944-b471-cfa06dea4869,24,863,863,3891,1230,4.22,1.26,1.62,7.10
418feb2d-0819-472f-8ac8-4c9ca3858773,NewRichTextDocument1,3209,44d87a6c-2db7-448c-8992-5f82e9d341f8,24,898,898,3908,1255,4.27,1.33,1.68,7.28
418feb2d-0819-472f-8ac8-4c9ca3858773,NewRichTextDocument1,3210,b63d8d58-0979-4ba3-ad95-afea4554e8ce,24,968,968,3911,1302,4.34,1.47,1.80,7.61
418feb2d-0819-472f-8ac8-4c9ca3858773,NewRichTextDocument1,3211,4fb25248-297e-448e-ac32-868b9eb6f101,24,1071,1071,4102,1432,4.59,1.63,1.99,8.22
418feb2d-0819-472f-8ac8-4c9ca3858773,NewRichTextDocument1,3212,ab34d47f-5113-4fb8-841f-6ab9b1441062,24,884,884,4057,1290,4.42,1.32,1.72,7.45
418feb2d-0819-472f-8ac8-4c9ca3858773,NewRichTextDocument1,3213,a5bc4834-232b-4718-93d9-02a121751d8c,24,936,936,3993,1306,4.39,1.41,1.77,7.57
418feb2d-0819-472f-8ac8-4c9ca3858773,NewRichTextDocument1,3214,58838d74-9bfb-4a9d-a614-d8b94505cb00,24,865,865,4067,1280,4.40,1.27,1.68,7.35
418feb2d-0819-472f-8ac8-4c9ca3858773,NewRichTextDocument1,3215,bafb7262-72e7-4e0f-9fa5-c0d1ce13e191,24,968,968,4230,1401,4.66,1.47,1.90,8.03
418feb2d-0819-472f-8ac8-4c9ca3858773,NewRichTextDocument1,3216,ad1fa876-d71d-4fb0-b108-7d7593c80c5e,24,1225,1225,4534,1684,5.00,1.77,2.21,8.98
418feb2d-0819-472f-8ac8-4c9ca3858773,NewRichTextDocument1,3217,cfbbcb4b-8926-4a66-a734-33aa5c3382a5,24,930,930,4163,1362,4.50,1.34,1.76,7.60
418feb2d-0819-472f-8ac8-4c9ca3858773,NewRichTextDocument1,3218,359c8aca-806f-4c7c-a6c4-a83fb0facb68,24,1020,1020,4369,1480,4.78,1.51,1.96,8.25
418feb2d-0819-472f-8ac8-4c9ca3858773,NewRichTextDocument1,3219,6c1c608f-f0f7-4df5-9412-1d59c762f481,24,989,989,4019,1350,4.42,1.46,1.81,7.69
418feb2d-0819-472f-8ac8-4c9ca3858773,NewRichTextDocument1,3220,90bf2b0d-b317-4468-bde7-7190c0f7250f,24,861,861,3879,1223,4.22,1.28,1.63,7.13
418feb2d-0819-472f-8ac8-4c9ca3858773,NewRichTextDocument1,3221,e27108dd-5807-4fbb-8a28-40c84987366d,24,784,784,3820,1150,4.10,1.13,1.49,6.72
418feb2d-0819-472f-8ac8-4c9ca3858773,NewRichTextDocument1,3222,04415460-5308-4f6b-b0ea-f7d234e5612f,24,1033,1033,4296,1466,4.73,1.54,1.96,8.23
418feb2d-0819-472f-8ac8-4c9ca3858773,NewRichTextDocument1,3223,6e7a0a05-baad-458e-bf58-c11046c5b1d6,24,924,924,4069,1321,4.42,1.34,1.73,7.49
418feb2d-0819-472f-8ac8-4c9ca3858773,NewRichTextDocument1,3224,1e3f5787-691f-4572-ab6e-4a1bad184d90,24,896,896,4070,1302,4.42,1.32,1.71,7.45
418feb2d-0819-472f-8ac8-4c9ca3858773,NewRichTextDocument1,3225,a163cc82-c111-4b5c-bdd1-0d59d744a691,24,1038,1038,4157,1426,4.60,1.55,1.93,8.08
418feb2d-0819-472f-8ac8-4c9ca3858773,NewRichTextDocument1,3226,39b06a31-c94b-4278-8a2a-ad374a7954f0,24,919,919,3949,1280,4.33,1.37,1.72,7.43
418feb2d-0819-472f-8ac8-4c9ca3858773,NewRichTextDocument1,3227,73c433a1-8b38-4b42-b40b-a97801c6199d,24,821,821,3848,1182,4.15,1.19,1.54,6.88
418feb2d-0819-472f-8ac8-4c9ca3858773,NewRichTextDocument1,3228,080dfe70-a4c0-42e2-a280-8c005f49326c,24,859,859,3926,1234,4.26,1.27,1.63,7.16
418feb2d-0819-472f-8ac8-4c9ca3858773,NewRichTextDocument1,3229,e5909a24-94a6-4087-8cad-7363a837abae,24,897,897,3954,1267,4.32,1.33,1.70,7.35
418feb2d-0819-472f-8ac8-4c9ca3858773,NewRichTextDocument1,3230,d80fbe48-d976-4339-aa3d-1db9b12609b0,24,928,928,4072,1325,4.44,1.37,1.75,7.56
418feb2d-0819-472f-8ac8-4c9ca3858773,NewRichTextDocument1,3231,5061de9e-b963-4d88-a96a-465a4776bc57,24,1651,1651,4720,2027,5.78,2.78,3.15,11.71
418feb2d-0819-472f-8ac8-4c9ca3858773,NewRichTextDocument1,3232,c336e283-0b66-4f7c-b910-908c778ad332,24,4186,4186,7167,4701,9.86,6.98,7.45,24.29
418feb2d-0819-472f-8ac8-4c9ca3858773,NewRichTextDocument1,3233,90f82640-c2ae-44ef-b522-1b112d5ad1a0,24,1790,1790,4832,2151,5.81,2.84,3.19,11.84
418feb2d-0819-472f-8ac8-4c9ca3858773,NewRichTextDocument1,3234,29b8e8f2-fcd6-44b4-9782-b6c37f87a3c7,24,1185,1185,4228,1557,4.77,1.80,2.16,8.73
418feb2d-0819-472f-8ac8-4c9ca3858773,NewRichTextDocument1,3235,0026c38c-71a4-44fe-a7b2-d0c1dd486292,24,1411,1411,4511,1802,5.16,2.13,2.51,9.79
418feb2d-0819-472f-8ac8-4c9ca3858773,NewRichTextDocument1,3236,6e54a3b6-0377-472c-a6df-7c0e2e2ef9e0,24,1234,1234,4374,1632,4.94,1.88,2.27,9.09
418feb2d-0819-472f-8ac8-4c9ca3858773,NewRichTextDocument1,3237,36e86ad5-84a9-44e9-b64c-db1b2a73e804,24,1616,1616,4869,2056,5.63,2.45,2.88,10.96
418feb2d-0819-472f-8ac8-4c9ca3858773,NewRichTextDocument1,3238,9edcffed-0baa-4b30-ad72-a996690d185d,24,1076,1076,4130,1447,4.52,1.54,1.90,7.96
418feb2d-0819-472f-8ac8-4c9ca3858773,NewRichTextDocument1,3239,9740e433-9657-46f3-a658-7997b7afd7f7,24,958,958,3988,1319,4.41,1.45,1.80,7.66
418feb2d-0819-472f-8ac8-4c9ca3858773,NewRichTextDocument1,3240,a41b6265-0c9d-4004-8398-9bf02991c9b9,24,934,934,3904,1277,4.31,1.41,1.74,7.46
418feb2d-0819-472f-8ac8-4c9ca3858773,NewRichTextDocument1,3241,4806e897-f751-465b-a6e4-d028179d1311,24,1340,1340,4588,1773,5.28,2.11,2.53,9.92
418feb2d-0819-472f-8ac8-4c9ca3858773,NewRichTextDocument1,3242,bcac97dc-ad8a-42e3-8359-6c15c2ebfe41,24,1257,1257,4370,1646,4.96,1.93,2.30,9.19
418feb2d-0819-472f-8ac8-4c9ca3858773,NewRichTextDocument1,3243,b662dbeb-8f78-42c1-89cd-af3bb45ff459,24,1250,1250,4372,1638,5.00,1.95,2.33,9.27
418feb2d-0819-472f-8ac8-4c9ca3858773,NewRichTextDocument1,3244,0937176f-096d-4dba-8dae-c6e5e2d96ff1,24,1018,1018,4097,1398,4.55,1.54,1.91,8.00
418feb2d-0819-472f-8ac8-4c9ca3858773,NewRichTextDocument1,3245,8db65196-f2f0-4d9a-9eab-ce55d103bc05,24,733,733,3643,1058,3.89,1.05,1.37,6.31
418feb2d-0819-472f-8ac8-4c9ca3858773,NewRichTextDocument1,3246,fbac562f-7f1a-43c4-9bb2-b1831dd29024,24,972,972,4040,1347,4.45,1.46,1.82,7.74
418feb2d-0819-472f-8ac8-4c9ca3858773,NewRichTextDocument1,3247,43a7f8d7-d452-4ec6-bc5e-809186e604cb,24,1118,1118,4091,1461,4.63,1.73,2.07,8.43
418feb2d-0819-472f-8ac8-4c9ca3858773,NewRichTextDocument1,3248,42c3c2e1-c6c1-4b19-878a-83063845904a,24,963,963,3963,1319,4.31,1.38,1.73,7.42
418feb2d-0819-472f-8ac8-4c9ca3858773,NewRichTextDocument1,3249,806fccb6-7985-49a5-8f49-6e406f570a81,24,943,943,3971,1304,4.36,1.40,1.75,7.52
418feb2d-0819-472f-8ac8-4c9ca3858773,NewRichTextDocument1,3250,b8648dd2-f009-476f-a473-4077cdde5adb,24,993,993,4082,1377,4.46,1.45,1.82,7.73
418feb2d-0819-472f-8ac8-4c9ca3858773,NewRichTextDocument1,3251,065e86df-863b-4e95-ba77-b6d8f451a6b5,24,2222,2222,5660,2705,6.94,3.58,4.05,14.58
418feb2d-0819-472f-8ac8-4c9ca3858773,NewRichTextDocument1,3252,b542aa5c-f586-498c-9db3-b47ec0119261,24,966,966,3994,1327,4.42,1.46,1.81,7.68
418feb2d-0819-472f-8ac8-4c9ca3858773,NewRichTextDocument1,3253,e6a7d648-8303-4252-8eb4-b29485dba513,24,955,955,3955,1307,4.36,1.43,1.78,7.57
418feb2d-0819-472f-8ac8-4c9ca3858773,NewRichTextDocument1,3254,4ceeaa16-76cb-4931-9b33-d3af3b429341,24,1005,1005,4006,1357,4.45,1.52,1.86,7.83
418feb2d-0819-472f-8ac8-4c9ca3858773,NewRichTextDocument1,3255,0bbaada5-7f0e-4d2e-abe9-fff74ed9237e,24,1199,1199,4252,1570,4.81,1.83,2.19,8.84
418feb2d-0819-472f-8ac8-4c9ca3858773,NewRichTextDocument1,3256,3dbfe700-3347-4d52-92f4-a6c8cc179c7b,24,1274,1274,4366,1658,4.97,1.95,2.33,9.25
418feb2d-0819-472f-8ac8-4c9ca3858773,NewRichTextDocument1,3257,2792afc9-7f65-486c-8123-cacd12893521,24,1274,1274,4406,1673,5.03,1.98,2.36,9.37
418feb2d-0819-472f-8ac8-4c9ca3858773,NewRichTextDocument1,3258,d3e09c6f-4db3-47f9-bc59-053bb2f25b64,24,936,936,3908,1279,4.31,1.41,1.74,7.46
418feb2d-0819-472f-8ac8-4c9ca3858773,NewRichTextDocument1,3259,e3214da3-18d3-493f-a402-9fc765016e05,24,915,915,3984,1296,4.35,1.35,1.72,7.42
418feb2d-0819-472f-8ac8-4c9ca3858773,NewRichTextDocument1,3260,18cf3ca0-c313-4c58-a2fd-43f5aa4865af,24,944,944,4003,1314,4.40,1.41,1.77,7.57
418feb2d-0819-472f-8ac8-4c9ca3858773,NewRichTextDocument1,3261,fafa23d9-b5e0-41a2-ab03-2d8e213b95de,24,965,965,4093,1364,4.49,1.44,1.82,7.75
418feb2d-0819-472f-8ac8-4c9ca3858773,NewRichTextDocument1,3262,6c3eaa8b-6427-404f-a71e-2a66915c886e,24,870,870,3859,1223,4.13,1.21,1.55,6.89
418feb2d-0819-472f-8ac8-4c9ca3858773,NewRichTextDocument1,3263,d92ea475-71d0-41c8-8680-4b43f18dbbb4,24,1081,1081,4169,1460,4.67,1.66,2.03,8.35
418feb2d-0819-472f-8ac8-4c9ca3858773,NewRichTextDocument1,3264,02b3c1b5-0562-401c-a88d-61d1ec929aee,24,1147,1147,4207,1517,4.76,1.77,2.13,8.66
418feb2d-0819-472f-8ac8-4c9ca3858773,NewRichTextDocument1,3265,711d3158-c317-4d28-92a2-9875cec75dc8,24,1008,1008,3951,1342,4.37,1.50,1.82,7.69
418feb2d-0819-472f-8ac8-4c9ca3858773,NewRichTextDocument1,3266,7c5150eb-5e12-463a-b346-04b4e19e085d,24,894,894,3942,1265,4.31,1.33,1.69,7.33
418feb2d-0819-472f-8ac8-4c9ca3858773,NewRichTextDocument1,3267,44ec7fc8-5c80-433f-a1c8-e78f347318a1,24,1340,1340,4532,1763,5.15,2.04,2.44,9.62
418feb2d-0819-472f-8ac8-4c9ca3858773,NewRichTextDocument1,3268,55338a1f-7c16-4c75-93e8-44a7710023d3,24,1673,1673,4943,2119,5.68,2.49,2.92,11.09
418feb2d-0819-472f-8ac8-4c9ca3858773,NewRichTextDocument1,3269,85cf305a-3844-4afd-bf0b-3eef2195e726,24,1142,1142,4378,1572,4.88,1.72,2.14,8.73
418feb2d-0819-472f-8ac8-4c9ca3858773,NewRichTextDocument1,3270,99ec251c-90d2-472a-9648-e0004ddcc3d2,24,1245,1245,4434,1656,5.05,1.93,2.33,9.31
418feb2d-0819-472f-8ac8-4c9ca3858773,NewRichTextDocument1,3271,54cdbc8b-aa2a-4410-8779-1a3ebe01d072,24,1087,1087,4257,1500,4.65,1.55,1.95,8.15
418feb2d-0819-472f-8ac8-4c9ca3858773,NewRichTextDocument1,3272,9c41114f-df87-4d7a-888c-33885fdcfddf,24,849,849,4050,1264,4.38,1.25,1.66,7.29
418feb2d-0819-472f-8ac8-4c9ca3858773,NewRichTextDocument1,3273,25000b2d-9659-4f53-86bf-46dc89ad3608,24,1105,1105,4165,1475,4.69,1.70,2.07,8.46
418feb2d-0819-472f-8ac8-4c9ca3858773,NewRichTextDocument1,3274,330622eb-4233-4fa0-93f7-2576e0e579d0,24,1073,1073,4085,1430,4.59,1.65,2.00,8.24
418feb2d-0819-472f-8ac8-4c9ca3858773,NewRichTextDocument1,3275,377fff9c-6090-444e-bc7b-63b68b473450,24,994,994,4140,1391,4.58,1.51,1.90,7.99
418feb2d-0819-472f-8ac8-4c9ca3858773,NewRichTextDocument1,3276,47bf1bf3-33e5-4b62-8339-3be955596f1c,24,1058,1058,4313,1498,4.75,1.58,2.00,8.32
418feb2d-0819-472f-8ac8-4c9ca3858773,NewRichTextDocument1,3277,4a4bfcfa-0648-4659-a639-8bee9f763f04,24,904,904,3817,1229,4.21,1.37,1.68,7.26
418feb2d-0819-472f-8ac8-4c9ca3858773,NewRichTextDocument1,3278,5d33ec6e-9f0a-49af-98e9-f78272221314,24,1080,1080,4111,1441,4.65,1.69,2.05,8.39
418feb2d-0819-472f-8ac8-4c9ca3858773,NewRichTextDocument1,3279,3a2703c4-b063-4f99-9f98-d374d28d0501,24,1164,1164,4284,1552,4.87,1.82,2.20,8.90
418feb2d-0819-472f-8ac8-4c9ca3858773,NewRichTextDocument1,3280,afba3c25-39a0-4821-8025-73476f1cad17,24,1124,1124,4329,1539,4.86,1.73,2.14,8.73
418feb2d-0819-472f-8ac8-4c9ca3858773,NewRichTextDocument1,3281,d8e754c7-c776-492a-823e-1c20092f4355,24,737,737,3705,1080,3.97,1.08,1.41,6.46
418feb2d-0819-472f-8ac8-4c9ca3858773,NewRichTextDocument1,3282,ea52710b-8443-46c7-a787-4d392018a414,24,924,924,3924,1276,4.32,1.39,1.73,7.44
418feb2d-0819-472f-8ac8-4c9ca3858773,NewRichTextDocument1,3283,9cff5aa6-2219-492a-a068-4f462808da0d,24,906,906,3973,1281,4.31,1.32,1.68,7.31
418feb2d-0819-472f-8ac8-4c9ca3858773,NewRichTextDocument1,3284,7265b285-bb17-4967-a95a-509401a5981b,24,826,826,3875,1197,4.17,1.19,1.55,6.90
418feb2d-0819-472f-8ac8-4c9ca3858773,NewRichTextDocument1,3285,4a0a1995-7e09-4a86-964e-60e84844a597,24,1542,1542,4831,1990,5.66,2.45,2.88,10.99
418feb2d-0819-472f-8ac8-4c9ca3858773,NewRichTextDocument1,3286,d38abee2-7eba-45e0-a514-9266e85fe471,24,1190,1190,4360,1603,4.91,1.82,2.22,8.94
418feb2d-0819-472f-8ac8-4c9ca3858773,NewRichTextDocument1,3287,ab8647ed-eb38-4991-965f-0f9c3d8edf8d,24,823,823,3822,1175,4.13,1.20,1.54,6.87
418feb2d-0819-472f-8ac8-4c9ca3858773,NewRichTextDocument1,3288,76b7473d-b544-4e06-ae0d-aed6c616c304,24,1093,1093,4212,1481,4.74,1.70,2.08,8.51
418feb2d-0819-472f-8ac8-4c9ca3858773,NewRichTextDocument1,3289,342e0e73-7fb8-47d3-a1c8-33ef74586efa,24,1016,1016,4085,1391,4.57,1.58,1.94,8.09
418feb2d-0819-472f-8ac8-4c9ca3858773,NewRichTextDocument1,3290,141e7625-b60c-4a28-a7c3-a69c552a09b3,24,1053,1053,4326,1497,4.75,1.56,1.99,8.30
418feb2d-0819-472f-8ac8-4c9ca3858773,NewRichTextDocument1,3291,d6edde4b-d238-4788-b4ea-5638e93aea62,24,1116,1116,4206,1495,4.73,1.72,2.09,8.54
418feb2d-0819-472f-8ac8-4c9ca3858773,NewRichTextDocument1,3292,b92e4459-9ea2-4a7f-b6f0-2b9f748dcd7e,24,1107,1107,4227,1495,4.74,1.70,2.08,8.52
418feb2d-0819-472f-8ac8-4c9ca3858773,NewRichTextDocument1,3293,a6bea750-f74b-4292-a14b-d1a2569fa1a9,24,1276,1276,4542,1715,5.13,1.94,2.37,9.44
418feb2d-0819-472f-8ac8-4c9ca3858773,NewRichTextDocument1,3294,45cb0562-673a-43bd-b04a-de63a1193934,24,1143,1143,4331,1560,4.88,1.78,2.18,8.84
418feb2d-0819-472f-8ac8-4c9ca3858773,NewRichTextDocument1,3295,5c9800a2-94e4-4826-ad6f-5aa86a1360fd,24,1024,1024,4104,1404,4.57,1.56,1.93,8.06
418feb2d-0819-472f-8ac8-4c9ca3858773,NewRichTextDocument1,3296,7e26d912-6bb6-4d8d-9515-3b577a5d68a9,24,882,882,3852,1225,4.22,1.32,1.65,7.19
418feb2d-0819-472f-8ac8-4c9ca3858773,NewRichTextDocument1,3297,baaa5c53-b3cf-4719-b41a-35d097794149,24,1287,1287,4302,1644,4.92,1.98,2.32,9.22
418feb2d-0819-472f-8ac8-4c9ca3858773,NewRichTextDocument1,3298,c64eb39c-d1e6-45a7-821b-aab71b643c7a,24,1013,1013,4074,1383,4.55,1.56,1.92,8.02
418feb2d-0819-472f-8ac8-4c9ca3858773,NewRichTextDocument1,3299,dd4dd59c-4da3-4579-8c56-48fd5b35fb11,24,897,897,3706,1197,4.12,1.38,1.67,7.17
418feb2d-0819-472f-8ac8-4c9ca3858773,NewRichTextDocument1,3300,06e5f0df-2a89-4252-b937-6ceba4aef784,24,1117,1117,4206,1627,4.75,1.74,2.24,8.73
418feb2d-0819-472f-8ac8-4c9ca3858773,NewRichTextDocument1,3301,5e8c7ea6-0536-48e2-b611-2be4b81df202,24,1025,1025,4114,1415,4.55,1.54,1.92,8.01
418feb2d-0819-472f-8ac8-4c9ca3858773,NewRichTextDocument1,3302,68794e3a-b3ff-41c6-81c1-9fcbbde25e65,24,1198,1198,4298,1582,4.89,1.86,2.24,8.99
418feb2d-0819-472f-8ac8-4c9ca3858773,NewRichTextDocument1,3303,0c7dffdc-0eb8-4284-ac91-d7be1d51ca7d,24,1031,1031,4130,1420,4.62,1.59,1.97,8.18
418feb2d-0819-472f-8ac8-4c9ca3858773,NewRichTextDocument1,3304,90ed2963-e30a-4dad-8cc0-3048275cb55e,24,1353,1353,4370,1710,5.11,2.17,2.51,9.79
418feb2d-0819-472f-8ac8-4c9ca3858773,NewRichTextDocument1,3305,5a439df5-6c40-402c-aec7-4fe3f55d37b8,24,1042,1042,4054,1399,4.58,1.64,1.98,8.20
418feb2d-0819-472f-8ac8-4c9ca3858773,NewRichTextDocument1,3306,d33e428e-80c6-4b10-bda9-9e55d933303e,24,1080,1080,4131,1456,4.65,1.68,2.04,8.37
418feb2d-0819-472f-8ac8-4c9ca3858773,NewRichTextDocument1,3307,b12b2e1d-c20b-4f11-93cb-245343bc4a27,24,913,913,3857,1247,4.27,1.39,1.72,7.38
418feb2d-0819-472f-8ac8-4c9ca3858773,NewRichTextDocument1,3308,0eadd050-ff8c-4b79-b6e9-aee24d535b8a,24,895,895,3923,1256,4.33,1.37,1.72,7.42
418feb2d-0819-472f-8ac8-4c9ca3858773,NewRichTextDocument1,3309,9b509703-9330-4077-8eee-3a367deffb08,24,1022,1022,4133,1411,4.58,1.54,1.92,8.03
418feb2d-0819-472f-8ac8-4c9ca3858773,NewRichTextDocument1,3310,d74423b8-1851-4c66-8444-7be2e145091a,24,1287,1287,4467,1699,5.11,2.00,2.40,9.51
418feb2d-0819-472f-8ac8-4c9ca3858773,NewRichTextDocument1,3311,ed18fd89-d61e-4045-b89e-cd61154b689b,24,797,797,3823,1158,4.14,1.19,1.54,6.87
418feb2d-0819-472f-8ac8-4c9ca3858773,NewRichTextDocument1,3312,dd7243a6-d8f2-449c-b50b-2c6e082aa964,24,1328,1328,4433,1718,5.09,2.06,2.44,9.58
418feb2d-0819-472f-8ac8-4c9ca3858773,NewRichTextDocument1,3313,2453a3cf-b7ca-4bfa-b1c4-1796c847e84f,24,954,954,3857,1280,4.32,1.49,1.81,7.62
418feb2d-0819-472f-8ac8-4c9ca3858773,NewRichTextDocument1,3314,97c7b374-8254-4527-837e-1428548bef70,24,993,993,4023,1360,4.47,1.51,1.87,7.86
418feb2d-0819-472f-8ac8-4c9ca3858773,NewRichTextDocument1,3315,c0abc46d-81ec-4007-993f-d81d2995d69e,24,1073,1073,4104,1434,4.61,1.65,2.00,8.26
418feb2d-0819-472f-8ac8-4c9ca3858773,NewRichTextDocument1,3316,ab21428a-8e4b-4307-80f5-a58f05aab971,24,1037,1037,3962,1367,4.44,1.58,1.91,7.93
418feb2d-0819-472f-8ac8-4c9ca3858773,NewRichTextDocument1,3317,b854491e-cd51-4d0d-af0f-d8c7bedfa211,24,913,913,3884,1256,4.28,1.38,1.72,7.38
418feb2d-0819-472f-8ac8-4c9ca3858773,NewRichTextDocument1,3318,0475eac7-1d28-4b83-8080-654ac55f9dab,24,1124,1124,4186,1494,4.72,1.73,2.10,8.55
418feb2d-0819-472f-8ac8-4c9ca3858773,NewRichTextDocument1,3319,b17214f5-69ff-44aa-a53f-2b4dbe092109,24,996,996,4025,1357,4.46,1.50,1.86,7.82
418feb2d-0819-472f-8ac8-4c9ca3858773,NewRichTextDocument1,3320,fb58e258-680b-47a0-8040-c13eacd15c64,24,879,879,3936,1249,4.29,1.30,1.66,7.25
418feb2d-0819-472f-8ac8-4c9ca3858773,NewRichTextDocument1,3321,51605ba0-4047-4783-99fd-1cd276e4c1dd,24,858,858,3944,1237,4.32,1.31,1.68,7.30
418feb2d-0819-472f-8ac8-4c9ca3858773,NewRichTextDocument1,3322,0ebfd441-cf17-4d20-a051-92d55f768f25,24,900,900,3957,1270,4.34,1.35,1.71,7.40
418feb2d-0819-472f-8ac8-4c9ca3858773,NewRichTextDocument1,3323,7d7a9841-7c79-4f9a-9462-07e2695dc881,24,978,978,4037,1348,4.47,1.48,1.84,7.79
418feb2d-0819-472f-8ac8-4c9ca3858773,NewRichTextDocument1,3324,bd362350-3c00-43f2-873b-74172c7bda2c,24,867,867,3866,1219,4.22,1.29,1.63,7.14
418feb2d-0819-472f-8ac8-4c9ca3858773,NewRichTextDocument1,3325,cb6f2505-51fc-410b-a670-bd10629dbc83,24,955,955,3983,1316,4.41,1.45,1.80,7.66
418feb2d-0819-472f-8ac8-4c9ca3858773,NewRichTextDocument1,3326,bc8d7c74-59e5-4b12-bd02-e4c26f25ab49,24,957,957,4045,1336,4.46,1.45,1.82,7.72
418feb2d-0819-472f-8ac8-4c9ca3858773,NewRichTextDocument1,3327,9637bae5-91a3-4d4a-a462-e1e5f63c75c1,24,1125,1125,4109,1472,4.60,1.69,2.02,8.31
418feb2d-0819-472f-8ac8-4c9ca3858773,NewRichTextDocument1,3328,a582d17b-a3f5-4d3c-b135-7b6dfc0d16fe,24,920,920,3890,1268,4.33,1.43,1.77,7.53
418feb2d-0819-472f-8ac8-4c9ca3858773,NewRichTextDocument1,3329,d4cc4a1a-4b88-4ec3-a7b9-b46ac1be61a7,24,938,938,3966,1299,4.40,1.44,1.79,7.64
418feb2d-0819-472f-8ac8-4c9ca3858773,NewRichTextDocument1,3330,af0ddb4c-e183-43e7-8702-4c076b6824ab,24,1003,1003,4005,1355,4.48,1.55,1.89,7.92
418feb2d-0819-472f-8ac8-4c9ca3858773,NewRichTextDocument1,3331,ca246907-a4fb-44c8-a1fe-ae8accc8a328,24,1209,1209,4378,1616,4.95,1.86,2.26,9.07
418feb2d-0819-472f-8ac8-4c9ca3858773,NewRichTextDocument1,3332,76774ca2-69f6-47c6-9a47-6f447c56061f,24,993,993,4052,1363,4.51,1.52,1.88,7.91
418feb2d-0819-472f-8ac8-4c9ca3858773,NewRichTextDocument1,3333,5425a070-db2b-44d6-808c-1edb37c912e2,24,959,959,4133,1365,4.58,1.48,1.88,7.94
418feb2d-0819-472f-8ac8-4c9ca3858773,NewRichTextDocument1,3334,27cab909-428b-424c-8949-5773ffa1b0db,24,877,877,4109,1301,4.47,1.32,1.73,7.53
418feb2d-0819-472f-8ac8-4c9ca3858773,NewRichTextDocument1,3335,5ef51d66-8516-43e2-9caa-19f574ee3710,24,867,867,3952,1246,4.32,1.30,1.67,7.30
418feb2d-0819-472f-8ac8-4c9ca3858773,NewRichTextDocument1,3336,6f8b0ea2-346a-48b7-abf1-6a1ad721c199,24,1166,1166,4373,1581,4.97,1.84,2.25,9.07
418feb2d-0819-472f-8ac8-4c9ca3858773,NewRichTextDocument1,3337,25f6f4fe-24c8-4a7a-9b18-c33ffec558c4,24,1017,1017,4063,1384,4.49,1.52,1.88,7.89
418feb2d-0819-472f-8ac8-4c9ca3858773,NewRichTextDocument1,3338,83cc9286-b4e4-4bcf-b87b-30dd60bc47a8,24,1092,1092,4182,1471,4.73,1.71,2.08,8.51
418feb2d-0819-472f-8ac8-4c9ca3858773,NewRichTextDocument1,3339,faeff505-7246-4216-9ef6-7b946b59f094,24,932,932,4020,1311,4.42,1.40,1.77,7.59
418feb2d-0819-472f-8ac8-4c9ca3858773,NewRichTextDocument1,3340,6ab1255b-0e39-47ff-a8b0-10eca831c197,24,894,894,4040,1291,4.36,1.29,1.67,7.32
418feb2d-0819-472f-8ac8-4c9ca3858773,NewRichTextDocument1,3341,604b1a4f-0e01-4ce0-b026-0e2aaaea77be,24,1095,1095,4328,1519,4.83,1.67,2.09,8.59
418feb2d-0819-472f-8ac8-4c9ca3858773,NewRichTextDocument1,3342,830fb341-6a47-4252-8a2f-7932f104ee27,24,1147,1147,4123,1490,4.72,1.81,2.14,8.67
418feb2d-0819-472f-8ac8-4c9ca3858773,NewRichTextDocument1,3343,3876f077-5f52-41fc-9444-c8502b62e91b,24,1100,1100,4377,1544,4.83,1.63,2.06,8.51
418feb2d-0819-472f-8ac8-4c9ca3858773,NewRichTextDocument1,3344,83cbe360-505c-4a9e-9260-6a3e9e88de32,24,906,906,3935,1267,4.32,1.36,1.71,7.39
418feb2d-0819-472f-8ac8-4c9ca3858773,NewRichTextDocument1,3345,3f982eda-5a6d-46ad-b165-d8d50eb73250,24,811,811,3751,1145,4.08,1.21,1.53,6.82
418feb2d-0819-472f-8ac8-4c9ca3858773,NewRichTextDocument1,3346,10b237dc-5251-4cd6-b60b-6d37c8182c9b,24,873,873,3958,1252,4.35,1.33,1.70,7.38
418feb2d-0819-472f-8ac8-4c9ca3858773,NewRichTextDocument1,3347,b7fde668-0406-4826-bf91-5cb7cca48bf2,24,907,907,4051,1304,4.45,1.38,1.77,7.60
418feb2d-0819-472f-8ac8-4c9ca3858773,NewRichTextDocument1,3348,e8001b15-bbf4-45cf-b78d-013ae612c5b6,24,894,894,4067,1300,4.45,1.35,1.75,7.55
418feb2d-0819-472f-8ac8-4c9ca3858773,NewRichTextDocument1,3349,4f504e50-2e44-4f06-bf64-fc32b5596ac4,24,1133,1133,4359,1557,4.87,1.72,2.13,8.71
418feb2d-0819-472f-8ac8-4c9ca3858773,NewRichTextDocument1,3350,077efcc4-5457-46c8-b8d8-5d1c105722b0,24,1119,1119,4362,1548,4.92,1.75,2.17,8.84
418feb2d-0819-472f-8ac8-4c9ca3858773,NewRichTextDocument1,3351,7797978e-e0b4-4c5b-997b-49ee4c6ae005,24,933,933,3990,1303,4.42,1.43,1.79,7.65
418feb2d-0819-472f-8ac8-4c9ca3858773,NewRichTextDocument1,3352,c688bb10-230f-4920-81f5-a875a054965d,24,1509,1509,4701,1920,5.55,2.44,2.84,10.83
418feb2d-0819-472f-8ac8-4c9ca3858773,NewRichTextDocument1,3353,3ed6b34c-e769-490e-b771-0a0396698aa1,24,1143,1143,4349,1558,4.95,1.81,2.22,8.98
418feb2d-0819-472f-8ac8-4c9ca3858773,NewRichTextDocument1,3354,90fbf000-6356-47b8-b860-9e237c47ee48,24,1201,1201,4203,1553,4.87,1.93,2.28,9.08
418feb2d-0819-472f-8ac8-4c9ca3858773,NewRichTextDocument1,3355,66ff0f22-4fd9-47db-92e9-9748fc522981,24,1196,1196,4374,1602,5.00,1.90,2.30,9.20
418feb2d-0819-472f-8ac8-4c9ca3858773,NewRichTextDocument1,3356,44a78b2e-8335-4abc-bee7-e0fd00f2b129,24,1187,1187,4306,1575,4.93,1.88,2.26,9.08
418feb2d-0819-472f-8ac8-4c9ca3858773,NewRichTextDocument1,3357,c06c354c-e403-4be3-8f0a-215ef5ac4380,24,930,930,3987,1300,4.40,1.42,1.78,7.60
418feb2d-0819-472f-8ac8-4c9ca3858773,NewRichTextDocument1,3358,0527873c-79c6-4a08-a349-66e105df5280,24,1522,1522,4648,1910,5.53,2.48,2.86,10.86
418feb2d-0819-472f-8ac8-4c9ca3858773,NewRichTextDocument1,3359,565773f1-30dc-4dee-82e6-3ac2439d720e,24,1094,1094,4182,1473,4.74,1.73,2.10,8.57
418feb2d-0819-472f-8ac8-4c9ca3858773,NewRichTextDocument1,3360,5de5b44c-b616-4222-b43c-14d7318eb707,24,1055,1055,4143,1434,4.67,1.65,2.02,8.34
418feb2d-0819-472f-8ac8-4c9ca3858773,NewRichTextDocument1,3361,1a519805-0973-447c-bcb4-180a847bbae2,24,950,950,4095,1347,4.53,1.46,1.84,7.83
418feb2d-0819-472f-8ac8-4c9ca3858773,NewRichTextDocument1,3362,b572ce3c-10da-473c-974c-3c029b4f59ed,24,1121,1121,4201,1501,4.80,1.80,2.17,8.77
418feb2d-0819-472f-8ac8-4c9ca3858773,NewRichTextDocument1,3363,1a682c2e-033b-49db-b098-cd31ee3196f1,24,2179,2179,4798,2815,6.32,3.77,4.39,14.48
418feb2d-0819-472f-8ac8-4c9ca3858773,NewRichTextDocument1,3364,6813d5ce-bf3c-448a-81e6-8a7b96c8786e,24,4720,4720,7142,5018,10.67,8.31,8.60,27.59
418feb2d-0819-472f-8ac8-4c9ca3858773,NewRichTextDocument1,3365,ab43b0c9-1919-437c-9916-8fe97200a59d,24,7953,7953,10466,8271,16.65,14.20,14.50,45.35
418feb2d-0819-472f-8ac8-4c9ca3858773,NewRichTextDocument1,3366,f0fd7bfe-2f75-4fff-b053-4ce2b61abdac,24,7690,7690,10147,8116,16.11,13.71,14.13,43.95
418feb2d-0819-472f-8ac8-4c9ca3858773,NewRichTextDocument1,3367,e32b25dd-7bb4-4a9a-9f68-d6eb224a26c8,24,4385,4385,6801,4683,10.11,7.76,8.04,25.91
418feb2d-0819-472f-8ac8-4c9ca3858773,NewRichTextDocument1,3368,edfa2613-7744-4f23-b607-d35be69f3cb2,24,5167,5167,7579,5455,11.53,9.18,9.46,30.17
418feb2d-0819-472f-8ac8-4c9ca3858773,NewRichTextDocument1,3369,10e5d42f-d563-4967-85aa-bcbc3c293981,24,4563,4563,6945,4841,10.39,8.06,8.34,26.79
418feb2d-0819-472f-8ac8-4c9ca3858773,NewRichTextDocument1,3370,9d89aea0-c3fd-4809-83fc-6248b28f7aca,24,4656,4656,7039,4932,10.55,8.22,8.49,27.26
418feb2d-0819-472f-8ac8-4c9ca3858773,NewRichTextDocument1,3371,caf77b64-996d-402a-bfa3-b2e8dea67736,24,4637,4637,7017,5044,10.51,8.18,8.58,27.27
418feb2d-0819-472f-8ac8-4c9ca3858773,NewRichTextDocument1,3372,b4fabe5d-f41c-411b-ba80-b95f0b9cd718,24,5287,5287,7701,5573,11.73,9.37,9.65,30.75
418feb2d-0819-472f-8ac8-4c9ca3858773,NewRichTextDocument1,3373,7544c6d0-ca27-46bb-9f61-1d41955e3dec,24,3614,3614,5985,3759,8.69,6.38,6.52,21.59
418feb2d-0819-472f-8ac8-4c9ca3858773,NewRichTextDocument1,3374,bdd0e495-7376-45db-8085-e7e2899bbeb0,24,2976,2976,5392,3282,7.60,5.24,5.54,18.37
418feb2d-0819-472f-8ac8-4c9ca3858773,NewRichTextDocument1,3375,68564664-13f2-432d-b848-a1050ac9e0b4,24,4871,4871,7255,5282,10.95,8.62,9.02,28.58
418feb2d-0819-472f-8ac8-4c9ca3858773,NewRichTextDocument1,3376,54042005-42fd-4458-a7af-401d40b8c065,24,4160,4160,6536,4436,9.70,7.38,7.65,24.73
418feb2d-0819-472f-8ac8-4c9ca3858773,NewRichTextDocument1,3377,ca26b38c-3e8a-47fc-91f8-83f3333f32ef,24,3842,3842,6233,4128,9.15,6.82,7.10,23.07
418feb2d-0819-472f-8ac8-4c9ca3858773,NewRichTextDocument1,3378,82dc6be6-f9f0-4ee0-98a8-4df5721ae819,24,3149,3149,5511,3425,7.86,5.56,5.83,19.25
418feb2d-0819-472f-8ac8-4c9ca3858773,NewRichTextDocument1,3379,36511fec-0e82-4b18-b1a0-6f9c3176b1d7,24,2703,2703,5055,2983,7.03,4.74,5.01,16.78
418feb2d-0819-472f-8ac8-4c9ca3858773,NewRichTextDocument1,3380,16031779-a7c0-41c2-bf49-830afaa38435,24,3640,3640,6089,3958,7.95,5.57,5.87,19.38
418feb2d-0819-472f-8ac8-4c9ca3858773,NewRichTextDocument1,3381,c997682e-1aa3-4ddb-9954-1aa854d3b864,24,5248,5248,7683,5413,10.42,8.04,8.20,26.66
418feb2d-0819-472f-8ac8-4c9ca3858773,NewRichTextDocument1,3382,10025fec-1095-417a-921c-4149bfb4804d,24,5287,5287,7782,5482,10.89,8.46,8.64,27.99
418feb2d-0819-472f-8ac8-4c9ca3858773,NewRichTextDocument1,3383,800bdbf8-033f-44c7-9441-18aabc522d34,24,3978,3978,6411,4153,8.65,6.28,6.45,21.38
418feb2d-0819-472f-8ac8-4c9ca3858773,NewRichTextDocument1,3384,472ac8be-35e7-462a-b163-a740cc551394,24,3195,3195,5597,3360,7.23,4.88,5.04,17.15
418feb2d-0819-472f-8ac8-4c9ca3858773,NewRichTextDocument1,3385,83c1e5b8-367b-4eb5-88b1-b9a40d7688cb,24,3514,3514,5970,3702,7.70,5.31,5.49,18.50
418feb2d-0819-472f-8ac8-4c9ca3858773,NewRichTextDocument1,3386,bd25c31a-4d3e-46d0-8768-ee580f8aedb2,24,2696,2696,5111,2871,6.52,4.17,4.33,15.01
418feb2d-0819-472f-8ac8-4c9ca3858773,NewRichTextDocument1,3387,a49f2ed1-be33-471a-9d38-095f23dfb9de,24,4662,4662,7104,4837,9.25,6.87,7.04,23.15
418feb2d-0819-472f-8ac8-4c9ca3858773,NewRichTextDocument1,3388,47035482-7dc2-455f-9979-6ea6d01bb251,24,4264,4264,6702,4437,9.14,6.76,6.92,22.82
418feb2d-0819-472f-8ac8-4c9ca3858773,NewRichTextDocument1,3389,01ccf423-0cca-434f-8c87-47f6f0d6b935,24,4080,4080,6456,4225,8.68,6.36,6.50,21.54
418feb2d-0819-472f-8ac8-4c9ca3858773,NewRichTextDocument1,3390,b8611f56-15c0-4ae4-b282-7f00c56786fb,24,5753,5753,8243,5942,10.90,8.47,8.65,28.02
418feb2d-0819-472f-8ac8-4c9ca3858773,NewRichTextDocument1,3391,0bd51d99-51b3-4612-95fd-685a5fb2b9c1,24,3432,3432,5847,3596,7.76,5.41,5.56,18.73
418feb2d-0819-472f-8ac8-4c9ca3858773,NewRichTextDocument1,3392,c9305b31-dddf-45d7-85f7-235979e406d7,24,4563,4563,7027,4748,9.60,7.21,7.38,24.19
418feb2d-0819-472f-8ac8-4c9ca3858773,NewRichTextDocument1,3393,cceca692-4158-4a87-a23f-01681f9efce5,24,2982,2982,5491,3202,6.94,4.50,4.70,16.15
418feb2d-0819-472f-8ac8-4c9ca3858773,NewRichTextDocument1,3394,9ca31100-595f-4a0e-8d63-2148168aea90,24,3981,3981,6444,4171,8.71,6.32,6.49,21.52
418feb2d-0819-472f-8ac8-4c9ca3858773,NewRichTextDocument1,3395,5dea7150-47e0-4fc4-8a83-53324deb91fc,24,4719,4719,7261,4942,9.58,7.11,7.31,24.00
418feb2d-0819-472f-8ac8-4c9ca3858773,NewRichTextDocument1,3396,b6287c87-caf1-4f3b-b111-7f72665ef06e,24,4497,4497,6938,4672,9.45,7.08,7.24,23.77
418feb2d-0819-472f-8ac8-4c9ca3858773,NewRichTextDocument1,3397,85924fbe-6409-4067-980a-28403d85365d,24,10504,10504,13782,11185,21.17,18.05,18.63,57.85
418feb2d-0819-472f-8ac8-4c9ca3858773,NewRichTextDocument1,3398,a80b62cb-ba0a-4ac0-8c3b-03c3dd630b51,24,6953,6953,9941,7383,15.03,12.17,12.53,39.72
418feb2d-0819-472f-8ac8-4c9ca3858773,NewRichTextDocument1,3399,affff52a-3494-4648-ab27-2d256f54dbaf,5,494,494,1041,656,1.41,0.88,1.04,3.33
